DATA,MODELO,QTDE,Canais,UF,SEGMENTO,VALOR BRUTO,TAXAS,FRETE,Imposto_NF,Custo Variavel Total,Resultado Operacional,NFe (Numero/Serie)
04/01/2024,AHIG0840 - Branco 220V,2,Mercado Livre - Envios,RO,Beleza,"R$ 928,62","R$ 157,86","R$ 46,90","R$ 133,26","R$ 312,04","R$ 278,56",0
04/01/2024,AHIG0840 - Branco 220V,1,Mercado Livre - Envios,DF,Beleza,"R$ 464,31","R$ 78,93","R$ 23,45","R$ 66,63","R$ 156,02","R$ 139,28",0
04/01/2024,AHIG0434 - Preto 127V,1,Mercado Livre - Envios,SP,Beleza,"R$ 464,31","R$ 78,93","R$ 23,45","R$ 66,63","R$ 156,02","R$ 139,28",0
04/01/2024,AHIG0414 - Roxo 220V,1,Mercado Livre - Envios,SP,Beleza,"R$ 464,31","R$ 78,93","R$ 23,45","R$ 66,63","R$ 156,02","R$ 139,28",0
04/01/2024,AHIG0434 - Preto 127V,1,Loja Integrada - PagSeguro,SP,Beleza,"R$ 445,62","R$ 55,32","R$ 16,62","R$ 63,95","R$ 156,02","R$ 153,71",0
04/01/2024,AHIG0435 - Preto 220V,1,Loja Integrada - Pix,SP,Beleza,"R$ 436,88","R$ 4,37","R$ 20,75","R$ 62,69","R$ 156,02","R$ 193,05",0
04/01/2024,AHIG0435 - Preto 220V,2,Loja Integrada - PagSeguro,MG,Beleza,"R$ 921,23","R$ 114,16","R$ 63,23","R$ 132,20","R$ 312,04","R$ 299,60",0
04/01/2024,AHIG0434 - Preto 127V,1,Loja Integrada - PagSeguro,SP,Beleza,"R$ 445,62","R$ 55,32","R$ 16,62","R$ 63,95","R$ 156,02","R$ 153,71",0
04/01/2024,AHIG0435 - Preto 220V,2,Mercado Livre - Envios,GO,Beleza,"R$ 928,60","R$ 106,26","R$ 46,90","R$ 133,25","R$ 312,04","R$ 330,15",0
04/01/2024,AHIG0840 - Branco 220V,1,Mercado Livre - Envios,RS,Beleza,"R$ 469,00","R$ 79,73","R$ 23,45","R$ 67,30","R$ 156,02","R$ 142,50",0
04/01/2024,AHIG0435 - Preto 220V,1,Mercado Livre - Envios,MG,Beleza,"R$ 469,00","R$ 79,73","R$ 23,45","R$ 67,30","R$ 156,02","R$ 142,50",0
04/01/2024,AHIG0434 - Preto 127V,1,Mercado Livre - Envios,SP,Beleza,"R$ 469,00","R$ 79,73","R$ 23,45","R$ 67,30","R$ 156,02","R$ 142,50",0
04/01/2024,AHIG0435 - Preto 220V,1,Loja Integrada - Pix,PI,Beleza,"R$ 483,97","R$ 4,84","R$ 67,84","R$ 69,45","R$ 156,02","R$ 185,82",0
05/01/2024,AHIG0434 - Preto 127V,2,Loja Integrada - Pix,AM,Beleza,"R$ 893,20","R$ 8,93","R$ 60,94","R$ 128,17","R$ 312,04","R$ 383,12",0
05/01/2024,AHIG0434 - Preto 127V,2,Loja Integrada - PagSeguro,MT,Beleza,"R$ 901,13","R$ 111,67","R$ 43,13","R$ 129,31","R$ 312,04","R$ 304,98",0
05/01/2024,AHIG0434 - Preto 127V,1,Mercado Livre - Envios,RJ,Beleza,"R$ 469,00","R$ 79,73","R$ 23,45","R$ 67,30","R$ 156,02","R$ 142,50",0
05/01/2024,AHIG0434 - Preto 127V,1,Mercado Livre - Envios,SP,Beleza,"R$ 469,00","R$ 79,73","R$ 23,45","R$ 67,30","R$ 156,02","R$ 142,50",0
06/01/2024,AHIG0434 - Preto 127V,1,Loja Integrada - PagSeguro,SP,Beleza,"R$ 449,75","R$ 55,84","R$ 20,75","R$ 64,54","R$ 156,02","R$ 152,60",0
06/01/2024,AHIG0434 - Preto 127V,1,Shopee,SP,Beleza,"R$ 469,00","R$ 96,80","R$ 0,00","R$ 67,30","R$ 156,02","R$ 148,88",0
06/01/2024,AHIG0434 - Preto 127V,1,Mercado Livre - Envios,MG,Beleza,"R$ 469,00","R$ 79,73","R$ 23,45","R$ 67,30","R$ 156,02","R$ 142,50",0
07/01/2024,AHIG0435 - Preto 220V,1,Mercado Livre - Envios,PE,Beleza,"R$ 469,00","R$ 79,73","R$ 23,45","R$ 67,30","R$ 156,02","R$ 142,50",0
07/01/2024,AHIG0414 - Roxo 220V,1,Mercado Livre - Envios,PE,Beleza,"R$ 491,43","R$ 79,73","R$ 45,88","R$ 70,52","R$ 156,02","R$ 139,28",0
08/01/2024,AHIG0435 - Preto 220V,1,Mercado Livre - Envios,SC,Beleza,"R$ 469,00","R$ 79,73","R$ 23,45","R$ 67,30","R$ 156,02","R$ 142,50",0
08/01/2024,AHIG0434 - Preto 127V,2,Loja Integrada - PagSeguro,SE,Beleza,"R$ 891,37","R$ 110,47","R$ 60,94","R$ 127,91","R$ 312,04","R$ 280,01",0
08/01/2024,AHIG0435 - Preto 220V,1,Mercado Livre - Envios,SP,Beleza,"R$ 469,00","R$ 79,73","R$ 23,45","R$ 67,30","R$ 156,02","R$ 142,50",0
08/01/2024,AHIG0435 - Preto 220V,1,Loja Integrada - PagSeguro,DF,Beleza,"R$ 461,30","R$ 57,27","R$ 32,30","R$ 66,20","R$ 156,02","R$ 149,51",0
09/01/2024,AHIG0839 - Branco 127V,1,Mercado Livre - Envios,ES,Beleza,"R$ 469,00","R$ 79,73","R$ 23,45","R$ 67,30","R$ 156,02","R$ 142,50",0
09/01/2024,AHIG0435 - Preto 220V,1,Mercado Livre - Envios,PR,Beleza,"R$ 469,00","R$ 79,73","R$ 23,45","R$ 67,30","R$ 156,02","R$ 142,50",0
09/01/2024,AHIG0434 - Preto 127V,1,Mercado Livre - Envios,ES,Beleza,"R$ 469,00","R$ 79,73","R$ 23,45","R$ 67,30","R$ 156,02","R$ 142,50",0
09/01/2024,AHIG0434 - Preto 127V,1,Mercado Livre - Envios,SC,Beleza,"R$ 469,00","R$ 79,73","R$ 23,45","R$ 67,30","R$ 156,02","R$ 142,50",0
10/01/2024,AHIG0412 - Roxo 127V,5,Mercado Livre - Envios,RJ,Beleza,"R$ 2.185,00","R$ 190,95","R$ 117,25","R$ 313,55","R$ 780,10","R$ 783,15",0
10/01/2024,AHIG0435 - Preto 220V,1,Mercado Livre - Envios,SC,Beleza,"R$ 469,00","R$ 79,73","R$ 23,45","R$ 67,30","R$ 156,02","R$ 142,50",0
11/01/2024,AHIG0435 - Preto 220V,1,Loja Integrada - PagSeguro,DF,Beleza,"R$ 436,14","R$ 36,44","R$ 20,63","R$ 62,59","R$ 156,02","R$ 160,46",0
11/01/2024,AHIG0435 - Preto 220V,2,Loja Integrada - PagSeguro,MG,Beleza,"R$ 921,23","R$ 114,16","R$ 63,23","R$ 132,20","R$ 312,04","R$ 299,60",0
12/01/2024,AHIG0434 - Preto 127V,2,Loja Integrada - PagSeguro,MG,Beleza,"R$ 895,50","R$ 110,97","R$ 37,50","R$ 128,50","R$ 312,04","R$ 306,49",0
12/01/2024,AHIG0434 - Preto 127V,1,Mercado Livre - Envios,SE,Beleza,"R$ 499,00","R$ 84,83","R$ 23,45","R$ 71,61","R$ 156,02","R$ 163,09",0
13/01/2024,AHIG0435 - Preto 220V,1,Mercado Livre - Envios,MA,Beleza,"R$ 499,00","R$ 84,83","R$ 23,45","R$ 71,61","R$ 156,02","R$ 163,09",0
13/01/2024,AHIG0840 - Branco 220V,1,Mercado Livre - Envios,RS,Beleza,"R$ 499,00","R$ 84,83","R$ 23,45","R$ 71,61","R$ 156,02","R$ 163,09",0
14/01/2024,AHIG0435 - Preto 220V,1,Mercado Livre - Envios,BA,Beleza,"R$ 499,00","R$ 84,83","R$ 23,45","R$ 71,61","R$ 156,02","R$ 163,09",0
15/01/2024,AHIG0435 - Preto 220V,1,Mercado Livre - Envios,PR,Beleza,"R$ 499,00","R$ 84,83","R$ 24,95","R$ 71,61","R$ 156,02","R$ 161,59",0
16/01/2024,AHIG0435 - Preto 220V,1,Mercado Livre - Envios,SC,Beleza,"R$ 499,00","R$ 84,83","R$ 24,95","R$ 71,61","R$ 156,02","R$ 161,59",0
16/01/2024,AHIG0435 - Preto 220V,1,Shopee,SP,Beleza,"R$ 515,11","R$ 102,80","R$ 16,11","R$ 73,92","R$ 156,02","R$ 166,26",0
17/01/2024,AHIG0434 - Preto 127V,1,Mercado Livre - Envios,SP,Beleza,"R$ 499,00","R$ 84,83","R$ 24,95","R$ 71,61","R$ 156,02","R$ 161,59",0
17/01/2024,AHIG0434 - Preto 127V,1,Mercado Livre - Envios,RR,Beleza,"R$ 520,43","R$ 84,83","R$ 46,38","R$ 74,68","R$ 156,02","R$ 158,52",0
17/01/2024,AHIG0434 - Preto 127V,1,Mercado Livre - Envios,ES,Beleza,"R$ 499,00","R$ 84,83","R$ 24,95","R$ 71,61","R$ 156,02","R$ 161,59",0
18/01/2024,AHIG0435 - Preto 220V,1,Mercado Livre - Envios,SC,Beleza,"R$ 499,00","R$ 84,83","R$ 24,95","R$ 71,61","R$ 156,02","R$ 161,59",0
18/01/2024,AHIG0434 - Preto 127V,1,Mercado Livre - Envios,MT,Beleza,"R$ 499,00","R$ 84,83","R$ 24,95","R$ 71,61","R$ 156,02","R$ 161,59",0
19/01/2024,AHIG0435 - Preto 220V,5,Venda direta,SP,Beleza,"R$ 2.254,00","R$ 0,00","R$ 58,99","R$ 323,45","R$ 780,10","R$ 1.091,46",0
20/01/2024,AHIG0434 - Preto 127V,1,Mercado Livre - Envios,BA,Beleza,"R$ 499,00","R$ 84,83","R$ 24,95","R$ 71,61","R$ 156,02","R$ 161,59",0
21/01/2024,AHIG0840 - Branco 220V,1,Shopee,TO,Beleza,"R$ 531,83","R$ 102,80","R$ 32,83","R$ 76,32","R$ 156,02","R$ 163,86",0
22/01/2024,AHIG0434 - Preto 127V,1,Mercado Livre - Envios,SP,Beleza,"R$ 499,00","R$ 84,83","R$ 24,95","R$ 71,61","R$ 156,02","R$ 161,59",0
22/01/2024,AHIG0434 - Preto 127V,1,Distribuidor,SP,Beleza,"R$ 275,00","R$ 0,00","R$ 0,00","R$ 71,42","R$ 156,02","R$ 47,56",0
22/01/2024,AHIG0435 - Preto 220V,1,Mercado Livre - Envios,SP,Beleza,"R$ 498,52","R$ 84,75","R$ 24,95","R$ 71,54","R$ 156,02","R$ 161,26",0
22/01/2024,AHIG0435 - Preto 220V,1,Loja Integrada - Pix,CE,Beleza,"R$ 471,01","R$ 4,71","R$ 25,78","R$ 67,59","R$ 156,02","R$ 216,91",0
23/01/2024,AHIG0435 - Preto 220V,1,Shopee,PR,Beleza,"R$ 507,63","R$ 102,80","R$ 8,63","R$ 72,84","R$ 156,02","R$ 167,34",0
23/01/2024,AHIG0435 - Preto 220V,1,Mercado Livre - Envios,SP,Beleza,"R$ 498,52","R$ 84,75","R$ 24,95","R$ 71,54","R$ 156,02","R$ 161,26",0
23/01/2024,AHIG0435 - Preto 220V,1,Mercado Livre - Envios,TO,Beleza,"R$ 499,00","R$ 84,83","R$ 24,95","R$ 71,61","R$ 156,02","R$ 161,59",0
24/01/2024,AHIG0840 - Branco 220V,1,Mercado Livre,RJ,Beleza,"R$ 499,00","R$ 84,83","R$ 24,95","R$ 71,61","R$ 156,02","R$ 161,59",0
25/01/2024,AHIG0435 - Preto 220V,1,Loja Integrada - Pix,SP,Beleza,"R$ 461,85","R$ 4,62","R$ 16,62","R$ 66,28","R$ 156,02","R$ 218,31",0
25/01/2024,AHIG0434 - Preto 127V,1,Loja Integrada - PagSeguro,SP,Beleza,"R$ 479,75","R$ 59,54","R$ 20,75","R$ 68,84","R$ 156,02","R$ 174,60",0
25/01/2024,AHIG0435 - Preto 220V,1,Mercado Livre - Envios,PR,Beleza,"R$ 499,00","R$ 84,83","R$ 24,95","R$ 71,61","R$ 156,02","R$ 161,59",0
26/01/2024,AHIG0434 - Preto 127V,1,Mercado Livre - Envios,RS,Beleza,"R$ 498,52","R$ 84,75","R$ 24,95","R$ 71,54","R$ 156,02","R$ 161,26",0
26/01/2024,AHIG0434 - Preto 127V,1,Mercado Livre - Envios,SP,Beleza,"R$ 499,00","R$ 84,83","R$ 24,95","R$ 71,61","R$ 156,02","R$ 161,59",0
27/01/2024,AHIG0412 - Roxo 127V,1,Mercado Livre - Envios,SP,Beleza,"R$ 499,95","R$ 59,99","R$ 24,95","R$ 71,74","R$ 156,02","R$ 187,25",0
29/01/2024,AHIG0434 - Preto 127V,1,Distribuidor,SP,Beleza,"R$ 275,00","R$ 0,00","R$ 0,00","R$ 71,42","R$ 156,02","R$ 47,56",0
29/01/2024,AHIG0435 - Preto 220V,1,Mercado Livre - Envios,SP,Beleza,"R$ 499,00","R$ 84,83","R$ 25,95","R$ 71,61","R$ 156,02","R$ 160,59",0
29/01/2024,AHIG0434 - Preto 127V,1,Mercado Livre - Envios,SP,Beleza,"R$ 498,52","R$ 84,75","R$ 24,95","R$ 71,54","R$ 156,02","R$ 161,26",0
30/01/2024,AHIG0435 - Preto 220V,1,Mercado Livre - Envios,SP,Beleza,"R$ 499,00","R$ 84,83","R$ 25,95","R$ 71,61","R$ 156,02","R$ 160,59",79/3
30/01/2024,AHIG0435 - Preto 220V,1,Mercado Livre - Envios,SP,Beleza,"R$ 499,00","R$ 84,83","R$ 25,95","R$ 71,61","R$ 156,02","R$ 160,59",81/3
30/01/2024,AHIG0435 - Preto 220V,1,Shopee,GO,Beleza,"R$ 499,00","R$ 102,80","R$ 0,00","R$ 71,61","R$ 156,02","R$ 168,57",
30/01/2024,AHIG0435 - Preto 220V,1,Mercado Livre - Envios,DF,Beleza,"R$ 499,00","R$ 84,83","R$ 25,95","R$ 71,61","R$ 156,02","R$ 160,59",85/3
30/01/2024,AHIG0435 - Preto 220V,1,Mercado Livre - Envios,RS,Beleza,"R$ 499,00","R$ 84,83","R$ 25,95","R$ 71,61","R$ 156,02","R$ 160,59",83/3
30/01/2024,AHIG0435 - Preto 220V,1,Loja Integrada - PagSeguro,SP,Beleza,"R$ 479,75","R$ 59,54","R$ 20,75","R$ 68,84","R$ 156,02","R$ 174,60",
30/01/2024,AHIG0435 - Preto 220V,3,Loja Integrada - PagSeguro,PR,Beleza,"R$ 1.422,70","R$ 118,43","R$ 45,70","R$ 204,16","R$ 468,06","R$ 586,35",
31/01/2024,AHIG0435 - Preto 220V,1,Mercado Livre - Envios,SP,Beleza,"R$ 499,00","R$ 84,83","R$ 25,95","R$ 71,61","R$ 156,02","R$ 160,59",87/3
31/01/2024,CTAP1303 - Tampa Roxa Shiva,1,Loja Integrada - Pix,SP,Beleza,"R$ 45,38","R$ 0,45","R$ 16,28","R$ 6,51","R$ 0,00","R$ 22,14",
31/01/2024,AHIG0435 - Preto 220V,1,Mercado Livre - Envios,GO,Beleza,"R$ 499,00","R$ 84,83","R$ 25,95","R$ 71,61","R$ 156,02","R$ 160,59",89/3
31/01/2024,AHIG0435 - Preto 220V,1,Mercado Livre - Envios,SP,Beleza,"R$ 499,00","R$ 84,83","R$ 25,95","R$ 71,61","R$ 156,02","R$ 160,59",92/3
01/02/2024,AHIG0435 - Preto 220V,1,Mercado Livre - Envios,PE,Beleza,"R$ 498,52","R$ 84,75","R$ 24,95","R$ 71,54","R$ 156,02","R$ 161,26",766/2
01/02/2024,AHIG0435 - Preto 220V,1,Mercado Livre - FULL,BA,Beleza,"R$ 499,00","R$ 84,83","R$ 25,95","R$ 71,61","R$ 156,02","R$ 160,59",94/3
01/02/2024,AHIG0434 - Preto 127V,1,Mercado Livre - Envios,SP,Beleza,"R$ 498,52","R$ 84,75","R$ 24,95","R$ 71,54","R$ 156,02","R$ 161,26",767/2
02/02/2024,AHIG0435 - Preto 220V,2,Mercado Livre - FULL,PI,Beleza,"R$ 998,00","R$ 169,66","R$ 51,90","R$ 143,21","R$ 312,04","R$ 321,19",97/3
02/02/2024,AHIG0434 - Preto 127V,1,Shopee,ES,Beleza,"R$ 520,58","R$ 102,80","R$ 21,58","R$ 74,70","R$ 156,02","R$ 165,48",/2
02/02/2024,AHIG0435 - Preto 220V,1,Mercado Livre - FULL,GO,Beleza,"R$ 499,00","R$ 84,83","R$ 25,95","R$ 71,61","R$ 156,02","R$ 160,59",99/3
02/02/2024,AHIG0840 - Branco 220V,1,Loja integrada - Pix,GO,Beleza,"R$ 465,86","R$ 4,66","R$ 20,63","R$ 66,85","R$ 156,02","R$ 217,70",92741/1
03/02/2024,AHIG0435 - Preto 220V,1,Mercado Livre - FULL,SP,Beleza,"R$ 499,00","R$ 84,83","R$ 25,95","R$ 71,61","R$ 156,02","R$ 160,59",101/3
04/02/2024,AHIG0435 - Preto 220V,1,Mercado Livre - FULL,SP,Beleza,"R$ 499,00","R$ 84,83","R$ 25,95","R$ 71,61","R$ 156,02","R$ 160,59",103/3
05/02/2024,AHIG0434 - Preto 127V,1,Distribuidor,SP,Beleza,"R$ 275,00","R$ 0,00","R$ 0,00","R$ 71,42","R$ 156,02","R$ 47,56",92676/1
05/02/2024,AHIG0412 - Roxo 127V,1,Shopee,MG,Beleza,"R$ 499,00","R$ 102,80","R$ 0,00","R$ 71,61","R$ 156,02","R$ 168,57",/2
06/02/2024,AHIG0435 - Preto 220V,1,Mercado Livre - FULL,MA,Beleza,"R$ 499,00","R$ 84,83","R$ 25,95","R$ 71,61","R$ 156,02","R$ 160,59",109/3
06/02/2024,AHIG0435 - Preto 220V,0,Mercado Livre - FULL,SP,Beleza,"R$ 0,00","R$ 0,00","R$ 0,00","R$ 0,00","R$ 0,00","R$ 0,00",115/3
07/02/2024,AHIG0434 - Preto 127V,1,Loja Integrada - PagSeguro,MG,Beleza,"R$ 485,37","R$ 60,24","R$ 26,37","R$ 69,65","R$ 156,02","R$ 173,09",
07/02/2024,AHIG0435 - Preto 220V,1,Mercado Livre - FULL,DF,Beleza,"R$ 499,00","R$ 84,83","R$ 25,95","R$ 71,61","R$ 156,02","R$ 160,59",117/3
08/02/2024,AHIG0434 - Preto 127V,1,Distribuidor,SP,Beleza,"R$ 275,00","R$ 0,00","R$ 0,00","R$ 71,42","R$ 156,02","R$ 47,56",92778/1
08/02/2024,AHIG0414 - Roxo 220V,1,Mercado Livre - Envios,CE,Beleza,"R$ 499,00","R$ 84,83","R$ 24,95","R$ 71,61","R$ 156,02","R$ 161,59",770/2
08/02/2024,AHIG0435 - Preto 220V,1,Loja integrada - Pix,SP,Beleza,"R$ 465,98","R$ 4,66","R$ 20,75","R$ 66,87","R$ 156,02","R$ 217,68",92792/1
08/02/2024,AHIG0435 - Preto 220V,1,Mercado Livre - FULL,SP,Beleza,"R$ 499,00","R$ 84,83","R$ 25,95","R$ 71,61","R$ 156,02","R$ 160,59",122/3
09/02/2024,AHIG0435 - Preto 220V,1,Mercado Livre - FULL,SP,Beleza,"R$ 499,00","R$ 84,83","R$ 25,95","R$ 71,61","R$ 156,02","R$ 160,59",124/3
09/02/2024,AHIG0435 - Preto 220V,1,Mercado Livre - FULL,SP,Beleza,"R$ 499,00","R$ 84,83","R$ 25,95","R$ 71,61","R$ 156,02","R$ 160,59",128/3
09/02/2024,AHIG0412 - Roxo 127V,1,Mercado Livre - Envios,PA,Beleza,"R$ 499,00","R$ 84,83","R$ 24,95","R$ 71,61","R$ 156,02","R$ 161,59",208/3
11/02/2024,AHIG0435 - Preto 220V,1,Mercado Livre - FULL,MA,Beleza,"R$ 499,00","R$ 84,83","R$ 25,95","R$ 71,61","R$ 156,02","R$ 160,59",130/3
12/02/2024,AHIG0412 - Roxo 127V,1,Mercado Livre - Envios,SP,Beleza,"R$ 499,00","R$ 84,83","R$ 24,95","R$ 71,61","R$ 156,02","R$ 161,59",207/3
13/02/2024,AHIG0435 - Preto 220V,1,Mercado Livre - FULL,SP,Beleza,"R$ 499,00","R$ 84,83","R$ 25,95","R$ 71,61","R$ 156,02","R$ 160,59",204/3
13/02/2024,AHIG0434 - Preto 127V,1,Loja Integrada - PagSeguro,RJ,Beleza,"R$ 479,63","R$ 59,83","R$ 20,63","R$ 68,83","R$ 156,02","R$ 174,32",94730/1
14/02/2024,AHIG0840 - Branco 220V,1,Loja Integrada - PagSeguro,RS,Beleza,"R$ 479,60","R$ 59,53","R$ 20,63","R$ 68,82","R$ 156,02","R$ 174,60",94729/1
14/02/2024,AHIG0435 - Preto 220V,2,Loja Integrada - PagSeguro,GO,Beleza,"R$ 981,23","R$ 121,58","R$ 63,23","R$ 140,81","R$ 312,04","R$ 343,57",94731/1
15/02/2024,AHIG0435 - Preto 220V,1,Mercado Livre - FULL,GO,Beleza,"R$ 499,00","R$ 84,83","R$ 25,95","R$ 71,61","R$ 156,02","R$ 160,59",211/3
16/02/2024,AHIG0434 - Preto 127V,1,Distribuidor,SP,Beleza,"R$ 275,00","R$ 0,00","R$ 0,00","R$ 71,42","R$ 156,02","R$ 47,56",92926/1
17/02/2024,AHIG0434 - Preto 127V,1,Distribuidor,SP,Beleza,"R$ 275,00","R$ 0,00","R$ 0,00","R$ 71,42","R$ 156,02","R$ 47,56",92967/1
17/02/2024,AHIG0435 - Preto 220V,1,Mercado Livre - FULL,BA,Beleza,"R$ 499,00","R$ 84,83","R$ 25,95","R$ 71,61","R$ 156,02","R$ 160,59",213/3
18/02/2024,AHIG0434 - Preto 127V,1,Mercado Livre - FULL,ES,Beleza,"R$ 499,00","R$ 84,83","R$ 25,95","R$ 71,61","R$ 156,02","R$ 160,59",215/3
19/02/2024,AHIG0434 - Preto 127V,1,Mercado Livre - FULL,SP,Beleza,"R$ 499,00","R$ 84,83","R$ 25,95","R$ 71,61","R$ 156,02","R$ 160,59",217/3
19/02/2024,AHIG0435 - Preto 220V,2,Loja Integrada - PagSeguro,SP,Beleza,"R$ 898,62","R$ 111,35","R$ 26,52","R$ 128,95","R$ 312,04","R$ 319,76",775/2
19/02/2024,AHIG0434 - Preto 127V,1,Loja integrada - Pix,SP,Beleza,"R$ 459,00","R$ 4,66","R$ 20,75","R$ 65,87","R$ 156,02","R$ 211,70",776/2
20/02/2024,AHIG0839 - Branco 127V,1,Mercado Livre - FULL,SP,Beleza,"R$ 499,00","R$ 84,83","R$ 25,95","R$ 71,61","R$ 156,02","R$ 160,59",223/3
20/02/2024,AHIG0412 - Roxo 127V,1,Mercado Livre - FULL,RO,Beleza,"R$ 499,00","R$ 84,83","R$ 25,95","R$ 71,61","R$ 156,02","R$ 160,59",227/3
21/02/2024,AHIG0435 - Preto 220V,1,Mercado Livre - FULL,DF,Beleza,"R$ 499,00","R$ 84,83","R$ 25,95","R$ 71,61","R$ 156,02","R$ 160,59",230/3
21/02/2024,AHIG0435 - Preto 220V,1,Mercado Livre - FULL,SP,Beleza,"R$ 499,00","R$ 84,83","R$ 25,95","R$ 71,61","R$ 156,02","R$ 160,59",232/3
21/02/2024,AHIG0434 - Preto 127V,1,Mercado Livre - FULL,SP,Beleza,"R$ 499,00","R$ 84,83","R$ 25,95","R$ 71,61","R$ 156,02","R$ 160,59",234/3
22/02/2024,AHIG0434 - Preto 127V,1,Mercado Livre - FULL,RJ,Beleza,"R$ 499,00","R$ 84,33","R$ 25,95","R$ 71,61","R$ 156,02","R$ 161,09",236/3
22/02/2024,AHIG0434 - Preto 127V,1,Mercado Livre - FULL,ES,Beleza,"R$ 499,00","R$ 84,33","R$ 25,95","R$ 71,61","R$ 156,02","R$ 161,09",238/3
22/02/2024,AHIG0435 - Preto 220V,1,Mercado Livre - FULL,PE,Beleza,"R$ 499,00","R$ 84,83","R$ 25,95","R$ 71,61","R$ 156,02","R$ 160,59",240/3
23/02/2024,AHIG0414 - Roxo 220V,2,Mercado Livre - Envios,MA,Beleza,"R$ 998,00","R$ 169,66","R$ 49,90","R$ 143,21","R$ 312,04","R$ 323,19",241/3
23/02/2024,AHIG0839 - Branco 127V,1,Loja integrada - Pix,SP,Beleza,"R$ 461,85","R$ 4,62","R$ 16,62","R$ 66,28","R$ 156,02","R$ 218,31",777/2
23/02/2024,AHIG0434 - Preto 127V,1,Distribuidor,SP,Beleza,"R$ 275,00","R$ 0,00","R$ 0,00","R$ 71,42","R$ 156,02","R$ 47,56",/1
24/02/2024,AHIG0434 - Preto 127V,1,Mercado Livre - FULL,SP,Beleza,"R$ 499,00","R$ 84,83","R$ 25,95","R$ 71,61","R$ 156,02","R$ 160,59",247/3
24/02/2024,AHIG0434 - Preto 127V,1,Mercado Livre - FULL,SP,Beleza,"R$ 499,00","R$ 84,83","R$ 25,95","R$ 71,61","R$ 156,02","R$ 160,59",245/3
24/02/2024,AHIG0435 - Preto 220V,1,Mercado Livre - FULL,SP,Beleza,"R$ 499,00","R$ 84,83","R$ 25,95","R$ 71,61","R$ 156,02","R$ 160,59",243/3
26/02/2024,AHIG0435 - Preto 220V,1,Mercado Livre - FULL,PE,Beleza,"R$ 499,00","R$ 84,83","R$ 25,95","R$ 71,61","R$ 156,02","R$ 160,59",250/3
26/02/2024,AHIG0412 - Roxo 127V,1,Casas Bahia,SP,Beleza,"R$ 499,00","R$ 84,83","R$ 0,00","R$ 71,61","R$ 156,02","R$ 186,54",778/2
27/02/2024,AHIG0434 - Preto 127V,1,Distribuidor,SP,Beleza,"R$ 293,00","R$ 0,00","R$ 0,00","R$ 76,09","R$ 156,02","R$ 60,89",93155/1
27/02/2024,AHIG0434 - Preto 127V,1,Mercado Livre - FULL,SP,Beleza,"R$ 499,00","R$ 84,83","R$ 25,95","R$ 71,61","R$ 156,02","R$ 160,59",252/3
27/02/2024,AHIG0435 - Preto 220V,1,Mercado Livre - FULL,RS,Beleza,"R$ 499,00","R$ 84,83","R$ 25,95","R$ 71,61","R$ 156,02","R$ 160,59",254/3
28/02/2024,AHIG0434 - Preto 127V,1,Mercado Livre - FULL,MG,Beleza,"R$ 499,00","R$ 84,83","R$ 25,95","R$ 71,61","R$ 156,02","R$ 160,59",258/3
28/02/2024,AHIG0839 - Branco 127V,1,Americanas,MG,Beleza,"R$ 499,00","R$ 84,83","R$ 0,00","R$ 71,61","R$ 156,02","R$ 186,54",780/2
29/02/2024,AHIG0435 - Preto 220V,8,Distribuidor,SP,Beleza,"R$ 1.762,00","R$ 0,00","R$ 67,50","R$ 457,59","R$ 1.248,16","-R$ 11,25",93224/1
29/02/2024,AHIG0435 - Preto 220V,1,Mercado Livre - FULL,DF,Beleza,"R$ 499,00","R$ 84,83","R$ 25,95","R$ 71,61","R$ 156,02","R$ 160,59",260/3
29/02/2024,AHIG0435 - Preto 220V,1,Mercado Livre - FULL,PB,Beleza,"R$ 499,00","R$ 84,83","R$ 25,95","R$ 71,61","R$ 151,87","R$ 164,74",262/3
01/03/2024,AHIG0414 - Roxo 220V,1,Loja integrada - Pix,SP,Beleza,"R$ 461,85","R$ 4,62","R$ 16,62","R$ 66,28","R$ 151,87","R$ 222,46",782/2
02/03/2024,AHIG0434 - Preto 127V,1,Mercado Livre - FULL,MT,Beleza,"R$ 499,00","R$ 84,83","R$ 25,95","R$ 71,61","R$ 155,36","R$ 161,25",267/3
02/03/2024,AHIG0435 - Preto 220V,1,Mercado Livre - FULL,SC,Beleza,"R$ 499,00","R$ 84,83","R$ 25,95","R$ 71,61","R$ 151,87","R$ 164,74",269/3
02/03/2024,AHIG0435 - Preto 220V,1,Mercado Livre - FULL,GO,Beleza,"R$ 499,00","R$ 84,83","R$ 25,95","R$ 71,61","R$ 151,87","R$ 164,74",271/3
03/03/2024,AHIG0435 - Preto 220V,1,Mercado Livre - FULL,SC,Beleza,"R$ 499,00","R$ 84,83","R$ 25,95","R$ 71,61","R$ 151,87","R$ 164,74",273/3
04/03/2024,AHIG0412 - Roxo 127V,1,Mercado Livre - FULL,MG,Beleza,"R$ 499,00","R$ 84,83","R$ 25,95","R$ 71,61","R$ 150,71","R$ 165,90",265/3
04/03/2024,AHIG0435 - Preto 220V,1,Mercado Livre - FULL,MG,Beleza,"R$ 499,00","R$ 84,83","R$ 25,95","R$ 71,61","R$ 151,87","R$ 164,74",331/3
05/03/2024,AHIG0434 - Preto 127V,16,Distribuidor,SP,Beleza,"R$ 3.524,00","R$ 0,00","R$ 147,00","R$ 915,18","R$ 2.485,76","-R$ 23,94",-
07/03/2024,AHIG0435 - Preto 220V,1,Loja integrada - Pix,DF,Beleza,"R$ 459,00","R$ 4,45","R$ 0,00","R$ 65,87","R$ 151,87","R$ 236,81",783/2
07/03/2024,AHIG0434 - Preto 127V,1,Mercado Livre - FULL,BA,Beleza,"R$ 494,01","R$ 83,98","R$ 25,95","R$ 70,89","R$ 155,36","R$ 157,83",337/3
07/03/2024,AHIG0435 - Preto 220V,1,Mercado Livre - FULL,RS,Beleza,"R$ 494,01","R$ 83,98","R$ 25,95","R$ 70,89","R$ 151,87","R$ 161,32",339/3
08/03/2024,AHIG0412 - Roxo 127V,1,Mercado Livre - FULL,AM,Beleza,"R$ 494,01","R$ 83,98","R$ 25,95","R$ 70,89","R$ 150,71","R$ 162,48",341/3
08/03/2024,AHIG0412 - Roxo 127V,1,Loja Integrada - PagSeguro,RJ,Beleza,"R$ 491,30","R$ 0,00","R$ 32,30","R$ 70,50","R$ 150,71","R$ 237,79",784/2
08/03/2024,AHIG0435 - Preto 220V,1,Mercado Livre - FULL,MG,Beleza,"R$ 494,01","R$ 83,98","R$ 25,95","R$ 70,89","R$ 151,87","R$ 161,32",343/3
09/03/2024,AHIG0840 - Branco 220V,1,Mercado Livre - FULL,PB,Beleza,"R$ 494,01","R$ 83,98","R$ 25,95","R$ 70,89","R$ 152,55","R$ 160,64",347/3
10/03/2024,AHIG0434 - Preto 127V,1,Mercado Livre - Envios,SP,Beleza,"R$ 560,83","R$ 95,34","R$ 24,95","R$ 80,48","R$ 155,36","R$ 204,70",350/3
11/03/2024,AHIG0435 - Preto 220V,1,Loja Integrada - PagSeguro,SP,Beleza,"R$ 459,00","R$ 0,00","R$ 0,00","R$ 65,87","R$ 151,87","R$ 241,26",785/2
12/03/2024,AHIG0435 - Preto 220V,2,Mercado Livre - FULL,PB,Beleza,"R$ 998,00","R$ 169,66","R$ 51,90","R$ 143,21","R$ 303,74","R$ 329,49",354/3
14/03/2024,AHIG0434 - Preto 127V,1,Distribuidor,SP,Beleza,"R$ 196,00","R$ 0,00","R$ 0,00","R$ 50,90","R$ 155,36","-R$ 10,26",-
14/03/2024,AHIG0435 - Preto 220V,1,Mercado Livre - FULL,SP,Beleza,"R$ 499,00","R$ 0,00","R$ 25,95","R$ 71,61","R$ 151,87","R$ 249,57",359/3
14/03/2024,AHIG0435 - Preto 220V,2,Loja integrada - Pix,SC,Beleza,"R$ 890,46","R$ 8,90","R$ 0,00","R$ 127,78","R$ 303,74","R$ 450,04",786/2
14/03/2024,AHIG0435 - Preto 220V,2,Loja integrada - Pix,SC,Beleza,"R$ 890,46","R$ 8,90","R$ 0,00","R$ 127,78","R$ 303,74","R$ 450,04",787/2
15/03/2024,AHIG0434 - Preto 127V,1,Mercado Livre - FULL,PR,Beleza,"R$ 489,02","R$ 83,13","R$ 25,95","R$ 70,17","R$ 155,36","R$ 154,41",363/3
16/03/2024,AHIG0839 - Branco 127V,1,Mercado Livre - FULL,PA,Beleza,"R$ 489,02","R$ 83,13","R$ 25,95","R$ 70,17","R$ 151,40","R$ 158,37",365/3
16/03/2024,AHIG0435 - Preto 220V,1,Mercado Livre - FULL,RS,Beleza,"R$ 489,02","R$ 83,13","R$ 25,95","R$ 70,17","R$ 151,87","R$ 157,90",367/3
18/03/2024,AHIG0839 - Branco 127V,1,Americanas,PR,Beleza,"R$ 499,00","R$ 59,88","R$ 0,00","R$ 71,61","R$ 151,40","R$ 216,11",789/2
18/03/2024,AHIG0434 - Preto 127V,1,Mercado Livre - Envios,SP,Beleza,"R$ 499,00","R$ 84,83","R$ 24,95","R$ 71,61","R$ 155,36","R$ 162,25",370/3
18/03/2024,AHIG0414 - Roxo 220V,1,Mercado Livre - Envios,SC,Beleza,"R$ 499,00","R$ 84,83","R$ 24,95","R$ 71,61","R$ 151,87","R$ 165,74",371/3
18/03/2024,AHIG0434 - Preto 127V,1,Mercado Livre - FULL,SP,Beleza,"R$ 499,00","R$ 84,83","R$ 25,95","R$ 71,61","R$ 155,36","R$ 161,25",373/3
19/03/2024,AHIG0435 - Preto 220V,1,Mercado Livre - FULL,SP,Beleza,"R$ 499,00","R$ 84,83","R$ 25,95","R$ 71,61","R$ 151,87","R$ 164,74",375/3
19/03/2024,AHIG0434 - Preto 127V,1,Mercado Livre - Envios,RJ,Beleza,"R$ 499,00","R$ 84,83","R$ 24,95","R$ 71,61","R$ 155,36","R$ 162,25",376/3
20/03/2024,AHIG0839 - Branco 127V,1,Mercado Livre - FULL,MG,Beleza,"R$ 499,00","R$ 84,83","R$ 25,95","R$ 71,61","R$ 151,40","R$ 165,21",378/3
21/03/2024,AHIG0435 - Preto 220V,1,Mercado Livre - Envios,SP,Beleza,"R$ 499,00","R$ 84,83","R$ 24,95","R$ 71,61","R$ 151,87","R$ 165,74",379/3
21/03/2024,AHIG0435 - Preto 220V,1,Distribuidor,SP,Beleza,"R$ 196,00","R$ 0,00","R$ 0,00","R$ 50,90","R$ 151,87","-R$ 6,77",/1
21/03/2024,AHIG0434 - Preto 127V,1,Mercado Livre - FULL,BA,Beleza,"R$ 499,00","R$ 84,83","R$ 25,95","R$ 71,61","R$ 155,36","R$ 161,25",397/3
21/03/2024,AHIG0434 - Preto 127V,1,Loja Integrada - PagSeguro,MG,Beleza,"R$ 565,32","R$ 77,48","R$ 51,58","R$ 81,12","R$ 155,36","R$ 199,78",790/2
22/03/2024,AHIG0839 - Branco 127V,2,Americanas,RJ,Beleza,"R$ 998,00","R$ 169,66","R$ 0,00","R$ 143,21","R$ 302,80","R$ 382,33",791/2
22/03/2024,AHIG0434 - Preto 127V,1,Mercado Livre - FULL,BA,Beleza,"R$ 499,00","R$ 84,83","R$ 25,95","R$ 71,61","R$ 155,36","R$ 161,25",383/3
22/03/2024,AHIG0435 - Preto 220V,1,Mercado Livre - FULL,SC,Beleza,"R$ 499,00","R$ 84,83","R$ 25,95","R$ 71,61","R$ 151,87","R$ 164,74",385/3
23/03/2024,AHIG0839 - Branco 127V,1,Mercado Livre - Envios,RJ,Beleza,"R$ 512,00","R$ 87,04","R$ 24,95","R$ 73,47","R$ 151,40","R$ 175,14",398/3
24/03/2024,AHIG0434 - Preto 127V,1,Mercado Livre - FULL,MG,Beleza,"R$ 499,00","R$ 84,83","R$ 25,95","R$ 71,61","R$ 155,36","R$ 161,25",387/3
24/03/2024,AHIG0839 - Branco 127V,1,Mercado Livre - FULL,MT,Beleza,"R$ 499,00","R$ 84,83","R$ 25,95","R$ 71,61","R$ 151,40","R$ 165,21",389/3
24/03/2024,AHIG0434 - Preto 127V,1,Mercado Livre - FULL,MG,Beleza,"R$ 499,00","R$ 84,83","R$ 25,95","R$ 71,61","R$ 155,36","R$ 161,25",391/3
24/03/2024,AHIG0435 - Preto 220V,1,Mercado Livre - FULL,SP,Beleza,"R$ 499,00","R$ 84,83","R$ 25,95","R$ 71,61","R$ 151,87","R$ 164,74",393/3
24/03/2024,AHIG0434 - Preto 127V,1,Mercado Livre - FULL,MS,Beleza,"R$ 499,00","R$ 84,83","R$ 25,95","R$ 71,61","R$ 155,36","R$ 161,25",395/3
25/03/2024,AHIG0434 - Preto 127V,1,Mercado Livre - FULL,SP,Beleza,"R$ 499,00","R$ 84,83","R$ 25,95","R$ 71,61","R$ 155,36","R$ 161,25",400/3
25/03/2024,AHIG0435 - Preto 220V,1,Mercado Livre - FULL,SP,Beleza,"R$ 499,00","R$ 84,83","R$ 25,95","R$ 71,61","R$ 151,87","R$ 164,74",404/3
26/03/2024,AHIG0435 - Preto 220V,1,Loja Integrada - PagSeguro,GO,Beleza,"R$ 491,30","R$ 60,97","R$ 32,30","R$ 70,50","R$ 151,87","R$ 175,66",792/2
26/03/2024,AHIG0434 - Preto 127V,1,Shopee,RS,Beleza,"R$ 498,00","R$ 102,60","R$ 0,00","R$ 71,46","R$ 155,36","R$ 168,58",793/2
26/03/2024,AHIG0839 - Branco 127V,1,Mercado Livre - FULL,MG,Beleza,"R$ 499,00","R$ 84,83","R$ 25,95","R$ 71,61","R$ 151,40","R$ 165,21",406/3
26/03/2024,AHIG0434 - Preto 127V,1,Mercado Livre - FULL,SP,Beleza,"R$ 499,00","R$ 84,83","R$ 25,95","R$ 71,61","R$ 155,36","R$ 161,25",408/3
26/03/2024,AHIG0434 - Preto 127V,1,Mercado Livre - FULL,MG,Beleza,"R$ 499,00","R$ 84,83","R$ 25,95","R$ 71,61","R$ 155,36","R$ 161,25",410/3
26/03/2024,AHIG0435 - Preto 220V,1,Mercado Livre - FULL,PA,Beleza,"R$ 499,00","R$ 84,83","R$ 25,95","R$ 71,61","R$ 151,87","R$ 164,74",412/3
27/03/2024,AHIG0839 - Branco 127V,1,Loja Integrada - PagSeguro,SP,Beleza,"R$ 479,75","R$ 59,54","R$ 20,75","R$ 68,84","R$ 151,40","R$ 179,22",794/2
27/03/2024,AHIG0435 - Preto 220V,1,Loja Integrada - PagSeguro,SP,Beleza,"R$ 552,96","R$ 116,26","R$ 0,00","R$ 79,35","R$ 151,87","R$ 205,48",795/2
27/03/2024,AHIG0435 - Preto 220V,1,Mercado Livre - FULL,RS,Beleza,"R$ 499,00","R$ 84,83","R$ 25,95","R$ 71,61","R$ 151,87","R$ 164,74",414/3
28/03/2024,AHIG0434 - Preto 127V,1,Mercado Livre - FULL,PA,Beleza,"R$ 499,00","R$ 84,83","R$ 25,95","R$ 71,61","R$ 155,36","R$ 161,25",419/3
28/03/2024,AHIG0434 - Preto 127V,6,Loja Integrada - PagSeguro,SP,Beleza,"R$ 2.616,30","R$ 104,59","R$ 0,00","R$ 375,44","R$ 932,16","R$ 1.204,11",796/2
28/03/2024,AHIG0435 - Preto 220V,3,Mercado Livre - FULL,SP,Beleza,"R$ 1.497,00","R$ 254,49","R$ 77,85","R$ 214,82","R$ 455,61","R$ 494,23",439/3
28/03/2024,AHIG0839 - Branco 127V,1,Mercado Livre - FULL,MG,Beleza,"R$ 499,00","R$ 84,83","R$ 25,95","R$ 71,61","R$ 151,40","R$ 165,21",427/3
29/03/2024,AHIG0435 - Preto 220V,1,Mercado Livre - FULL,SC,Beleza,"R$ 499,00","R$ 84,83","R$ 25,95","R$ 71,61","R$ 151,87","R$ 164,74",431/3
30/03/2024,AHIG0435 - Preto 220V,1,Mercado Livre - FULL,RS,Beleza,"R$ 499,00","R$ 84,83","R$ 25,95","R$ 71,61","R$ 151,87","R$ 164,74",435/3
30/03/2024,AHIG0434 - Preto 127V,2,Mercado Livre - Envios,MG,Beleza,"R$ 1.024,00","R$ 174,08","R$ 49,90","R$ 146,94","R$ 310,72","R$ 342,36",440/3
30/03/2024,AHIG0435 - Preto 220V,2,Mercado Livre - FULL,PR,Beleza,"R$ 998,00","R$ 169,66","R$ 51,90","R$ 143,21","R$ 312,04","R$ 321,19",437/3
01/04/2024,AHIG0434 - Preto 127V,1,Mercado Livre - FULL,SP,Beleza,"R$ 499,00","R$ 84,83","R$ 25,95","R$ 71,61","R$ 156,02","R$ 160,59",442/3
01/04/2024,AHIG0434 - Preto 127V,1,Mercado Livre - FULL,PA,Beleza,"R$ 499,00","R$ 84,83","R$ 25,95","R$ 71,61","R$ 156,02","R$ 160,59",444/3
02/04/2024,AHIG0434 - Preto 127V,1,Loja integrada - Pix,MG,Beleza,"R$ 445,23","R$ 4,45","R$ 0,00","R$ 63,89","R$ 156,02","R$ 220,87",797/2
02/04/2024,AHIG0434 - Preto 127V,1,Mercado Livre - FULL,SP,Beleza,"R$ 499,00","R$ 84,83","R$ 25,95","R$ 71,61","R$ 156,02","R$ 160,59",449/3
03/04/2024,AHIG0435 - Preto 220V,2,Loja Integrada - PagSeguro,SC,Beleza,"R$ 918,00","R$ 36,72","R$ 39,23","R$ 131,73","R$ 312,04","R$ 398,28",798/2
03/04/2024,AHIG0414 - Roxo 220V,1,Mercado Livre - FULL,MS,Beleza,"R$ 499,00","R$ 84,83","R$ 25,95","R$ 71,61","R$ 156,02","R$ 160,59",451/3
03/04/2024,AHIG0434 - Preto 127V,1,Mercado Livre - FULL,MG,Beleza,"R$ 499,00","R$ 84,83","R$ 25,95","R$ 71,61","R$ 156,02","R$ 160,59",453/3
03/04/2024,AHIG0434 - Preto 127V,1,Mercado Livre - FULL,ES,Beleza,"R$ 499,00","R$ 84,83","R$ 25,95","R$ 71,61","R$ 156,02","R$ 160,59",455/3
03/04/2024,AHIG0840 - Branco 220V,1,Mercado Livre - FULL,SP,Beleza,"R$ 499,00","R$ 84,83","R$ 25,95","R$ 71,61","R$ 156,02","R$ 160,59",459/3
04/04/2024,AHIG0434 - Preto 127V,1,Mercado Livre - FULL,SP,Beleza,"R$ 499,00","R$ 84,83","R$ 25,95","R$ 71,61","R$ 156,02","R$ 160,59",461/3
04/04/2024,AHIG0840 - Branco 220V,1,Mercado Livre - FULL,SC,Beleza,"R$ 499,00","R$ 84,83","R$ 25,95","R$ 71,61","R$ 156,02","R$ 160,59",463/3
04/04/2024,AHIG0434 - Preto 127V,1,Mercado Livre - FULL,MG,Beleza,"R$ 499,00","R$ 84,83","R$ 25,95","R$ 71,61","R$ 156,02","R$ 160,59",467/3
05/04/2024,AHIG0435 - Preto 220V,1,Mercado Livre - FULL,RJ,Beleza,"R$ 499,00","R$ 84,83","R$ 25,95","R$ 71,61","R$ 156,02","R$ 160,59",469/3
05/04/2024,AHIG0434 - Preto 127V,1,Mercado Livre - FULL,MT,Beleza,"R$ 499,00","R$ 84,83","R$ 25,95","R$ 71,61","R$ 156,02","R$ 160,59",471/3
05/04/2024,AHIG0435 - Preto 220V,1,Mercado Livre - FULL,PE,Beleza,"R$ 499,00","R$ 84,83","R$ 25,95","R$ 71,61","R$ 156,02","R$ 160,59",473/3
05/04/2024,AHIG0435 - Preto 220V,1,Mercado Livre - FULL,RS,Beleza,"R$ 499,00","R$ 84,83","R$ 25,95","R$ 71,61","R$ 156,02","R$ 160,59",475/3
05/04/2024,AHIG0434 - Preto 127V,1,Loja integrada - Pix,MG,Beleza,"R$ 463,63","R$ 4,64","R$ 27,58","R$ 66,53","R$ 156,02","R$ 208,86",799/2
06/04/2024,AHIG0435 - Preto 220V,1,Mercado Livre - FULL,RJ,Beleza,"R$ 499,00","R$ 84,83","R$ 25,95","R$ 71,61","R$ 156,02","R$ 160,59",479/3
06/04/2024,AHIG0435 - Preto 220V,1,Mercado Livre - FULL,SC,Beleza,"R$ 499,00","R$ 59,88","R$ 25,95","R$ 71,61","R$ 156,02","R$ 185,54",493/3
07/04/2024,AHIG0435 - Preto 220V,1,Mercado Livre - FULL,PB,Beleza,"R$ 499,00","R$ 84,83","R$ 25,95","R$ 71,61","R$ 156,02","R$ 160,59",546/3
07/04/2024,AHIG0840 - Branco 220V,1,Mercado Livre - FULL,DF,Beleza,"R$ 499,00","R$ 84,83","R$ 25,95","R$ 71,61","R$ 156,02","R$ 160,59",548/3
07/04/2024,AHIG0414 - Roxo 220V,1,Mercado Livre - FULL,SP,Beleza,"R$ 499,00","R$ 84,83","R$ 25,95","R$ 71,61","R$ 156,02","R$ 160,59",550/3
07/04/2024,AHIG0434 - Preto 127V,2,Mercado Livre - FULL,BA,Beleza,"R$ 998,00","R$ 169,66","R$ 51,90","R$ 143,21","R$ 312,04","R$ 321,19",552/3
08/04/2024,AHIG0435 - Preto 220V,2,Loja integrada - Pix,SP,Beleza,"R$ 894,33","R$ 8,94","R$ 22,23","R$ 128,34","R$ 312,04","R$ 422,78",800/2
08/04/2024,AHIG0435 - Preto 220V,1,Mercado Livre - FULL,PE,Beleza,"R$ 499,00","R$ 84,83","R$ 25,95","R$ 71,61","R$ 156,02","R$ 160,59",563/3
08/04/2024,AHIG0839 - Branco 127V,1,Loja integrada - Pix,RJ,Beleza,"R$ 459,00","R$ 4,67","R$ 21,58","R$ 65,87","R$ 156,02","R$ 210,86",801/2
09/04/2024,AHIG0435 - Preto 220V,1,Magalu,PE,Beleza,"R$ 512,00","R$ 75,78","R$ 5,00","R$ 73,47","R$ 156,02","R$ 201,73",802/2
09/04/2024,AHIG0840 - Branco 220V,1,Mercado Livre - FULL,PE,Beleza,"R$ 499,00","R$ 84,83","R$ 25,95","R$ 71,61","R$ 156,02","R$ 160,59",583/3
09/04/2024,AHIG0435 - Preto 220V,1,Mercado Livre - FULL,SP,Beleza,"R$ 499,00","R$ 84,83","R$ 25,95","R$ 71,61","R$ 156,02","R$ 160,59",585/3
10/04/2024,AHIG0435 - Preto 220V,1,Mercado Livre - FULL,PR,Beleza,"R$ 499,00","R$ 84,83","R$ 25,95","R$ 71,61","R$ 156,02","R$ 160,59",587/3
10/04/2024,AHIG0435 - Preto 220V,1,Mercado Livre - FULL,SP,Beleza,"R$ 499,00","R$ 84,83","R$ 25,95","R$ 71,61","R$ 156,02","R$ 160,59",589/3
11/04/2024,AHIG0435 - Preto 220V,1,Mercado Livre - Envios,GO,Beleza,"R$ 512,00","R$ 87,04","R$ 24,95","R$ 73,47","R$ 156,02","R$ 170,52",602/3
11/04/2024,AHIG0434 - Preto 127V,1,Mercado Livre - FULL,SP,Beleza,"R$ 499,00","R$ 84,83","R$ 25,95","R$ 71,61","R$ 156,02","R$ 160,59",593/3
11/04/2024,AHIG0412 - Roxo 127V,1,Mercado Livre - FULL,AM,Beleza,"R$ 499,00","R$ 84,83","R$ 25,95","R$ 71,61","R$ 156,02","R$ 160,59",597/3
11/04/2024,AHIG0435 - Preto 220V,1,Mercado Livre - FULL,SP,Beleza,"R$ 499,00","R$ 84,83","R$ 25,95","R$ 71,61","R$ 156,02","R$ 160,59",599/3
12/04/2024,AHIG0435 - Preto 220V,1,Mercado Livre - FULL,SP,Beleza,"R$ 499,00","R$ 84,83","R$ 25,95","R$ 71,61","R$ 156,02","R$ 160,59",604/3
12/04/2024,AHIG0434 - Preto 127V,1,Mercado Livre - FULL,PR,Beleza,"R$ 499,00","R$ 84,83","R$ 25,95","R$ 71,61","R$ 156,02","R$ 160,59",606/3
12/04/2024,AHIG0434 - Preto 127V,1,Mercado Livre - Envios,MT,Beleza,"R$ 512,00","R$ 87,04","R$ 24,95","R$ 73,47","R$ 156,02","R$ 170,52",607/3
12/04/2024,AHIG0435 - Preto 220V,1,Loja integrada - Pix,SC,Beleza,"R$ 452,23","R$ 4,67","R$ 21,58","R$ 64,90","R$ 156,02","R$ 205,06",803/2
12/04/2024,AHIG0435 - Preto 220V,1,Mercado Livre - FULL,SC,Beleza,"R$ 499,00","R$ 84,83","R$ 25,95","R$ 71,61","R$ 156,02","R$ 160,59",609/3
13/04/2024,AHIG0435 - Preto 220V,1,Mercado Livre - FULL,PE,Beleza,"R$ 499,00","R$ 84,83","R$ 25,95","R$ 71,61","R$ 156,02","R$ 160,59",611/3
15/04/2024,AHIG0434 - Preto 127V,1,Mercado Livre - Envios,MT,Beleza,"R$ 512,00","R$ 87,04","R$ 24,95","R$ 73,47","R$ 156,02","R$ 170,52",620/3
15/04/2024,AHIG0435 - Preto 220V,1,Mercado Livre - FULL,CE,Beleza,"R$ 499,00","R$ 84,83","R$ 25,95","R$ 71,61","R$ 156,02","R$ 160,59",613/3
15/04/2024,AHIG0435 - Preto 220V,1,Mercado Livre - FULL,SP,Beleza,"R$ 499,00","R$ 84,83","R$ 25,95","R$ 71,61","R$ 156,02","R$ 160,59",619/3
15/04/2024,AHIG0434 - Preto 127V,1,Mercado Livre - FULL,SP,Beleza,"R$ 499,00","R$ 84,83","R$ 25,95","R$ 71,61","R$ 156,02","R$ 160,59",624/3
15/04/2024,AHIG0840 - Branco 220V,1,Mercado Livre - FULL,SP,Beleza,"R$ 499,00","R$ 84,83","R$ 25,95","R$ 71,61","R$ 156,02","R$ 160,59",626/3
15/04/2024,AHIG0435 - Preto 220V,1,Mercado Livre - FULL,SP,Beleza,"R$ 499,00","R$ 84,83","R$ 25,95","R$ 71,61","R$ 156,02","R$ 160,59",630/3
16/04/2024,AHIG0839 - Branco 127V,1,Mercado Livre - FULL,RJ,Beleza,"R$ 499,00","R$ 84,83","R$ 25,95","R$ 71,61","R$ 156,02","R$ 160,59",632/3
16/04/2024,AHIG0434 - Preto 127V,1,Distribuidor,SP,Beleza,"R$ 1.857,00","R$ 0,00","R$ 0,00","R$ 482,26","R$ 156,02","R$ 1.218,72",-
16/04/2024,AHIG0434 - Preto 127V,1,Distribuidor,SP,Beleza,"R$ 196,00","R$ 0,00","R$ 0,00","R$ 50,90","R$ 156,02","-R$ 10,92",-
16/04/2024,AHIG0435 - Preto 220V,1,Loja integrada - Pix,MG,Beleza,"R$ 466,81","R$ 4,67","R$ 21,58","R$ 66,99","R$ 156,02","R$ 217,55",804/2
17/04/2024,AHIG0414 - Roxo 220V,1,Mercado Livre - Envios,MG,Beleza,"R$ 512,00","R$ 87,04","R$ 24,95","R$ 73,47","R$ 156,02","R$ 170,52",637/3
17/04/2024,AHIG0434 - Preto 127V,1,Mercado Livre - Envios,MT,Beleza,"R$ 512,00","R$ 87,04","R$ 24,95","R$ 73,47","R$ 156,02","R$ 170,52",638/3
17/04/2024,AHIG0435 - Preto 220V,1,Mercado Livre - FULL,GO,Beleza,"R$ 499,00","R$ 84,83","R$ 25,95","R$ 71,61","R$ 156,02","R$ 160,59",640/3
17/04/2024,AHIG0434 - Preto 127V,1,Mercado Livre - FULL,PR,Beleza,"R$ 499,00","R$ 84,83","R$ 25,95","R$ 71,61","R$ 156,02","R$ 160,59",642/3
17/04/2024,AHIG0839 - Branco 127V,1,Mercado Livre - FULL,SP,Beleza,"R$ 499,00","R$ 84,83","R$ 25,95","R$ 71,61","R$ 156,02","R$ 160,59",636/3
18/04/2024,AHIG0435 - Preto 220V,1,Mercado Livre - FULL,MA,Beleza,"R$ 499,00","R$ 84,83","R$ 18,99","R$ 71,61","R$ 156,02","R$ 167,55",644/3
19/04/2024,AHIG0434 - Preto 127V,2,Mercado Livre - FULL,MT,Beleza,"R$ 998,00","R$ 169,66","R$ 51,90","R$ 143,21","R$ 312,04","R$ 321,19",647/3
19/04/2024,AHIG0435 - Preto 220V,1,Mercado Livre - FULL,SC,Beleza,"R$ 499,00","R$ 84,83","R$ 25,95","R$ 71,61","R$ 156,02","R$ 160,59",649/3
19/04/2024,AHIG0434 - Preto 127V,1,Mercado Livre - FULL,MG,Beleza,"R$ 499,00","R$ 84,83","R$ 25,95","R$ 71,61","R$ 156,02","R$ 160,59",651/3
19/04/2024,AHIG0435 - Preto 220V,2,Mercado Livre - FULL,PR,Beleza,"R$ 998,00","R$ 169,66","R$ 51,90","R$ 143,21","R$ 312,04","R$ 321,19",653/3
19/04/2024,AHIG0435 - Preto 220V,1,Mercado Livre - FULL,SP,Beleza,"R$ 499,00","R$ 84,83","R$ 25,95","R$ 71,61","R$ 156,02","R$ 160,59",655/3
20/04/2024,AHIG0434 - Preto 127V,1,Mercado Livre - FULL,PR,Beleza,"R$ 499,00","R$ 84,83","R$ 25,95","R$ 71,61","R$ 156,02","R$ 160,59",657/3
21/04/2024,AHIG0435 - Preto 220V,1,Mercado Livre - FULL,SP,Beleza,"R$ 499,00","R$ 84,83","R$ 25,95","R$ 71,61","R$ 156,02","R$ 160,59",659/3
22/04/2024,AHIG0435 - Preto 220V,1,Mercado Livre - FULL,GO,Beleza,"R$ 499,00","R$ 84,83","R$ 25,95","R$ 71,61","R$ 156,02","R$ 160,59",662/3
22/04/2024,AHIG0434 - Preto 127V,1,Mercado Livre - FULL,BA,Beleza,"R$ 499,00","R$ 84,83","R$ 25,95","R$ 71,61","R$ 156,02","R$ 160,59",665/3
23/04/2024,AHIG0434 - Preto 127V,1,Remessa Bonificada,MT,Beleza,"R$ 229,50","R$ 0,00","R$ 24,16","R$ 32,93","R$ 156,02","R$ 16,39",809/2
23/04/2024,AHIG0434 - Preto 127V,1,Distribuidor,SP,Beleza,"R$ 293,00","R$ 0,00","R$ 0,00","R$ 76,09","R$ 156,02","R$ 60,89",-
23/04/2024,AHIG0435 - Preto 220V,1,Mercado Livre - FULL,SP,Beleza,"R$ 499,00","R$ 84,83","R$ 25,95","R$ 71,61","R$ 156,02","R$ 160,59",667/3
23/04/2024,AHIG0434 - Preto 127V,1,Mercado Livre - FULL,SP,Beleza,"R$ 499,00","R$ 84,83","R$ 25,95","R$ 71,61","R$ 156,02","R$ 160,59",669/3
23/04/2024,AHIG0435 - Preto 220V,1,Mercado Livre - FULL,GO,Beleza,"R$ 499,00","R$ 84,83","R$ 25,95","R$ 71,61","R$ 156,02","R$ 160,59",671/3
23/04/2024,AHIG0435 - Preto 220V,1,Mercado Livre - FULL,GO,Beleza,"R$ 499,00","R$ 84,83","R$ 25,95","R$ 71,61","R$ 156,02","R$ 160,59",673/3
23/04/2024,AHIG0435 - Preto 220V,1,Mercado Livre - FULL,PA,Beleza,"R$ 499,00","R$ 84,83","R$ 25,95","R$ 71,61","R$ 156,02","R$ 160,59",676/3
24/04/2024,AHIG0435 - Preto 220V,1,Distribuidor,SP,Beleza,"R$ 293,00","R$ 0,00","R$ 0,00","R$ 76,09","R$ 156,02","R$ 60,89",-
24/04/2024,AHIG0434 - Preto 127V,1,Mercado Livre - FULL,RJ,Beleza,"R$ 499,00","R$ 84,83","R$ 25,95","R$ 71,61","R$ 156,02","R$ 160,59",678/3
24/04/2024,AHIG0435 - Preto 220V,1,Mercado Livre - FULL,SP,Beleza,"R$ 499,00","R$ 84,83","R$ 25,95","R$ 71,61","R$ 156,02","R$ 160,59",680/3
24/04/2024,AHIG0434 - Preto 127V,1,Mercado Livre - FULL,PA,Beleza,"R$ 499,00","R$ 84,83","R$ 25,95","R$ 71,61","R$ 156,02","R$ 160,59",682/3
24/04/2024,AHIG0435 - Preto 220V,1,Mercado Livre - FULL,CE,Beleza,"R$ 499,00","R$ 84,83","R$ 25,95","R$ 71,61","R$ 156,02","R$ 160,59",
25/04/2024,AHIG0435 - Preto 220V,1,Loja Integrada - PagSeguro,PE,Beleza,"R$ 510,02","R$ 20,40","R$ 51,02","R$ 73,19","R$ 156,02","R$ 209,39",810/2
25/04/2024,AHIG0435 - Preto 220V,2,Loja integrada - Pix,DF,Beleza,"R$ 956,61","R$ 9,57","R$ 66,15","R$ 137,27","R$ 312,04","R$ 431,58",811/2
25/04/2024,AHIG0435 - Preto 220V,2,Loja integrada - Pix,DF,Beleza,"R$ 956,61","R$ 9,57","R$ 66,15","R$ 137,27","R$ 312,04","R$ 431,58",812/2
25/04/2024,AHIG0434 - Preto 127V,1,Loja Integrada - PagSeguro,MG,Beleza,"R$ 480,58","R$ 19,22","R$ 21,58","R$ 68,96","R$ 156,02","R$ 214,79",813/2
25/04/2024,AHIG0434 - Preto 127V,1,Mercado Livre - FULL,MG,Beleza,"R$ 499,00","R$ 84,83","R$ 24,95","R$ 71,61","R$ 156,02","R$ 161,59",690/3
26/04/2024,AHIG0434 - Preto 127V,1,Mercado Livre - FULL,MG,Beleza,"R$ 499,00","R$ 84,83","R$ 25,95","R$ 71,61","R$ 156,02","R$ 160,59",690/3
27/04/2024,AHIG0435 - Preto 220V,1,Mercado Livre - Envios,MA,Beleza,"R$ 512,00","R$ 87,04","R$ 24,95","R$ 73,47","R$ 156,02","R$ 170,52",741/3
27/04/2024,AHIG0434 - Preto 127V,1,Mercado Livre - FULL,RJ,Beleza,"R$ 499,00","R$ 84,83","R$ 24,95","R$ 71,61","R$ 156,02","R$ 161,59",692/3
28/04/2024,AHIG0434 - Preto 127V,1,Mercado Livre - FULL,SP,Beleza,"R$ 499,00","R$ 84,83","R$ 24,95","R$ 71,61","R$ 156,02","R$ 161,59",696/3
29/04/2024,AHIG0434 - Preto 127V,1,Mercado Livre - FULL,PA,Beleza,"R$ 499,00","R$ 84,83","R$ 25,95","R$ 71,61","R$ 156,02","R$ 160,59",748/3
30/04/2024,AHIG0434 - Preto 127V,2,Distribuidor,SP,Beleza,"R$ 586,00","R$ 0,00","R$ 0,00","R$ 152,18","R$ 312,04","R$ 121,78",-
30/04/2024,AHIG0435 - Preto 220V,1,Distribuidor,SP,Beleza,"R$ 293,00","R$ 0,00","R$ 0,00","R$ 76,09","R$ 156,02","R$ 60,89",-
30/04/2024,AHIG0435 - Preto 220V,1,Mercado Livre - FULL,SP,Beleza,"R$ 499,00","R$ 84,83","R$ 25,95","R$ 71,61","R$ 156,02","R$ 160,59",750/3
01/05/2024,AHIG0434 - Preto 127V,1,Mercado Livre - FULL,SP,Beleza,"R$ 499,00","R$ 84,83","R$ 25,95","R$ 71,61","R$ 156,02","R$ 160,59",752/3
01/05/2024,AHIG0435 - Preto 220V,1,Shopee,SP,Beleza,"R$ 512,00","R$ 103,00","R$ 0,00","R$ 73,47","R$ 156,02","R$ 179,51",815/2
02/05/2024,AHIG0840 - Branco 220V,1,Americanas,GO,Beleza,"R$ 499,00","R$ 84,83","R$ 0,00","R$ 71,61","R$ 156,02","R$ 186,54",816/2
02/05/2024,AHIG0434 - Preto 127V,1,Mercado Livre - Envios,MT,Beleza,"R$ 512,00","R$ 87,04","R$ 24,95","R$ 73,47","R$ 156,02","R$ 170,52",755/3
02/05/2024,AHIG0435 - Preto 220V,1,Mercado Livre - FULL,SP,Beleza,"R$ 499,00","R$ 84,83","R$ 25,95","R$ 71,61","R$ 156,02","R$ 160,59",754/3
03/05/2024,AHIG0434 - Preto 127V,1,Mercado Livre - FULL,PR,Beleza,"R$ 499,00","R$ 84,83","R$ 25,95","R$ 71,61","R$ 156,02","R$ 160,59",757/3
03/05/2024,AHIG0435 - Preto 220V,1,Mercado Livre - FULL,SP,Beleza,"R$ 499,00","R$ 84,83","R$ 25,95","R$ 71,61","R$ 156,02","R$ 160,59",759/3
03/05/2024,AHIG0412 - Roxo 127V,1,Mercado Livre - FULL,SP,Beleza,"R$ 499,00","R$ 84,83","R$ 25,95","R$ 71,61","R$ 156,02","R$ 160,59",761/3
04/05/2024,AHIG0435 - Preto 220V,1,Mercado Livre - FULL,SP,Beleza,"R$ 499,00","R$ 84,83","R$ 25,95","R$ 71,61","R$ 156,02","R$ 160,59",763/3
04/05/2024,AHIG0434 - Preto 127V,1,Mercado Livre - FULL,ES,Beleza,"R$ 499,00","R$ 84,83","R$ 25,95","R$ 71,61","R$ 156,02","R$ 160,59",765/3
04/05/2024,AHIG0412 - Roxo 127V,1,Mercado Livre - FULL,RJ,Beleza,"R$ 499,00","R$ 84,83","R$ 25,95","R$ 71,61","R$ 156,02","R$ 160,59",767/3
05/05/2024,AHIG0434 - Preto 127V,1,Mercado Livre - FULL,SE,Beleza,"R$ 499,00","R$ 84,83","R$ 25,95","R$ 71,61","R$ 156,02","R$ 160,59",769/3
06/05/2024,AHIG0435 - Preto 220V,1,Mercado Livre - FULL,MA,Beleza,"R$ 499,00","R$ 84,83","R$ 25,95","R$ 71,61","R$ 156,02","R$ 160,59",771/3
06/05/2024,AHIG0434 - Preto 127V,1,Mercado Livre - FULL,MT,Beleza,"R$ 499,00","R$ 84,83","R$ 25,95","R$ 71,61","R$ 156,02","R$ 160,59",773/3
06/05/2024,AHIG0435 - Preto 220V,1,Mercado Livre - FULL,TO,Beleza,"R$ 499,00","R$ 84,83","R$ 25,95","R$ 71,61","R$ 156,02","R$ 160,59",775/3
06/05/2024,AHIG0435 - Preto 220V,1,Mercado Livre - FULL,RJ,Beleza,"R$ 499,00","R$ 84,83","R$ 25,95","R$ 71,61","R$ 156,02","R$ 160,59",777/3
06/05/2024,AHIG0412 - Roxo 127V,1,Loja integrada - Pix,RJ,Beleza,"R$ 459,00","R$ 4,68","R$ 21,58","R$ 65,87","R$ 156,02","R$ 210,85",817/2
07/05/2024,AHIG0412 - Roxo 127V,1,Mercado Livre - FULL,SP,Beleza,"R$ 499,00","R$ 84,83","R$ 25,95","R$ 71,61","R$ 156,02","R$ 160,59",781/3
07/05/2024,AHIG0434 - Preto 127V,1,Mercado Livre - Envios,SP,Beleza,"R$ 512,00","R$ 87,04","R$ 24,95","R$ 73,47","R$ 156,02","R$ 170,52",786/3
07/05/2024,AHIG0414 - Roxo 220V,1,Mercado Livre - FULL,RN,Beleza,"R$ 499,00","R$ 84,83","R$ 24,95","R$ 71,61","R$ 156,02","R$ 161,59",785/3
08/05/2024,AHIG0435 - Preto 220V,2,Loja Integrada - PagSeguro,SP,Beleza,"R$ 945,75","R$ 37,83","R$ 27,75","R$ 135,72","R$ 312,04","R$ 432,41",818/2
09/05/2024,AHIG0435 - Preto 220V,2,Distribuidor,SP,Beleza,"R$ 586,00","R$ 0,00","R$ 0,00","R$ 152,18","R$ 312,04","R$ 121,78",94464/1
10/05/2024,AHIG0434 - Preto 127V,1,Mercado Livre - FULL,MT,Beleza,"R$ 499,00","R$ 84,83","R$ 25,95","R$ 71,61","R$ 156,02","R$ 160,59",794/3
10/05/2024,AHIG0434 - Preto 127V,1,Mercado Livre - FULL,PR,Beleza,"R$ 499,00","R$ 84,83","R$ 25,95","R$ 71,61","R$ 156,02","R$ 160,59",792/3
10/05/2024,AHIG0435 - Preto 220V,1,Mercado Livre - FULL,MT,Beleza,"R$ 499,00","R$ 84,83","R$ 25,95","R$ 71,61","R$ 156,02","R$ 160,59",788/3
10/05/2024,AHIG0840 - Branco 220V,1,Mercado Livre - FULL,PB,Beleza,"R$ 499,00","R$ 84,83","R$ 25,95","R$ 71,61","R$ 156,02","R$ 160,59",796/3
10/05/2024,AHIG0434 - Preto 127V,1,Mercado Livre - FULL,RJ,Beleza,"R$ 499,00","R$ 84,83","R$ 25,95","R$ 71,61","R$ 156,02","R$ 160,59",798/3
11/05/2024,AHIG0435 - Preto 220V,1,Mercado Livre - FULL,PB,Beleza,"R$ 499,00","R$ 84,83","R$ 25,95","R$ 71,61","R$ 156,02","R$ 160,59",800/3
11/05/2024,AHIG0435 - Preto 220V,1,Mercado Livre - FULL,GO,Beleza,"R$ 499,00","R$ 84,83","R$ 25,95","R$ 71,61","R$ 156,02","R$ 160,59",802/3
11/05/2024,AHIG0434 - Preto 127V,1,Casas Bahia,RJ,Beleza,"R$ 499,00","R$ 84,83","R$ 0,00","R$ 71,61","R$ 156,02","R$ 186,54",820/2
12/05/2024,AHIG0434 - Preto 127V,1,Mercado Livre - FULL,MG,Beleza,"R$ 499,00","R$ 84,83","R$ 25,95","R$ 71,61","R$ 156,02","R$ 160,59",804/3
12/05/2024,AHIG0434 - Preto 127V,1,Mercado Livre - FULL,SP,Beleza,"R$ 499,00","R$ 84,83","R$ 25,95","R$ 71,61","R$ 156,02","R$ 160,59",808/3
13/05/2024,AHIG0434 - Preto 127V,1,Mercado Livre - FULL,SP,Beleza,"R$ 499,00","R$ 84,83","R$ 25,95","R$ 71,61","R$ 156,02","R$ 160,59",810/3
13/05/2024,AHIG0435 - Preto 220V,1,Mercado Livre - FULL,RN,Beleza,"R$ 499,00","R$ 84,83","R$ 25,95","R$ 71,61","R$ 156,02","R$ 160,59",812/3
13/05/2024,AHIG0414 - Roxo 220V,1,Mercado Livre - FULL,SP,Beleza,"R$ 499,00","R$ 84,83","R$ 25,95","R$ 71,61","R$ 156,02","R$ 160,59",818/3
13/05/2024,AHIG0435 - Preto 220V,1,Mercado Livre - FULL,SP,Beleza,"R$ 499,00","R$ 84,83","R$ 25,95","R$ 71,61","R$ 156,02","R$ 160,59",820/3
14/05/2024,AHIG0840 - Branco 220V,1,Mercado Livre - FULL,SP,Beleza,"R$ 499,00","R$ 84,83","R$ 25,95","R$ 71,61","R$ 156,02","R$ 160,59",822/3
14/05/2024,AHIG0840 - Branco 220V,1,Mercado Livre - FULL,SP,Beleza,"R$ 499,00","R$ 84,83","R$ 25,95","R$ 71,61","R$ 156,02","R$ 160,59",824/3
14/05/2024,AHIG0435 - Preto 220V,1,Mercado Livre - FULL,SC,Beleza,"R$ 499,00","R$ 84,83","R$ 25,95","R$ 71,61","R$ 156,02","R$ 160,59",828/3
14/05/2024,AHIG0434 - Preto 127V,1,Mercado Livre - FULL,MG,Beleza,"R$ 499,00","R$ 84,83","R$ 25,95","R$ 71,61","R$ 156,02","R$ 160,59",826/3
15/05/2024,AHIG0434 - Preto 127V,1,Mercado Livre - FULL,MG,Beleza,"R$ 998,00","R$ 169,66","R$ 51,90","R$ 143,21","R$ 156,02","R$ 477,21",830/3
16/05/2024,AHIG0435 - Preto 220V,1,Loja Integrada - PagSeguro,SP,Beleza,"R$ 480,71","R$ 19,23","R$ 51,90","R$ 68,98","R$ 156,02","R$ 184,58",821/2
16/05/2024,AHIG0435 - Preto 220V,2,Distribuidor,SP,Beleza,"R$ 586,00","R$ 0,00","R$ 0,00","R$ 152,18","R$ 312,04","R$ 121,78",94578/1
16/05/2024,AHIG0435 - Preto 220V,1,Mercado Livre - Envios,AP,Beleza,"R$ 512,00","R$ 87,04","R$ 24,95","R$ 73,47","R$ 156,02","R$ 170,52",831/3
17/05/2024,AHIG0434 - Preto 127V,1,Mercado Livre - FULL,PR,Beleza,"R$ 499,00","R$ 84,83","R$ 24,95","R$ 71,61","R$ 156,02","R$ 161,59",836/3
17/05/2024,AHIG0840 - Branco 220V,1,Mercado Livre - FULL,RS,Beleza,"R$ 499,00","R$ 84,83","R$ 25,95","R$ 71,61","R$ 156,02","R$ 160,59",838/3
17/05/2024,AHIG0435 - Preto 220V,1,Mercado Livre - FULL,SP,Beleza,"R$ 469,00","R$ 79,73","R$ 25,95","R$ 67,30","R$ 156,02","R$ 140,00",840/3
17/05/2024,AHIG0435 - Preto 220V,2,Loja Integrada - PagSeguro,PA,Beleza,"R$ 923,59","R$ 36,94","R$ 51,49","R$ 132,54","R$ 312,04","R$ 390,58",823/3
17/05/2024,AHIG0435 - Preto 220V,1,Mercado Livre - FULL,PI,Beleza,"R$ 499,00","R$ 84,83","R$ 25,95","R$ 71,61","R$ 156,02","R$ 160,59",842/3
18/05/2024,AHIG0434 - Preto 127V,1,Mercado Livre - FULL,MG,Beleza,"R$ 499,00","R$ 84,83","R$ 25,95","R$ 71,61","R$ 156,02","R$ 160,59",846/3
19/05/2024,AHIG0435 - Preto 220V,1,Mercado Livre - FULL,PR,Beleza,"R$ 499,00","R$ 84,83","R$ 25,95","R$ 71,61","R$ 156,02","R$ 160,59",848/3
19/05/2024,AHIG0434 - Preto 127V,1,Mercado Livre - FULL,SP,Beleza,"R$ 499,00","R$ 84,83","R$ 25,95","R$ 71,61","R$ 156,02","R$ 160,59",850/3
20/05/2024,AHIG0435 - Preto 220V,1,Mercado Livre - FULL,PB,Beleza,"R$ 499,00","R$ 84,83","R$ 25,95","R$ 71,61","R$ 156,02","R$ 160,59",852/3
20/05/2024,AHIG0434 - Preto 127V,1,Mercado Livre - FULL,MG,Beleza,"R$ 499,00","R$ 84,83","R$ 25,95","R$ 71,61","R$ 156,02","R$ 160,59",857/3
21/05/2024,AHIG0435 - Preto 220V,1,Mercado Livre - FULL,SP,Beleza,"R$ 499,00","R$ 84,83","R$ 25,95","R$ 71,61","R$ 156,02","R$ 160,59",859/3
22/05/2024,AHIG0434 - Preto 127V,1,Loja Integrada - PagSeguro,PR,Beleza,"R$ 492,79","R$ 19,71","R$ 33,79","R$ 70,72","R$ 156,02","R$ 212,55",824/2
22/05/2024,AHIG0434 - Preto 127V,1,Mercado Livre - FULL,BA,Beleza,"R$ 499,00","R$ 84,83","R$ 25,95","R$ 71,61","R$ 156,02","R$ 160,59",937/3
22/05/2024,AHIG0435 - Preto 220V,1,Mercado Livre - FULL,PR,Beleza,"R$ 499,00","R$ 84,83","R$ 25,95","R$ 71,61","R$ 156,02","R$ 160,59",941/3
23/05/2024,AHIG0434 - Preto 127V,1,Mercado Livre - FULL,SP,Beleza,"R$ 499,00","R$ 84,83","R$ 25,95","R$ 71,61","R$ 156,02","R$ 160,59",919/3
23/05/2024,AHIG0434 - Preto 127V,1,Mercado Livre - FULL,MG,Beleza,"R$ 499,00","R$ 84,83","R$ 25,95","R$ 71,61","R$ 156,02","R$ 160,59",927/3
23/05/2024,AHIG0435 - Preto 220V,1,Mercado Livre - FULL,GO,Beleza,"R$ 499,00","R$ 84,83","R$ 25,95","R$ 71,61","R$ 156,02","R$ 160,59",921/3
23/05/2024,AHIG0435 - Preto 220V,2,Loja integrada - Pix,SP,Beleza,"R$ 899,85","R$ 9,00","R$ 27,75","R$ 129,13","R$ 312,04","R$ 421,93",825/2
24/05/2024,AHIG0435 - Preto 220V,1,Mercado Livre - FULL,SP,Beleza,"R$ 499,00","R$ 84,83","R$ 25,95","R$ 71,61","R$ 156,02","R$ 160,59",923/3
24/05/2024,AHIG0435 - Preto 220V,1,Mercado Livre - FULL,SP,Beleza,"R$ 499,00","R$ 84,83","R$ 25,95","R$ 71,61","R$ 156,02","R$ 160,59",925/3
24/05/2024,AHIG0435 - Preto 220V,1,Loja integrada - Pix,SP,Beleza,"R$ 466,94","R$ 4,67","R$ 21,71","R$ 67,01","R$ 156,02","R$ 217,53",826/2
24/05/2024,AHIG0435 - Preto 220V,1,Mercado Livre - FULL,SP,Beleza,"R$ 499,00","R$ 84,83","R$ 25,95","R$ 71,61","R$ 156,02","R$ 160,59",929/3
25/05/2024,AHIG0412 - Roxo 127V,1,Mercado Livre - FULL,RJ,Beleza,"R$ 499,00","R$ 84,83","R$ 25,95","R$ 71,61","R$ 156,02","R$ 160,59",931/3
25/05/2024,AHIG0435 - Preto 220V,1,Mercado Livre - FULL,PE,Beleza,"R$ 499,00","R$ 84,83","R$ 25,95","R$ 71,61","R$ 156,02","R$ 160,59",935/3
26/05/2024,AHIG0839 - Branco 127V,1,Mercado Livre - FULL,PR,Beleza,"R$ 499,00","R$ 84,83","R$ 25,95","R$ 71,61","R$ 156,02","R$ 160,59",939/3
27/05/2024,AHIG0434 - Preto 127V,1,Mercado Livre - FULL,MG,Beleza,"R$ 499,00","R$ 84,83","R$ 25,95","R$ 71,61","R$ 156,02","R$ 160,59",943/3
27/05/2024,AHIG0414 - Roxo 220V,1,Mercado Livre - FULL,MA,Beleza,"R$ 499,00","R$ 84,83","R$ 25,95","R$ 71,61","R$ 156,02","R$ 160,59",945/3
27/05/2024,AHIG0434 - Preto 127V,1,Mercado Livre - FULL,SP,Beleza,"R$ 499,00","R$ 84,83","R$ 25,95","R$ 71,61","R$ 156,02","R$ 160,59",947/3
27/05/2024,AHIG0435 - Preto 220V,1,Mercado Livre - FULL,MG,Beleza,"R$ 499,00","R$ 84,83","R$ 25,95","R$ 71,61","R$ 156,02","R$ 160,59",949/3
27/05/2024,AHIG0435 - Preto 220V,1,Mercado Livre - FULL,SP,Beleza,"R$ 445,55","R$ 75,74","R$ 25,95","R$ 63,94","R$ 156,02","R$ 123,90",951/3
28/05/2024,AHIG0434 - Preto 127V,1,Loja integrada - Pix,MG,Beleza,"R$ 499,20","R$ 4,99","R$ 53,97","R$ 71,64","R$ 156,02","R$ 212,58",827/3
29/05/2024,AHIG0434 - Preto 127V,1,Mercado Livre - FULL,MG,Beleza,"R$ 439,00","R$ 74,63","R$ 25,95","R$ 63,00","R$ 156,02","R$ 119,40",956/3
30/05/2024,AHIG0435 - Preto 220V,1,Mercado Livre - FULL,DF,Beleza,"R$ 445,55","R$ 75,74","R$ 25,95","R$ 63,94","R$ 156,02","R$ 123,90",964/3
31/05/2024,AHIG0839 - Branco 127V,1,Amazon BR,RO,Beleza,"R$ 512,00","R$ 61,44","R$ 32,36","R$ 73,47","R$ 156,02","R$ 188,71",828/2
31/05/2024,AHIG0434 - Preto 127V,1,Mercado Livre - FULL,SP,Beleza,"R$ 439,00","R$ 74,63","R$ 25,95","R$ 63,00","R$ 156,02","R$ 119,40",958/3
31/05/2024,AHIG0434 - Preto 127V,1,Mercado Livre - FULL,MG,Beleza,"R$ 439,00","R$ 74,63","R$ 25,95","R$ 63,00","R$ 156,02","R$ 119,40",960/3
31/05/2024,AHIG0435 - Preto 220V,1,Mercado Livre - FULL,GO,Beleza,"R$ 445,55","R$ 75,74","R$ 25,95","R$ 63,94","R$ 156,02","R$ 123,90",962/3
01/06/2024,AHIG0434 - Preto 127V,1,Mercado Livre - Envios,PA,Beleza,"R$ 503,00","R$ 85,51","R$ 24,95","R$ 72,18","R$ 156,02","R$ 164,34",972/3
02/06/2024,AHIG0435 - Preto 220V,1,Loja Integrada - PagSeguro,SP,Beleza,"R$ 480,71","R$ 19,23","R$ 21,71","R$ 68,98","R$ 156,02","R$ 214,77",830/2
02/06/2024,AHIG0435 - Preto 220V,1,Mercado Livre - FULL,SP,Beleza,"R$ 499,00","R$ 84,83","R$ 25,95","R$ 71,61","R$ 156,02","R$ 160,59",967/3
02/06/2024,AHIG0840 - Branco 220V,1,Mercado Livre - FULL,RS,Beleza,"R$ 499,00","R$ 84,83","R$ 25,95","R$ 71,61","R$ 156,02","R$ 160,59",969/3
02/06/2024,AHIG0435 - Preto 220V,1,Mercado Livre - FULL,SP,Beleza,"R$ 499,00","R$ 84,83","R$ 25,95","R$ 71,61","R$ 156,02","R$ 160,59",971/3
03/06/2024,AHIG0435 - Preto 220V,1,Loja integrada - Pix,TO,Beleza,"R$ 463,02","R$ 4,63","R$ 26,97","R$ 66,44","R$ 156,02","R$ 208,96",829/3
03/06/2024,AHIG0435 - Preto 220V,1,Mercado Livre - FULL,SP,Beleza,"R$ 499,00","R$ 84,83","R$ 25,95","R$ 71,61","R$ 156,02","R$ 160,59",974/3
03/06/2024,AHIG0435 - Preto 220V,1,Mercado Livre - FULL,PR,Beleza,"R$ 499,00","R$ 84,83","R$ 25,95","R$ 71,61","R$ 156,02","R$ 160,59",976/3
03/06/2024,AHIG0434 - Preto 127V,1,Loja Integrada - PagSeguro,SP,Beleza,"R$ 480,70","R$ 19,23","R$ 21,71","R$ 68,98","R$ 156,02","R$ 214,76",831/2
04/06/2024,AHIG0435 - Preto 220V,1,Mercado Livre - FULL,SP,Beleza,"R$ 445,55","R$ 75,74","R$ 25,95","R$ 63,94","R$ 156,02","R$ 123,90",978/3
04/06/2024,AHIG0435 - Preto 220V,1,Mercado Livre - FULL,RJ,Beleza,"R$ 445,55","R$ 66,95","R$ 25,95","R$ 63,94","R$ 156,02","R$ 132,69",1006/3
04/06/2024,AHIG0435 - Preto 220V,1,Mercado Livre - FULL,RJ,Beleza,"R$ 445,55","R$ 66,95","R$ 25,95","R$ 63,94","R$ 156,02","R$ 132,69",1010/3
04/06/2024,AHIG0435 - Preto 220V,1,Mercado Livre - Envios,SP,Beleza,"R$ 460,80","R$ 69,55","R$ 25,95","R$ 66,12","R$ 156,02","R$ 143,16",1011/3
05/06/2024,AHIG0435 - Preto 220V,2,Mercado Livre - FULL,RN,Beleza,"R$ 891,10","R$ 133,91","R$ 51,90","R$ 127,87","R$ 312,04","R$ 265,38",1013/3
05/06/2024,AHIG0435 - Preto 220V,1,Mercado Livre - FULL,SC,Beleza,"R$ 445,55","R$ 66,95","R$ 25,95","R$ 63,94","R$ 156,02","R$ 132,69",1015/3
05/06/2024,AHIG0435 - Preto 220V,2,Mercado Livre - FULL,SP,Beleza,"R$ 891,10","R$ 133,91","R$ 51,90","R$ 127,87","R$ 312,04","R$ 265,38",1017/3
05/06/2024,AHIG0434 - Preto 127V,1,Mercado Livre - FULL,SP,Beleza,"R$ 449,10","R$ 76,35","R$ 25,95","R$ 64,45","R$ 156,02","R$ 126,34",1019/3
05/06/2024,AHIG0840 - Branco 220V,1,Mercado Livre - FULL,SP,Beleza,"R$ 499,00","R$ 84,83","R$ 25,95","R$ 71,61","R$ 156,02","R$ 160,59",1021/3
05/06/2024,AHIG0839 - Branco 127V,1,Mercado Livre - FULL,MT,Beleza,"R$ 449,10","R$ 68,08","R$ 25,95","R$ 64,45","R$ 156,02","R$ 134,61",1023/3
05/06/2024,AHIG0434 - Preto 127V,1,Mercado Livre - FULL,MT,Beleza,"R$ 449,10","R$ 68,08","R$ 25,95","R$ 64,45","R$ 156,02","R$ 134,61",1025/3
05/06/2024,AHIG0435 - Preto 220V,1,Amazon BR,MG,Beleza,"R$ 532,80","R$ 90,58","R$ 20,80","R$ 76,46","R$ 156,02","R$ 188,95",832/2
06/06/2024,AHIG0435 - Preto 220V,2,Mercado Livre - FULL,MG,Beleza,"R$ 891,10","R$ 133,91","R$ 51,90","R$ 127,87","R$ 312,04","R$ 265,38",1027/3
06/06/2024,AHIG0414 - Roxo 220V,1,Mercado Livre - FULL,AL,Beleza,"R$ 449,10","R$ 68,08","R$ 25,95","R$ 64,45","R$ 156,02","R$ 134,61",1035/3
06/06/2024,AHIG0435 - Preto 220V,1,Mercado Livre - FULL,PB,Beleza,"R$ 445,55","R$ 66,95","R$ 25,95","R$ 63,94","R$ 156,02","R$ 132,69",1037/3
06/06/2024,AHIG0435 - Preto 220V,1,Mercado Livre - FULL,PE,Beleza,"R$ 445,55","R$ 66,95","R$ 25,95","R$ 63,94","R$ 156,02","R$ 132,69",1039/3
06/06/2024,AHIG0435 - Preto 220V,2,Mercado Livre - FULL,MG,Beleza,"R$ 891,10","R$ 133,91","R$ 51,90","R$ 127,87","R$ 312,04","R$ 265,38",1029/3
07/06/2024,AHIG0434 - Preto 127V,1,Mercado Livre - FULL,SE,Beleza,"R$ 449,10","R$ 68,08","R$ 25,95","R$ 64,45","R$ 156,02","R$ 134,61",1041/3
08/06/2024,AHIG0412 - Roxo 127V,1,Mercado Livre - FULL,BA,Beleza,"R$ 499,00","R$ 84,83","R$ 25,95","R$ 71,61","R$ 156,02","R$ 160,59",1043/3
08/06/2024,AHIG0435 - Preto 220V,1,Mercado Livre - FULL,RJ,Beleza,"R$ 445,55","R$ 66,95","R$ 25,95","R$ 63,94","R$ 156,02","R$ 132,69",1045/3
08/06/2024,AHIG0435 - Preto 220V,1,Mercado Livre - Envios,GO,Beleza,"R$ 460,80","R$ 69,86","R$ 24,95","R$ 66,12","R$ 156,02","R$ 143,85",834/2
10/06/2024,AHIG0412 - Roxo 127V,1,Mercado Livre - FULL,MG,Beleza,"R$ 449,10","R$ 68,08","R$ 25,95","R$ 64,45","R$ 156,02","R$ 134,61",1049/3
10/06/2024,AHIG0840 - Branco 220V,1,Shopee,RS,Beleza,"R$ 489,00","R$ 100,81","R$ 0,00","R$ 70,17","R$ 156,02","R$ 162,00",833/2
11/06/2024,AHIG0435 - Preto 220V,1,Mercado Livre - Envios,RN,Beleza,"R$ 460,80","R$ 69,86","R$ 24,95","R$ 66,12","R$ 156,02","R$ 143,85",1085/3
11/06/2024,AHIG0412 - Roxo 127V,1,Mercado Livre - FULL,MG,Beleza,"R$ 499,00","R$ 84,83","R$ 25,95","R$ 71,61","R$ 156,02","R$ 160,59",1054/3
11/06/2024,AHIG0435 - Preto 220V,1,Mercado Livre - Envios,SC,Beleza,"R$ 460,80","R$ 69,86","R$ 24,95","R$ 66,12","R$ 156,02","R$ 143,85",1063/3
11/06/2024,AHIG0434 - Preto 127V,1,Mercado Livre - FULL,SP,Beleza,"R$ 449,10","R$ 68,08","R$ 25,95","R$ 64,45","R$ 156,02","R$ 134,61",1060/3
11/06/2024,AHIG0435 - Preto 220V,1,Mercado Livre - FULL,BA,Beleza,"R$ 445,55","R$ 66,95","R$ 25,95","R$ 63,94","R$ 156,02","R$ 132,69",1062/3
13/06/2024,AHIG0434 - Preto 127V,1,Mercado Livre - FULL,SP,Beleza,"R$ 499,00","R$ 84,83","R$ 25,95","R$ 71,61","R$ 156,02","R$ 160,59",1065/3
13/06/2024,AHIG0435 - Preto 220V,1,Mercado Livre - Envios,DF,Beleza,"R$ 460,80","R$ 69,86","R$ 24,95","R$ 66,12","R$ 156,02","R$ 143,85",1066/3
13/06/2024,AHIG0434 - Preto 127V,1,Loja Integrada - PagSeguro,MG,Beleza,"R$ 482,73","R$ 10,83","R$ 23,73","R$ 69,27","R$ 156,02","R$ 222,88",836/2
13/06/2024,AHIG0434 - Preto 127V,1,Mercado Livre - Envios,RJ,Beleza,"R$ 460,80","R$ 69,86","R$ 24,95","R$ 66,12","R$ 156,02","R$ 143,85",1070/3
13/06/2024,AHIG0840 - Branco 220V,1,Mercado Livre - FULL,SP,Beleza,"R$ 445,55","R$ 66,95","R$ 25,95","R$ 63,94","R$ 156,02","R$ 132,69",1068/3
14/06/2024,AHIG0435 - Preto 220V,1,Mercado Livre - Envios,SC,Beleza,"R$ 460,80","R$ 69,86","R$ 24,95","R$ 66,12","R$ 156,02","R$ 143,85",1069/3
14/06/2024,AHIG0435 - Preto 220V,1,Distribuidor,SP,Beleza,"R$ 293,00","R$ 0,00","R$ 0,00","R$ 76,09","R$ 156,02","R$ 60,89",-
15/06/2024,AHIG0434 - Preto 127V,1,Mercado Livre - FULL,SE,Beleza,"R$ 449,10","R$ 68,08","R$ 25,95","R$ 64,45","R$ 156,02","R$ 134,61",1100/3
15/06/2024,AHIG0434 - Preto 127V,1,Mercado Livre - FULL,MG,Beleza,"R$ 449,10","R$ 68,08","R$ 25,95","R$ 64,45","R$ 156,02","R$ 134,61",1102/3
15/06/2024,AHIG0435 - Preto 220V,1,Mercado Livre - FULL,PE,Beleza,"R$ 499,00","R$ 84,83","R$ 25,95","R$ 71,61","R$ 156,02","R$ 160,59",1104/3
16/06/2024,AHIG0435 - Preto 220V,2,Mercado Livre - FULL,SP,Beleza,"R$ 891,10","R$ 133,91","R$ 51,90","R$ 127,87","R$ 312,04","R$ 265,38",1106/3
17/06/2024,AHIG0434 - Preto 127V,1,Mercado Livre - FULL,SP,Beleza,"R$ 449,10","R$ 68,08","R$ 25,95","R$ 64,45","R$ 156,02","R$ 134,61",1126/3
17/06/2024,AHIG0434 - Preto 127V,1,Mercado Livre - FULL,BA,Beleza,"R$ 449,10","R$ 68,08","R$ 25,95","R$ 64,45","R$ 156,02","R$ 134,61",1108/3
17/06/2024,AHIG0412 - Roxo 127V,1,Mercado Livre - FULL,AM,Beleza,"R$ 449,10","R$ 68,08","R$ 25,95","R$ 64,45","R$ 156,02","R$ 134,61",1110/3
17/06/2024,AHIG0435 - Preto 220V,1,Mercado Livre - FULL,SP,Beleza,"R$ 445,55","R$ 66,95","R$ 25,95","R$ 63,94","R$ 156,02","R$ 132,69",1112/3
18/06/2024,AHIG0434 - Preto 127V,1,Mercado Livre - FULL,SP,Beleza,"R$ 449,10","R$ 68,08","R$ 25,95","R$ 64,45","R$ 156,02","R$ 134,61",1114/3
18/06/2024,AHIG0840 - Branco 220V,1,Mercado Livre - FULL,RS,Beleza,"R$ 445,55","R$ 66,95","R$ 25,95","R$ 63,94","R$ 156,02","R$ 132,69",1116/3
18/06/2024,AHIG0435 - Preto 220V,1,Mercado Livre - FULL,RS,Beleza,"R$ 445,55","R$ 66,95","R$ 25,95","R$ 63,94","R$ 156,02","R$ 132,69",1153/3
18/06/2024,AHIG0839 - Branco 127V,2,Americanas,RS,Beleza,"R$ 878,00","R$ 149,26","R$ 0,00","R$ 125,99","R$ 312,04","R$ 290,71",838/2
18/06/2024,AHIG0840 - Branco 220V,1,Mercado Livre - FULL,RS,Beleza,"R$ 445,55","R$ 66,95","R$ 25,95","R$ 63,94","R$ 156,02","R$ 132,69",1118/3
19/06/2024,AHIG0434 - Preto 127V,1,Mercado Livre - FULL,SP,Beleza,"R$ 449,10","R$ 68,08","R$ 25,95","R$ 64,45","R$ 156,02","R$ 134,61",1124/3
20/06/2024,AHIG0840 - Branco 220V,1,Mercado Livre - FULL,SP,Beleza,"R$ 445,55","R$ 66,95","R$ 25,95","R$ 63,94","R$ 156,02","R$ 132,69",1131/3
20/06/2024,AHIG0840 - Branco 220V,1,Mercado Livre - FULL,PI,Beleza,"R$ 445,55","R$ 66,95","R$ 25,95","R$ 63,94","R$ 156,02","R$ 132,69",1133/3
20/06/2024,AHIG0435 - Preto 220V,1,Mercado Livre - FULL,PE,Beleza,"R$ 445,55","R$ 66,95","R$ 25,95","R$ 63,94","R$ 156,02","R$ 132,69",1135/3
20/06/2024,AHIG0435 - Preto 220V,1,Mercado Livre - FULL,RS,Beleza,"R$ 445,55","R$ 66,95","R$ 25,95","R$ 63,94","R$ 156,02","R$ 132,69",1137/3
20/06/2024,AHIG0840 - Branco 220V,1,Mercado Livre - Envios,SP,Beleza,"R$ 452,70","R$ 69,05","R$ 25,95","R$ 64,96","R$ 156,02","R$ 136,72",1141/3
21/06/2024,AHIG0434 - Preto 127V,1,Mercado Livre - FULL,BA,Beleza,"R$ 449,10","R$ 68,08","R$ 25,95","R$ 64,45","R$ 156,02","R$ 134,61",1139/3
21/06/2024,AHIG0435 - Preto 220V,1,Mercado Livre - Envios,GO,Beleza,"R$ 503,00","R$ 85,51","R$ 24,95","R$ 72,18","R$ 156,02","R$ 164,34",1140/3
21/06/2024,AHIG0435 - Preto 220V,1,Mercado Livre - FULL,RN,Beleza,"R$ 445,55","R$ 66,95","R$ 25,95","R$ 63,94","R$ 156,02","R$ 132,69",1143/3
21/06/2024,AHIG0434 - Preto 127V,1,Mercado Livre - FULL,MG,Beleza,"R$ 499,00","R$ 84,83","R$ 25,95","R$ 71,61","R$ 156,02","R$ 160,59",1145/3
22/06/2024,AHIG0840 - Branco 220V,1,Mercado Livre - FULL,PA,Beleza,"R$ 445,55","R$ 66,95","R$ 25,95","R$ 63,94","R$ 156,02","R$ 132,69",1147/3
22/06/2024,AHIG0434 - Preto 127V,1,Mercado Livre - FULL,RO,Beleza,"R$ 449,10","R$ 68,08","R$ 25,95","R$ 64,45","R$ 156,02","R$ 134,61",1149/3
22/06/2024,AHIG0840 - Branco 220V,1,Mercado Livre - FULL,RS,Beleza,"R$ 445,55","R$ 66,95","R$ 25,95","R$ 63,94","R$ 156,02","R$ 132,69",1159/3
22/06/2024,AHIG0435 - Preto 220V,1,Mercado Livre - FULL,SP,Beleza,"R$ 445,55","R$ 66,95","R$ 25,95","R$ 63,94","R$ 156,02","R$ 132,69",1151/3
23/06/2024,AHIG0412 - Roxo 127V,1,Mercado Livre - FULL,MG,Beleza,"R$ 449,10","R$ 68,08","R$ 25,95","R$ 64,45","R$ 156,02","R$ 134,61",1155/3
23/06/2024,AHIG0435 - Preto 220V,1,Mercado Livre - FULL,SP,Beleza,"R$ 445,55","R$ 66,95","R$ 25,95","R$ 63,94","R$ 156,02","R$ 132,69",1157/3
23/06/2024,AHIG0414 - Roxo 220V,1,Mercado Livre - FULL,SP,Beleza,"R$ 449,10","R$ 68,08","R$ 25,95","R$ 64,45","R$ 156,02","R$ 134,61",1161/3
24/06/2024,AHIG0435 - Preto 220V,1,Loja Integrada - PagSeguro,MA,Beleza,"R$ 527,47","R$ 12,83","R$ 68,47","R$ 75,69","R$ 156,02","R$ 214,46",839/2
25/06/2024,AHIG0434 - Preto 127V,1,Mercado Livre - FULL,MT,Beleza,"R$ 449,10","R$ 68,08","R$ 25,95","R$ 64,45","R$ 156,02","R$ 134,61",1168/3
25/06/2024,AHIG0435 - Preto 220V,1,Mercado Livre - FULL,GO,Beleza,"R$ 445,55","R$ 66,95","R$ 25,95","R$ 63,94","R$ 156,02","R$ 132,69",1170/3
25/06/2024,AHIG0840 - Branco 220V,1,Mercado Livre - FULL,RS,Beleza,"R$ 445,55","R$ 66,95","R$ 25,95","R$ 63,94","R$ 156,02","R$ 132,69",1172/3
25/06/2024,AHIG0412 - Roxo 127V,1,Mercado Livre - FULL,MT,Beleza,"R$ 449,10","R$ 68,08","R$ 25,95","R$ 64,45","R$ 156,02","R$ 134,61",1166/3
26/06/2024,AHIG0435 - Preto 220V,1,Distribuidor,SP,Beleza,"R$ 293,00","R$ 0,00","R$ 0,00","R$ 76,09","R$ 156,02","R$ 60,89",-
26/06/2024,AHIG0435 - Preto 220V,1,Mercado Livre - FULL,PR,Beleza,"R$ 449,10","R$ 68,08","R$ 25,95","R$ 64,45","R$ 156,02","R$ 134,61",1174/3
26/06/2024,AHIG0435 - Preto 220V,1,Mercado Livre - FULL,DF,Beleza,"R$ 445,55","R$ 66,95","R$ 25,95","R$ 63,94","R$ 156,02","R$ 132,69",1176/3
26/06/2024,AHIG0434 - Preto 127V,1,Mercado Livre - FULL,ES,Beleza,"R$ 499,00","R$ 84,83","R$ 25,95","R$ 71,61","R$ 156,02","R$ 160,59",1180/3
26/06/2024,AHIG0435 - Preto 220V,1,Mercado Livre - FULL,PB,Beleza,"R$ 499,00","R$ 84,83","R$ 25,95","R$ 71,61","R$ 156,02","R$ 160,59",1184/3
27/06/2024,AHIG0434 - Preto 127V,1,Mercado Livre - FULL,,Beleza,"R$ 449,10","R$ 68,08","R$ 25,95","R$ 64,45","R$ 156,02","R$ 134,61",1188/3
27/06/2024,AHIG0434 - Preto 127V,12,Distribuidor,AM,Beleza,"R$ 6.412,00","R$ 0,00","R$ 1.492,14","R$ 1.665,20","R$ 1.872,24","R$ 1.382,42",/1
27/06/2024,AHIG0434 - Preto 127V,1,Mercado Livre - FULL,MG,Beleza,"R$ 449,10","R$ 68,08","R$ 25,95","R$ 64,45","R$ 156,02","R$ 134,61",1190/3
27/06/2024,AHIG0435 - Preto 220V,1,Mercado Livre - Envios,GO,Beleza,"R$ 460,80","R$ 78,34","R$ 25,95","R$ 66,12","R$ 156,02","R$ 134,37",1245/3
27/06/2024,AHIG0839 - Branco 127V,1,Mercado Livre - FULL,SP,Beleza,"R$ 449,10","R$ 76,35","R$ 25,95","R$ 64,45","R$ 156,02","R$ 126,34",1192/3
27/06/2024,AHIG0840 - Branco 220V,1,Mercado Livre - FULL,SP,Beleza,"R$ 449,10","R$ 76,35","R$ 25,95","R$ 64,45","R$ 156,02","R$ 126,34",1242/3
27/06/2024,AHIG0840 - Branco 220V,1,Mercado Livre - FULL,SP,Beleza,"R$ 449,10","R$ 76,35","R$ 25,95","R$ 64,45","R$ 156,02","R$ 126,34",1244/3
27/06/2024,AHIG0414 - Roxo 220V,1,Loja Integrada - PagSeguro,CE,Beleza,"R$ 510,00","R$ 20,40","R$ 51,02","R$ 73,19","R$ 156,02","R$ 209,38",840/2
28/06/2024,AHIG0435 - Preto 220V,1,Distribuidor,SP,Beleza,"R$ 293,00","R$ 0,00","R$ 0,00","R$ 76,09","R$ 156,02","R$ 60,89",-
28/06/2024,AHIG0435 - Preto 220V,1,Mercado Livre - FULL,SP,Beleza,"R$ 445,55","R$ 66,95","R$ 25,95","R$ 63,94","R$ 156,02","R$ 132,69",1247/3
28/06/2024,AHIG0435 - Preto 220V,1,Mercado Livre - Envios,SC,Beleza,"R$ 921,60","R$ 139,71","R$ 49,90","R$ 132,25","R$ 156,02","R$ 443,72",1248/3
28/06/2024,AHIG0435 - Preto 220V,2,Loja Integrada - PagSeguro,SC,Beleza,"R$ 872,10","R$ 34,88","R$ 39,23","R$ 125,15","R$ 312,04","R$ 360,80",841/2
29/06/2024,AHIG0840 - Branco 220V,1,Mercado Livre - FULL,SP,Beleza,"R$ 449,10","R$ 68,08","R$ 25,95","R$ 64,45","R$ 156,02","R$ 134,61",1250/3
29/06/2024,AHIG0414 - Roxo 220V,1,Mercado Livre - FULL,GO,Beleza,"R$ 449,10","R$ 68,08","R$ 25,95","R$ 64,45","R$ 156,02","R$ 134,61",1252/3
29/06/2024,AHIG0435 - Preto 220V,1,Mercado Livre - FULL,PE,Beleza,"R$ 445,55","R$ 66,95","R$ 25,95","R$ 63,94","R$ 156,02","R$ 132,69",1256/3
29/06/2024,AHIG0839 - Branco 127V,1,Mercado Livre - FULL,RJ,Beleza,"R$ 499,00","R$ 84,83","R$ 25,95","R$ 71,61","R$ 156,02","R$ 160,59",1258/3
01/07/2024,AHIG0434 - Preto 127V,1,Mercado Livre - FULL,SP,Beleza,"R$ 499,00","R$ 84,83","R$ 25,95","R$ 71,61","R$ 156,02","R$ 160,59",1260/3
01/07/2024,AHIG0435 - Preto 220V,1,Mercado Livre - FULL,RJ,Beleza,"R$ 499,00","R$ 84,83","R$ 25,95","R$ 71,61","R$ 156,02","R$ 160,59",1262/3
01/07/2024,AHIG0435 - Preto 220V,1,Mercado Livre - Envios,CE,Beleza,"R$ 503,00","R$ 85,51","R$ 24,95","R$ 72,18","R$ 156,02","R$ 164,34",1267/3
01/07/2024,AHIG0435 - Preto 220V,1,Mercado Livre - FULL,SP,Beleza,"R$ 499,00","R$ 84,83","R$ 25,95","R$ 71,61","R$ 156,02","R$ 160,59",1264/3
01/07/2024,AHIG0435 - Preto 220V,1,Mercado Livre - FULL,RS,Beleza,"R$ 499,00","R$ 84,83","R$ 25,95","R$ 71,61","R$ 156,02","R$ 160,59",1266/3
02/07/2024,AHIG0435 - Preto 220V,1,Mercado Livre - FULL,PA,Beleza,"R$ 499,00","R$ 84,83","R$ 25,95","R$ 71,61","R$ 156,02","R$ 160,59",1273/3
02/07/2024,AHIG0434 - Preto 127V,1,Mercado Livre - FULL,MG,Beleza,"R$ 499,00","R$ 84,83","R$ 25,95","R$ 71,61","R$ 156,02","R$ 160,59",1271/3
02/07/2024,AHIG0434 - Preto 127V,1,Mercado Livre - FULL,SP,Beleza,"R$ 499,00","R$ 84,83","R$ 25,95","R$ 71,61","R$ 156,02","R$ 160,59",1269/3
03/07/2024,AHIG0434 - Preto 127V,1,Mercado Livre - FULL,MG,Beleza,"R$ 499,00","R$ 84,83","R$ 25,95","R$ 71,61","R$ 156,02","R$ 160,59",1275/3
03/07/2024,AHIG0435 - Preto 220V,1,Mercado Livre - FULL,MA,Beleza,"R$ 499,00","R$ 84,83","R$ 25,95","R$ 71,61","R$ 156,02","R$ 160,59",1277/3
03/07/2024,AHIG0435 - Preto 220V,1,Mercado Livre - FULL,RJ,Beleza,"R$ 499,00","R$ 84,83","R$ 25,95","R$ 71,61","R$ 156,02","R$ 160,59",1279/3
03/07/2024,AHIG0840 - Branco 220V,1,Mercado Livre - FULL,SP,Beleza,"R$ 499,00","R$ 84,83","R$ 25,95","R$ 71,61","R$ 156,02","R$ 160,59",1281/3
04/07/2024,AHIG0434 - Preto 127V,1,Mercado Livre - FULL,RJ,Beleza,"R$ 499,00","R$ 84,83","R$ 25,95","R$ 71,61","R$ 156,02","R$ 160,59",1283/3
04/07/2024,AHIG0434 - Preto 127V,1,Mercado Livre - FULL,MG,Beleza,"R$ 499,00","R$ 84,83","R$ 25,95","R$ 71,61","R$ 156,02","R$ 160,59",1285/3
04/07/2024,AHIG0839 - Branco 127V,1,Mercado Livre - FULL,RJ,Beleza,"R$ 529,00","R$ 89,93","R$ 25,95","R$ 75,91","R$ 156,02","R$ 181,19",1287/3
04/07/2024,AHIG0412 - Roxo 127V,1,Mercado Livre - FULL,RJ,Beleza,"R$ 476,10","R$ 80,94","R$ 25,95","R$ 68,32","R$ 156,02","R$ 144,87",1289/3
04/07/2024,AHIG0434 - Preto 127V,1,Mercado Livre - FULL,MG,Beleza,"R$ 502,55","R$ 85,43","R$ 25,95","R$ 72,12","R$ 156,02","R$ 163,03",1291/3
05/07/2024,AHIG0435 - Preto 220V,1,Distribuidor,SP,Beleza,"R$ 293,00","R$ 0,00","R$ 0,00","R$ 76,09","R$ 156,02","R$ 60,89",/1
05/07/2024,AHIG0435 - Preto 220V,1,Mercado Livre - FULL,RJ,Beleza,"R$ 502,55","R$ 85,43","R$ 25,95","R$ 72,12","R$ 156,02","R$ 163,03",1293/3
06/07/2024,AHIG0414 - Roxo 220V,1,Mercado Livre - FULL,CE,Beleza,"R$ 476,10","R$ 80,94","R$ 25,95","R$ 68,32","R$ 156,02","R$ 144,87",1295/3
06/07/2024,AHIG0840 - Branco 220V,1,Mercado Livre - FULL,RJ,Beleza,"R$ 529,00","R$ 89,93","R$ 25,95","R$ 75,91","R$ 156,02","R$ 181,19",1297/3
06/07/2024,AHIG0434 - Preto 127V,1,Mercado Livre - FULL,MG,Beleza,"R$ 502,55","R$ 85,43","R$ 25,95","R$ 72,12","R$ 156,02","R$ 163,03",1299/3
07/07/2024,AHIG0414 - Roxo 220V,1,Mercado Livre - FULL,AM,Beleza,"R$ 499,00","R$ 84,83","R$ 25,95","R$ 71,61","R$ 156,02","R$ 160,59",1303/3
07/07/2024,AHIG0435 - Preto 220V,1,Mercado Livre - FULL,SC,Beleza,"R$ 502,55","R$ 85,43","R$ 25,95","R$ 72,12","R$ 156,02","R$ 163,03",1301/3
08/07/2024,AHIG0435 - Preto 220V,1,Mercado Livre - FULL,SP,Beleza,"R$ 502,55","R$ 85,43","R$ 25,95","R$ 72,12","R$ 156,02","R$ 163,03",1307/3
08/07/2024,AHIG0434 - Preto 127V,1,Mercado Livre - FULL,GO,Beleza,"R$ 476,10","R$ 80,94","R$ 25,95","R$ 68,32","R$ 156,02","R$ 144,87",1317/3
09/07/2024,AHIG0434 - Preto 127V,1,Mercado Livre - FULL,MS,Beleza,"R$ 476,10","R$ 80,94","R$ 25,95","R$ 68,32","R$ 156,02","R$ 144,87",1309/3
09/07/2024,AHIG0435 - Preto 220V,1,Mercado Livre - FULL,SC,Beleza,"R$ 502,55","R$ 85,43","R$ 25,95","R$ 72,12","R$ 156,02","R$ 163,03",1313/3
09/07/2024,AHIG0435 - Preto 220V,1,Mercado Livre - FULL,PE,Beleza,"R$ 476,10","R$ 80,94","R$ 25,95","R$ 68,32","R$ 156,02","R$ 144,87",1321/3
09/07/2024,AHIG0435 - Preto 220V,1,Mercado Livre - FULL,SP,Beleza,"R$ 502,55","R$ 85,43","R$ 25,95","R$ 72,12","R$ 156,02","R$ 163,03",1315/3
09/07/2024,AHIG0434 - Preto 127V,1,Mercado Livre - FULL,AM,Beleza,"R$ 502,55","R$ 85,43","R$ 25,95","R$ 72,12","R$ 156,02","R$ 163,03",1331/3
09/07/2024,AHIG0435 - Preto 220V,1,Mercado Livre - FULL,TO,Beleza,"R$ 502,55","R$ 85,43","R$ 25,95","R$ 72,12","R$ 156,02","R$ 163,03",1323/3
09/07/2024,AHIG0434 - Preto 127V,1,Mercado Livre - FULL,AM,Beleza,"R$ 476,10","R$ 80,94","R$ 25,95","R$ 68,32","R$ 156,02","R$ 144,87",1325/3
10/07/2024,AHIG0435 - Preto 220V,4,Distribuidor,SP,Beleza,"R$ 1.172,00","R$ 0,00","R$ 0,00","R$ 304,37","R$ 624,08","R$ 243,55",/1
10/07/2024,AHIG0839 - Branco 127V,1,Americanas,MG,Beleza,"R$ 439,00","R$ 74,63","R$ 0,00","R$ 63,00","R$ 156,02","R$ 145,35",843/2
10/07/2024,AHIG0434 - Preto 127V,1,Mercado Livre - FULL,RJ,Beleza,"R$ 502,55","R$ 85,43","R$ 25,95","R$ 72,12","R$ 156,02","R$ 163,03",1329/3
11/07/2024,AHIG0434 - Preto 127V,2,Mercado Livre - FULL,AC,Beleza,"R$ 476,10","R$ 80,94","R$ 25,95","R$ 68,32","R$ 312,04","-R$ 11,15",1333/3
11/07/2024,AHIG0840 - Branco 220V,1,Americanas,SP,Beleza,"R$ 439,00","R$ 74,63","R$ 0,00","R$ 63,00","R$ 156,02","R$ 145,35",845/2
11/07/2024,AHIG0435 - Preto 220V,1,Mercado Livre - FULL,SP,Beleza,"R$ 502,55","R$ 85,43","R$ 25,95","R$ 72,12","R$ 156,02","R$ 163,03",1339/3
11/07/2024,AHIG0840 - Branco 220V,1,Mercado Livre - FULL,PE,Beleza,"R$ 502,55","R$ 85,43","R$ 25,95","R$ 72,12","R$ 156,02","R$ 163,03",1341/3
11/07/2024,AHIG0839 - Branco 127V,1,Mercado Livre - FULL,ES,Beleza,"R$ 476,10","R$ 80,94","R$ 25,95","R$ 68,32","R$ 156,02","R$ 144,87",1343/3
12/07/2024,AHIG0434 - Preto 127V,1,Mercado Livre - FULL,SP,Beleza,"R$ 502,55","R$ 85,43","R$ 25,95","R$ 72,12","R$ 156,02","R$ 163,03",1345/3
12/07/2024,AHIG0840 - Branco 220V,1,Mercado Livre - FULL,SC,Beleza,"R$ 529,00","R$ 89,93","R$ 25,95","R$ 75,91","R$ 156,02","R$ 181,19",1348/3
12/07/2024,AHIG0435 - Preto 220V,1,Mercado Livre - FULL,SP,Beleza,"R$ 502,55","R$ 85,43","R$ 25,95","R$ 72,12","R$ 156,02","R$ 163,03",1350/3
12/07/2024,AHIG0412 - Roxo 127V,1,Mercado Livre - FULL,BA,Beleza,"R$ 502,55","R$ 85,43","R$ 25,95","R$ 72,12","R$ 156,02","R$ 163,03",1354/3
12/07/2024,AHIG0434 - Preto 127V,1,Mercado Livre - FULL,PR,Beleza,"R$ 502,55","R$ 85,43","R$ 25,95","R$ 72,12","R$ 156,02","R$ 163,03",1356/3
13/07/2024,AHIG0435 - Preto 220V,1,Mercado Livre - FULL,SP,Beleza,"R$ 502,55","R$ 85,43","R$ 25,95","R$ 72,12","R$ 156,02","R$ 163,03",1358/3
13/07/2024,AHIG0434 - Preto 127V,1,Mercado Livre - FULL,SP,Beleza,"R$ 476,10","R$ 80,94","R$ 25,95","R$ 68,32","R$ 156,02","R$ 144,87",1360/3
13/07/2024,AHIG0435 - Preto 220V,1,Mercado Livre - FULL,RS,Beleza,"R$ 502,55","R$ 85,43","R$ 25,95","R$ 72,12","R$ 156,02","R$ 163,03",1366/3
14/07/2024,AHIG0839 - Branco 127V,1,Mercado Livre - FULL,MG,Beleza,"R$ 502,55","R$ 85,43","R$ 25,95","R$ 72,12","R$ 156,02","R$ 163,03",1362/3
14/07/2024,AHIG0435 - Preto 220V,1,Mercado Livre - FULL,SP,Beleza,"R$ 502,55","R$ 85,43","R$ 25,95","R$ 72,12","R$ 156,02","R$ 163,03",1365/3
14/07/2024,AHIG0435 - Preto 220V,1,Loja Integrada - PagSeguro,SP,Beleza,"R$ 502,38","R$ 20,10","R$ 17,38","R$ 72,09","R$ 156,02","R$ 236,79",846/2
15/07/2024,AHIG0435 - Preto 220V,1,Mercado Livre - FULL,SP,Beleza,"R$ 502,55","R$ 85,43","R$ 25,95","R$ 72,12","R$ 156,02","R$ 163,03",1369/3
15/07/2024,AHIG0435 - Preto 220V,1,Mercado Livre - FULL,MS,Beleza,"R$ 502,55","R$ 85,43","R$ 25,95","R$ 72,12","R$ 156,02","R$ 163,03",1374/3
15/07/2024,AHIG0434 - Preto 127V,1,Distribuidor,SP,Beleza,"R$ 293,00","R$ 0,00","R$ 0,00","R$ 76,09","R$ 156,02","R$ 60,89",/1
15/07/2024,AHIG0435 - Preto 220V,2,Loja integrada - Pix,GO,Beleza,"R$ 980,13","R$ 19,60","R$ 39,23","R$ 140,65","R$ 312,04","R$ 468,61",848/2
16/07/2024,AHIG0434 - Preto 127V,1,Mercado Livre - FULL,MG,Beleza,"R$ 476,10","R$ 80,94","R$ 25,95","R$ 68,32","R$ 156,02","R$ 144,87",1378/3
16/07/2024,AHIG0840 - Branco 220V,1,Mercado Livre - FULL,RJ,Beleza,"R$ 502,55","R$ 85,43","R$ 25,95","R$ 72,12","R$ 156,02","R$ 163,03",1382/3
16/07/2024,AHIG0435 - Preto 220V,1,Mercado Livre - FULL,RS,Beleza,"R$ 502,55","R$ 85,43","R$ 25,95","R$ 72,12","R$ 156,02","R$ 163,03",1393/3
16/07/2024,AHIG0840 - Branco 220V,1,Mercado Livre - FULL,SP,Beleza,"R$ 502,55","R$ 85,43","R$ 25,95","R$ 72,12","R$ 156,02","R$ 163,03",1389/3
17/07/2024,AHIG0434 - Preto 127V,1,Loja Integrada - PagSeguro,SP,Beleza,"R$ 485,00","R$ 19,40","R$ 25,95","R$ 69,60","R$ 156,02","R$ 214,03",849/2
17/07/2024,AHIG0434 - Preto 127V,1,Mercado Livre - FULL,SE,Beleza,"R$ 502,55","R$ 85,43","R$ 25,95","R$ 72,12","R$ 156,02","R$ 163,03",1391/3
18/07/2024,AHIG0435 - Preto 220V,1,Loja Integrada - PagSeguro,PR,Beleza,"R$ 506,58","R$ 20,26","R$ 24,58","R$ 72,69","R$ 156,02","R$ 233,02",850/2
18/07/2024,AHIG0434 - Preto 127V,1,Mercado Livre - FULL,SP,Beleza,"R$ 502,55","R$ 85,43","R$ 25,95","R$ 72,12","R$ 156,02","R$ 163,03",1395/3
18/07/2024,AHIG0435 - Preto 220V,1,Mercado Livre - FULL,SP,Beleza,"R$ 476,10","R$ 80,94","R$ 25,95","R$ 68,32","R$ 156,02","R$ 144,87",1399/3
19/07/2024,AHIG0435 - Preto 220V,1,Loja integrada - Pix,MT,Beleza,"R$ 494,61","R$ 9,89","R$ 24,16","R$ 70,98","R$ 156,02","R$ 233,56",851/2
19/07/2024,AHIG0435 - Preto 220V,1,Mercado Livre - FULL,RJ,Beleza,"R$ 502,55","R$ 85,43","R$ 25,95","R$ 72,12","R$ 156,02","R$ 163,03",1401/3
19/07/2024,AHIG0434 - Preto 127V,1,Mercado Livre - Envios,MG,Beleza,"R$ 485,94","R$ 71,93","R$ 24,95","R$ 69,73","R$ 156,02","R$ 163,31",1412/3
19/07/2024,AHIG0840 - Branco 220V,1,Mercado Livre - FULL,RS,Beleza,"R$ 502,55","R$ 85,43","R$ 25,95","R$ 72,12","R$ 156,02","R$ 163,03",1404/3
20/07/2024,AHIG0840 - Branco 220V,1,Mercado Livre - FULL,SC,Beleza,"R$ 476,10","R$ 80,94","R$ 25,95","R$ 68,32","R$ 156,02","R$ 144,87",1406/3
20/07/2024,AHIG0840 - Branco 220V,1,Mercado Livre - FULL,SP,Beleza,"R$ 476,10","R$ 80,94","R$ 25,95","R$ 68,32","R$ 156,02","R$ 144,87",1408/3
20/07/2024,AHIG0414 - Roxo 220V,1,Mercado Livre - FULL,SC,Beleza,"R$ 529,00","R$ 89,93","R$ 25,95","R$ 75,91","R$ 156,02","R$ 181,19",1411/3
22/07/2024,AHIG0434 - Preto 127V,1,Mercado Livre - Envios,MG,Beleza,"R$ 485,94","R$ 71,93","R$ 24,95","R$ 69,73","R$ 156,02","R$ 163,31",1413/3
22/07/2024,AHIG0435 - Preto 220V,1,Shopee,RO,Beleza,"R$ 533,52","R$ 80,02","R$ 44,52","R$ 76,56","R$ 156,02","R$ 176,40",852/2
22/07/2024,AHIG0434 - Preto 127V,1,Shopee,SP,Beleza,"R$ 489,00","R$ 72,45","R$ 0,00","R$ 70,17","R$ 156,02","R$ 190,36",853/2
22/07/2024,AHIG0414 - Roxo 220V,1,Mercado Livre - Envios,CE,Beleza,"R$ 485,94","R$ 71,93","R$ 24,95","R$ 69,73","R$ 156,02","R$ 163,31",1414/3
22/07/2024,AHIG0840 - Branco 220V,1,Mercado Livre - FULL,SP,Beleza,"R$ 529,00","R$ 89,93","R$ 25,95","R$ 75,91","R$ 156,02","R$ 181,19",1416/3
22/07/2024,AHIG0434 - Preto 127V,1,Mercado Livre - Envios,MG,Beleza,"R$ 485,94","R$ 71,93","R$ 25,95","R$ 69,73","R$ 156,02","R$ 162,31",1417/3
22/07/2024,AHIG0434 - Preto 127V,1,Distribuidor,SP,Beleza,"R$ 293,00","R$ 0,00","R$ 0,00","R$ 76,09","R$ 156,02","R$ 60,89",/1
23/07/2024,AHIG0435 - Preto 220V,1,Loja integrada - Pix,RN,Beleza,"R$ 502,81","R$ 10,06","R$ 32,36","R$ 72,15","R$ 156,02","R$ 232,22",854/2
23/07/2024,AHIG0434 - Preto 127V,1,Mercado Livre - Envios,PA,Beleza,"R$ 485,94","R$ 82,61","R$ 24,95","R$ 69,73","R$ 156,02","R$ 152,63",1423/3
23/07/2024,AHIG0434 - Preto 127V,1,Mercado Livre - Envios,SP,Beleza,"R$ 485,94","R$ 82,61","R$ 24,95","R$ 69,73","R$ 156,02","R$ 152,63",1422/3
23/07/2024,AHIG0840 - Branco 220V,1,Mercado Livre - FULL,SC,Beleza,"R$ 529,00","R$ 89,93","R$ 25,95","R$ 75,91","R$ 156,02","R$ 181,19",1421/3
23/07/2024,AHIG0840 - Branco 220V,1,Mercado Livre - FULL,SC,Beleza,"R$ 529,00","R$ 89,93","R$ 25,95","R$ 75,91","R$ 156,02","R$ 181,19",1419/3
24/07/2024,AHIG0434 - Preto 127V,1,Distribuidor,SP,Beleza,"R$ 293,00","R$ 0,00","R$ 0,00","R$ 76,09","R$ 156,02","R$ 60,89",/1
24/07/2024,AHIG0435 - Preto 220V,1,Mercado Livre - Envios,SP,Beleza,"R$ 485,94","R$ 71,93","R$ 24,95","R$ 69,73","R$ 156,02","R$ 163,31",1424/3
24/07/2024,AHIG0435 - Preto 220V,1,Mercado Livre - Envios,SP,Beleza,"R$ 485,94","R$ 82,61","R$ 25,95","R$ 69,73","R$ 156,02","R$ 151,63",1426/3
24/07/2024,AHIG0414 - Roxo 220V,1,Mercado Livre - Envios,RS,Beleza,"R$ 485,94","R$ 71,93","R$ 25,95","R$ 69,73","R$ 156,02","R$ 162,31",1428/3
25/07/2024,AHIG0434 - Preto 127V,1,Mercado Livre - Envios,MG,Beleza,"R$ 485,94","R$ 71,93","R$ 25,95","R$ 69,73","R$ 156,02","R$ 162,31",1427/3
26/07/2024,AHIG0435 - Preto 220V,1,Shopee,SC,Beleza,"R$ 489,00","R$ 83,13","R$ 25,95","R$ 70,17","R$ 156,02","R$ 153,73",855/2
26/07/2024,AHIG0414 - Roxo 220V,1,Mercado Livre - Envios,DF,Beleza,"R$ 485,94","R$ 71,93","R$ 24,95","R$ 69,73","R$ 156,02","R$ 163,31",1429/3
26/07/2024,AHIG0434 - Preto 127V,1,Mercado Livre - Envios,SP,Beleza,"R$ 485,94","R$ 71,93","R$ 24,95","R$ 69,73","R$ 156,02","R$ 163,31",1430/3
26/07/2024,AHIG0434 - Preto 127V,1,Mercado Livre - Envios,SP,Beleza,"R$ 485,94","R$ 71,93","R$ 24,95","R$ 69,73","R$ 156,02","R$ 163,31",1431/3
26/07/2024,AHIG0435 - Preto 220V,1,Mercado Livre - FULL,SP,Beleza,"R$ 485,94","R$ 71,93","R$ 24,95","R$ 69,73","R$ 156,02","R$ 163,31",1433/3
26/07/2024,AHIG0840 - Branco 220V,1,Loja Integrada - PagSeguro,MG,Beleza,"R$ 506,55","R$ 20,26","R$ 21,58","R$ 72,69","R$ 156,02","R$ 236,00",856/2
26/07/2024,AHIG0434 - Preto 127V,1,Loja integrada - Pix,SP,Beleza,"R$ 487,83","R$ 9,76","R$ 17,38","R$ 70,00","R$ 156,02","R$ 234,67",857/2
27/07/2024,AHIG0434 - Preto 127V,1,Mercado Livre - Envios,RJ,Beleza,"R$ 485,94","R$ 71,93","R$ 24,95","R$ 69,73","R$ 156,02","R$ 163,31",1440/3
27/07/2024,AHIG0414 - Roxo 220V,1,Mercado Livre - FULL,PI,Beleza,"R$ 529,00","R$ 89,93","R$ 25,95","R$ 75,91","R$ 156,02","R$ 181,19",1435/3
28/07/2024,AHIG0840 - Branco 220V,1,Mercado Livre - Envios,MT,Beleza,"R$ 485,94","R$ 71,93","R$ 24,95","R$ 69,73","R$ 156,02","R$ 163,31",1441/3
29/07/2024,AHIG0435 - Preto 220V,1,Mercado Livre - Envios,BA,Beleza,"R$ 485,94","R$ 82,61","R$ 25,95","R$ 69,73","R$ 156,02","R$ 151,63",1540/3
29/07/2024,AHIG0839 - Branco 127V,1,Mercado Livre - FULL,BA,Beleza,"R$ 529,00","R$ 89,93","R$ 25,95","R$ 75,91","R$ 156,02","R$ 181,19",1539/3
30/07/2024,AHIG0839 - Branco 127V,5,Distribuidor,SP,Beleza,"R$ 1.000,65","R$ 0,00","R$ 0,00","R$ 259,87","R$ 780,10","-R$ 39,32",/1
30/07/2024,AHIG0435 - Preto 220V,20,Distribuidor,SP,Beleza,"R$ 4.002,60","R$ 0,00","R$ 0,00","R$ 1.039,48","R$ 3.120,40","-R$ 157,28",/1
30/07/2024,AHIG0434 - Preto 127V,25,Distribuidor,SP,Beleza,"R$ 5.003,25","R$ 0,00","R$ 0,00","R$ 1.299,34","R$ 3.900,50","-R$ 196,59",/1
30/07/2024,AHIG0412 - Roxo 127V,1,Mercado Livre - FULL,SP,Beleza,"R$ 529,00","R$ 89,93","R$ 25,95","R$ 75,91","R$ 156,02","R$ 181,19",1542/3
30/07/2024,AHIG0434 - Preto 127V,1,Mercado Livre - Envios,GO,Beleza,"R$ 485,94","R$ 71,93","R$ 25,95","R$ 69,73","R$ 156,02","R$ 162,31",1551/3
30/07/2024,AHIG0435 - Preto 220V,1,Distribuidor,SP,Beleza,"R$ 293,00","R$ 0,00","R$ 0,00","R$ 76,09","R$ 156,02","R$ 60,89",/1
30/07/2024,AHIG0839 - Branco 127V,1,Mercado Livre - FULL,SP,Beleza,"R$ 529,00","R$ 89,93","R$ 25,95","R$ 75,91","R$ 156,02","R$ 181,19",1544/3
30/07/2024,AHIG0840 - Branco 220V,1,Mercado Livre - FULL,PA,Beleza,"R$ 529,00","R$ 89,93","R$ 25,95","R$ 75,91","R$ 156,02","R$ 181,19",1446/3
30/07/2024,AHIG0412 - Roxo 127V,1,Mercado Livre - Envios,SP,Beleza,"R$ 485,94","R$ 71,93","R$ 24,95","R$ 69,73","R$ 156,02","R$ 163,31",1552/3
31/07/2024,AHIG0434 - Preto 127V,1,Mercado Livre - FULL,BA,Beleza,"R$ 529,00","R$ 79,25","R$ 25,95","R$ 75,91","R$ 156,02","R$ 191,87",1554/3
01/08/2024,AHIG0434 - Preto 127V,1,Loja Integrada - PagSeguro,PR,Beleza,"R$ 1.009,23","R$ 40,37","R$ 39,23","R$ 144,82","R$ 156,02","R$ 628,79",859/2
01/08/2024,AHIG0435 - Preto 220V,1,Mercado Livre - FULL,SP,Beleza,"R$ 502,55","R$ 85,43","R$ 25,95","R$ 72,12","R$ 156,02","R$ 163,03",1558/3
01/08/2024,AHIG0435 - Preto 220V,1,Mercado Livre - FULL,DF,Beleza,"R$ 502,55","R$ 85,43","R$ 25,95","R$ 72,12","R$ 156,02","R$ 163,03",1560/3
02/08/2024,AHIG0414 - Roxo 220V,1,Loja integrada - Pix,SC,Beleza,"R$ 485,00","R$ 9,70","R$ 27,58","R$ 69,60","R$ 156,02","R$ 222,10",860/2
02/08/2024,AHIG0839 - Branco 127V,1,Mercado Livre - FULL,SE,Beleza,"R$ 502,55","R$ 85,43","R$ 25,95","R$ 72,12","R$ 156,02","R$ 163,03",1562/3
03/08/2024,AHIG0839 - Branco 127V,2,Mercado Livre - FULL,AL,Beleza,"R$ 1.005,10","R$ 170,87","R$ 51,90","R$ 144,23","R$ 312,04","R$ 326,06",1566/3
03/08/2024,AHIG0839 - Branco 127V,1,Mercado Livre - FULL,PA,Beleza,"R$ 502,55","R$ 85,43","R$ 25,95","R$ 72,12","R$ 156,02","R$ 163,03",1568/3
03/08/2024,AHIG0435 - Preto 220V,1,Loja integrada - Pix,BA,Beleza,"R$ 503,03","R$ 10,06","R$ 32,58","R$ 72,18","R$ 156,02","R$ 232,18",861/3
05/08/2024,AHIG0434 - Preto 127V,1,Mercado Livre - FULL,RJ,Beleza,"R$ 502,55","R$ 85,43","R$ 25,95","R$ 72,12","R$ 156,02","R$ 163,03",1576/3
05/08/2024,AHIG0435 - Preto 220V,1,Mercado Livre - FULL,PR,Beleza,"R$ 502,55","R$ 85,43","R$ 25,95","R$ 72,12","R$ 156,02","R$ 163,03",1578/3
05/08/2024,AHIG0414 - Roxo 220V,1,Mercado Livre - Envios,PA,Beleza,"R$ 507,30","R$ 86,24","R$ 25,95","R$ 72,80","R$ 156,02","R$ 166,29",1581/3
05/08/2024,AHIG0412 - Roxo 127V,1,Mercado Livre - FULL,MG,Beleza,"R$ 502,55","R$ 85,43","R$ 25,95","R$ 72,12","R$ 156,02","R$ 163,03",1585/3
06/08/2024,AHIG0435 - Preto 220V,1,Mercado Livre - FULL,SC,Beleza,"R$ 502,55","R$ 85,43","R$ 25,95","R$ 72,12","R$ 156,02","R$ 163,03",1589/3
06/08/2024,AHIG0414 - Roxo 220V,1,Mercado Livre - Envios,RS,Beleza,"R$ 507,30","R$ 86,24","R$ 24,95","R$ 72,80","R$ 156,02","R$ 167,29",1599/3
06/08/2024,AHIG0435 - Preto 220V,1,Mercado Livre - FULL,MS,Beleza,"R$ 502,55","R$ 85,43","R$ 25,95","R$ 72,12","R$ 156,02","R$ 163,03",1591/3
06/08/2024,AHIG0839 - Branco 127V,1,Mercado Livre - FULL,SP,Beleza,"R$ 502,55","R$ 85,43","R$ 25,95","R$ 72,12","R$ 156,02","R$ 163,03",1594/3
06/08/2024,AHIG0839 - Branco 127V,1,Mercado Livre - FULL,SP,Beleza,"R$ 502,55","R$ 85,43","R$ 25,95","R$ 72,12","R$ 156,02","R$ 163,03",1596/3
07/08/2024,AHIG0434 - Preto 127V,1,Mercado Livre - FULL,SP,Beleza,"R$ 502,55","R$ 85,43","R$ 25,95","R$ 72,12","R$ 156,02","R$ 163,03",1603/3
07/08/2024,AHIG0435 - Preto 220V,1,Mercado Livre - FULL,RJ,Beleza,"R$ 502,55","R$ 85,43","R$ 25,95","R$ 72,12","R$ 156,02","R$ 163,03",1605/3
07/08/2024,AHIG0434 - Preto 127V,1,Mercado Livre - FULL,RJ,Beleza,"R$ 502,55","R$ 85,43","R$ 25,95","R$ 72,12","R$ 156,02","R$ 163,03",1607/3
07/08/2024,AHIG0434 - Preto 127V,1,Mercado Livre - FULL,SP,Beleza,"R$ 502,55","R$ 85,43","R$ 25,95","R$ 72,12","R$ 156,02","R$ 163,03",1609/3
07/08/2024,AHIG0435 - Preto 220V,1,Mercado Livre - FULL,PE,Beleza,"R$ 502,55","R$ 85,43","R$ 25,95","R$ 72,12","R$ 156,02","R$ 163,03",1612/3
07/08/2024,AHIG0435 - Preto 220V,1,Mercado Livre - FULL,PE,Beleza,"R$ 502,55","R$ 85,43","R$ 25,95","R$ 72,12","R$ 156,02","R$ 163,03",1613/3
07/08/2024,AHIG0840 - Branco 220V,1,Mercado Livre - FULL,RJ,Beleza,"R$ 502,55","R$ 85,43","R$ 25,95","R$ 72,12","R$ 156,02","R$ 163,03",1616/3
07/08/2024,AHIG0839 - Branco 127V,1,Mercado Livre - FULL,SP,Beleza,"R$ 502,55","R$ 85,43","R$ 25,95","R$ 72,12","R$ 156,02","R$ 163,03",1618/3
08/08/2024,AHIG0435 - Preto 220V,1,Distribuidor,SP,Beleza,"R$ 293,00","R$ 0,00","R$ 0,00","R$ 76,09","R$ 156,02","R$ 60,89",/1
08/08/2024,AHIG0434 - Preto 127V,1,Mercado Livre - FULL,SP,Beleza,"R$ 502,55","R$ 85,43","R$ 25,95","R$ 72,12","R$ 156,02","R$ 163,03",1656/3
08/08/2024,AHIG0435 - Preto 220V,1,Mercado Livre - FULL,RJ,Beleza,"R$ 502,55","R$ 85,43","R$ 25,95","R$ 72,12","R$ 156,02","R$ 163,03",1660/3
08/08/2024,AHIG0434 - Preto 127V,1,Mercado Livre - FULL,SP,Beleza,"R$ 497,26","R$ 84,53","R$ 25,95","R$ 71,36","R$ 156,02","R$ 159,40",1666/3
08/08/2024,AHIG0435 - Preto 220V,1,Mercado Livre - FULL,RS,Beleza,"R$ 497,26","R$ 84,53","R$ 25,95","R$ 71,36","R$ 156,02","R$ 159,40",1668/3
08/08/2024,AHIG0435 - Preto 220V,1,Mercado Livre - FULL,RS,Beleza,"R$ 497,26","R$ 84,53","R$ 25,95","R$ 71,36","R$ 156,02","R$ 159,40",1670/3
08/08/2024,AHIG0435 - Preto 220V,2,Loja integrada - Pix,AL,Beleza,"R$ 921,50","R$ 18,43","R$ 63,76","R$ 132,24","R$ 312,04","R$ 395,03",862/2
09/08/2024,AHIG0434 - Preto 127V,2,Distribuidor,SP,Beleza,"R$ 586,00","R$ 0,00","R$ 0,00","R$ 152,18","R$ 312,04","R$ 121,78",/1
09/08/2024,AHIG0435 - Preto 220V,1,Mercado Livre - FULL,MA,Beleza,"R$ 497,26","R$ 84,53","R$ 25,95","R$ 71,36","R$ 156,02","R$ 159,40",1674/3
09/08/2024,AHIG0434 - Preto 127V,1,Mercado Livre - Envios,,Beleza,"R$ 507,30","R$ 86,24","R$ 24,95","R$ 72,80","R$ 156,02","R$ 167,29",1683/3
09/08/2024,AHIG0435 - Preto 220V,1,Mercado Livre - FULL,SP,Beleza,"R$ 502,55","R$ 85,43","R$ 25,95","R$ 72,12","R$ 156,02","R$ 163,03",1682/3
09/08/2024,AHIG0435 - Preto 220V,1,Mercado Livre - FULL,SP,Beleza,"R$ 497,26","R$ 84,53","R$ 25,95","R$ 71,36","R$ 156,02","R$ 159,40",1676/3
09/08/2024,AHIG0434 - Preto 127V,1,Mercado Livre - FULL,RJ,Beleza,"R$ 497,26","R$ 84,53","R$ 25,95","R$ 71,36","R$ 156,02","R$ 159,40",1678/3
10/08/2024,AHIG0435 - Preto 220V,1,Distribuidor,SP,Beleza,"R$ 293,00","R$ 0,00","R$ 0,00","R$ 76,09","R$ 156,02","R$ 60,89",/1
12/08/2024,AHIG0434 - Preto 127V,1,Mercado Livre - FULL,RJ,Beleza,"R$ 497,26","R$ 84,53","R$ 25,95","R$ 71,36","R$ 156,02","R$ 159,40",1685/3
12/08/2024,AHIG0435 - Preto 220V,1,Mercado Livre - FULL,PE,Beleza,"R$ 497,26","R$ 84,53","R$ 25,95","R$ 71,36","R$ 156,02","R$ 159,40",1687/3
12/08/2024,AHIG0434 - Preto 127V,1,Mercado Livre - FULL,SP,Beleza,"R$ 502,55","R$ 85,43","R$ 25,95","R$ 72,12","R$ 156,02","R$ 163,03",1689/3
12/08/2024,AHIG0412 - Roxo 127V,1,Mercado Livre - FULL,MT,Beleza,"R$ 497,26","R$ 84,53","R$ 25,95","R$ 71,36","R$ 156,02","R$ 159,40",1691/3
13/08/2024,AHIG0434 - Preto 127V,1,Mercado Livre - FULL,AM,Beleza,"R$ 497,26","R$ 84,53","R$ 25,95","R$ 71,36","R$ 156,02","R$ 159,40",1693/3
13/08/2024,AHIG0414 - Roxo 220V,1,Loja Integrada - PagSeguro,SP,Beleza,"R$ 506,71","R$ 20,27","R$ 21,71","R$ 72,71","R$ 156,02","R$ 236,00",863/2
13/08/2024,AHIG0434 - Preto 127V,1,Mercado Livre - FULL,SP,Beleza,"R$ 497,26","R$ 84,53","R$ 25,95","R$ 71,36","R$ 156,02","R$ 159,40",1698/3
13/08/2024,AHIG0434 - Preto 127V,1,Mercado Livre - FULL,SP,Beleza,"R$ 497,26","R$ 84,53","R$ 25,95","R$ 71,36","R$ 156,02","R$ 159,40",1696/3
13/08/2024,AHIG0412 - Roxo 127V,1,Mercado Livre - FULL,SP,Beleza,"R$ 502,55","R$ 85,43","R$ 25,95","R$ 72,12","R$ 156,02","R$ 163,03",1700/3
13/08/2024,AHIG0435 - Preto 220V,1,Mercado Livre - FULL,GO,Beleza,"R$ 497,26","R$ 84,53","R$ 25,95","R$ 71,36","R$ 156,02","R$ 159,40",1702/3
13/08/2024,AHIG0435 - Preto 220V,1,Mercado Livre - FULL,ES,Beleza,"R$ 497,26","R$ 84,53","R$ 25,95","R$ 71,36","R$ 156,02","R$ 159,40",1706/3
14/08/2024,AHIG0434 - Preto 127V,1,Distribuidor,SP,Beleza,"R$ 293,00","R$ 0,00","R$ 0,00","R$ 76,09","R$ 156,02","R$ 60,89",/1
14/08/2024,AHIG0434 - Preto 127V,2,Distribuidor,SP,Beleza,"R$ 586,00","R$ 0,00","R$ 0,00","R$ 152,18","R$ 312,04","R$ 121,78",/1
14/08/2024,AHIG0434 - Preto 127V,1,Mercado Livre - FULL,ES,Beleza,"R$ 497,26","R$ 84,53","R$ 25,95","R$ 71,36","R$ 156,02","R$ 159,40",1708/3
14/08/2024,AHIG0434 - Preto 127V,1,Mercado Livre - FULL,BA,Beleza,"R$ 497,26","R$ 84,53","R$ 25,95","R$ 71,36","R$ 156,02","R$ 159,40",1712/3
15/08/2024,AHIG0434 - Preto 127V,1,Mercado Livre - FULL,SP,Beleza,"R$ 497,26","R$ 84,53","R$ 25,95","R$ 71,36","R$ 156,02","R$ 159,40",1716/3
15/08/2024,AHIG0434 - Preto 127V,1,Mercado Livre - FULL,SP,Beleza,"R$ 497,26","R$ 84,53","R$ 25,95","R$ 71,36","R$ 156,02","R$ 159,40",1718/3
16/08/2024,AHIG0434 - Preto 127V,1,Mercado Livre - FULL,SP,Beleza,"R$ 497,26","R$ 84,53","R$ 25,95","R$ 71,36","R$ 156,02","R$ 159,40",1724/3
16/08/2024,AHIG0412 - Roxo 127V,1,Mercado Livre - FULL,BA,Beleza,"R$ 502,55","R$ 85,43","R$ 25,95","R$ 72,12","R$ 156,02","R$ 163,03",1722/3
16/08/2024,AHIG0435 - Preto 220V,1,Mercado Livre - FULL,MT,Beleza,"R$ 497,26","R$ 84,53","R$ 25,95","R$ 71,36","R$ 156,02","R$ 159,40","1726,3"
16/08/2024,AHIG0435 - Preto 220V,1,Mercado Livre - FULL,RO,Beleza,"R$ 497,26","R$ 84,53","R$ 25,95","R$ 71,36","R$ 156,02","R$ 159,40",1734/3
16/08/2024,AHIG0435 - Preto 220V,1,Mercado Livre - FULL,RS,Beleza,"R$ 502,55","R$ 85,43","R$ 25,95","R$ 72,12","R$ 156,02","R$ 163,03",1728/3
16/08/2024,AHIG0414 - Roxo 220V,1,Mercado Livre - Envios,CE,Beleza,"R$ 496,62","R$ 84,43","R$ 24,95","R$ 71,26","R$ 156,02","R$ 159,96",1744/3
17/08/2024,AHIG0435 - Preto 220V,1,Mercado Livre - FULL,SP,Beleza,"R$ 497,26","R$ 84,53","R$ 25,95","R$ 71,36","R$ 156,02","R$ 159,40",1739/3
18/08/2024,AHIG0435 - Preto 220V,1,Mercado Livre - FULL,SP,Beleza,"R$ 497,26","R$ 84,53","R$ 25,95","R$ 71,36","R$ 156,02","R$ 159,40",1743/3
18/08/2024,AHIG0839 - Branco 127V,1,Amazon BR,AM,Beleza,"R$ 529,90","R$ 90,08","R$ 23,45","R$ 76,04","R$ 156,02","R$ 184,31",864/2
19/08/2024,AHIG0840 - Branco 220V,1,Mercado Livre - FULL,RN,Beleza,"R$ 502,55","R$ 85,43","R$ 25,95","R$ 72,12","R$ 156,02","R$ 163,03",1746/3
19/08/2024,AHIG0435 - Preto 220V,1,Mercado Livre - FULL,PE,Beleza,"R$ 497,26","R$ 84,53","R$ 25,95","R$ 71,36","R$ 156,02","R$ 159,40",1748/3
19/08/2024,AHIG0435 - Preto 220V,1,Mercado Livre - FULL,DF,Beleza,"R$ 497,26","R$ 84,53","R$ 25,95","R$ 71,36","R$ 156,02","R$ 159,40",1750/3
19/08/2024,AHIG0839 - Branco 127V,1,Mercado Livre - FULL,SP,Beleza,"R$ 502,55","R$ 85,43","R$ 25,95","R$ 72,12","R$ 156,02","R$ 163,03",1752/3
20/08/2024,AHIG0435 - Preto 220V,1,Mercado Livre - FULL,MT,Beleza,"R$ 497,27","R$ 84,54","R$ 25,95","R$ 71,36","R$ 156,02","R$ 159,41",1751/3
20/08/2024,AHIG0435 - Preto 220V,1,Mercado Livre - FULL,MS,Beleza,"R$ 497,26","R$ 84,53","R$ 25,95","R$ 71,36","R$ 156,02","R$ 159,40",1753/3
21/08/2024,AHIG0435 - Preto 220V,1,Mercado Livre - FULL,GO,Beleza,"R$ 497,26","R$ 84,53","R$ 25,95","R$ 71,36","R$ 156,02","R$ 159,40",1758/3
21/08/2024,AHIG0435 - Preto 220V,1,Mercado Livre - FULL,SC,Beleza,"R$ 497,26","R$ 84,53","R$ 25,95","R$ 71,36","R$ 156,02","R$ 159,40",1760/3
21/08/2024,AHIG0435 - Preto 220V,1,Shopee,PE,Beleza,"R$ 489,00","R$ 101,81","R$ 0,00","R$ 70,17","R$ 156,02","R$ 161,00",866/2
21/08/2024,AHIG0435 - Preto 220V,1,Amazon BR,SP,Beleza,"R$ 529,90","R$ 90,08","R$ 23,45","R$ 76,04","R$ 156,02","R$ 184,31",865/2
22/08/2024,AHIG0435 - Preto 220V,1,Shopee,PE,Beleza,"R$ 489,00","R$ 83,13","R$ 0,00","R$ 70,17","R$ 156,02","R$ 179,68",867/2
22/08/2024,AHIG0412 - Roxo 127V,1,Mercado Livre - FULL,SP,Beleza,"R$ 502,55","R$ 85,43","R$ 25,95","R$ 72,12","R$ 156,02","R$ 163,03",1764/3
22/08/2024,AHIG0434 - Preto 127V,1,Mercado Livre - FULL,RJ,Beleza,"R$ 497,26","R$ 84,53","R$ 25,95","R$ 71,36","R$ 156,02","R$ 159,40",1762/3
23/08/2024,AHIG0839 - Branco 127V,1,Shopee,SP,Beleza,"R$ 499,00","R$ 103,81","R$ 25,95","R$ 71,61","R$ 156,02","R$ 141,61",868/2
23/08/2024,AHIG0435 - Preto 220V,1,Loja integrada - Pix,GO,Beleza,"R$ 460,75","R$ 0,00","R$ 23,75","R$ 66,12","R$ 156,02","R$ 214,86",869/2
23/08/2024,AHIG0435 - Preto 220V,1,Mercado Livre - FULL,SP,Beleza,"R$ 497,26","R$ 84,53","R$ 25,95","R$ 71,36","R$ 156,02","R$ 159,40",1766/3
23/08/2024,AHIG0434 - Preto 127V,1,Mercado Livre - FULL,SE,Beleza,"R$ 497,26","R$ 84,53","R$ 25,95","R$ 71,36","R$ 156,02","R$ 159,40",1774/3
23/08/2024,AHIG0435 - Preto 220V,1,Loja Integrada - PagSeguro,MA,Beleza,"R$ 517,36","R$ 20,69","R$ 32,36","R$ 74,24","R$ 156,02","R$ 234,04",870/2
24/08/2024,AHIG0435 - Preto 220V,1,Mercado Livre - FULL,MT,Beleza,"R$ 497,26","R$ 84,53","R$ 25,95","R$ 71,36","R$ 156,02","R$ 159,40",1768/3
24/08/2024,AHIG0839 - Branco 127V,1,Mercado Livre - FULL,SP,Beleza,"R$ 502,55","R$ 85,43","R$ 25,95","R$ 72,12","R$ 156,02","R$ 163,03",1770/3
24/08/2024,AHIG0435 - Preto 220V,2,Mercado Livre - FULL,GO,Beleza,"R$ 994,52","R$ 169,07","R$ 25,95","R$ 142,71","R$ 312,04","R$ 344,75",1772/3
25/08/2024,AHIG0840 - Branco 220V,1,Mercado Livre - FULL,MT,Beleza,"R$ 502,55","R$ 85,43","R$ 25,95","R$ 72,12","R$ 156,02","R$ 163,03",1776/3
25/08/2024,AHIG0434 - Preto 127V,1,Mercado Livre - FULL,RJ,Beleza,"R$ 497,26","R$ 84,53","R$ 25,95","R$ 71,36","R$ 156,02","R$ 159,40",1778/3
26/08/2024,AHIG0435 - Preto 220V,1,Mercado Livre - FULL,SP,Beleza,"R$ 497,26","R$ 84,53","R$ 25,95","R$ 71,36","R$ 156,02","R$ 159,40",1781/3
26/08/2024,AHIG0434 - Preto 127V,1,Mercado Livre - FULL,MG,Beleza,"R$ 497,26","R$ 84,53","R$ 25,95","R$ 71,36","R$ 156,02","R$ 159,40",1783/3
26/08/2024,AHIG0412 - Roxo 127V,1,Mercado Livre - FULL,MG,Beleza,"R$ 497,26","R$ 84,53","R$ 25,95","R$ 71,36","R$ 156,02","R$ 159,40",1785/3
26/08/2024,AHIG0414 - Roxo 220V,1,Mercado Livre - Envios,SC,Beleza,"R$ 496,62","R$ 84,43","R$ 24,95","R$ 71,26","R$ 156,02","R$ 159,96",1788/3
27/08/2024,AHIG0434 - Preto 127V,1,Mercado Livre - FULL,SP,Beleza,"R$ 496,26","R$ 84,36","R$ 25,95","R$ 71,21","R$ 156,02","R$ 158,71",1787/3
27/08/2024,AHIG0434 - Preto 127V,1,Mercado Livre - FULL,RO,Beleza,"R$ 497,26","R$ 84,53","R$ 25,95","R$ 71,36","R$ 156,02","R$ 159,40",1790/3
27/08/2024,AHIG0435 - Preto 220V,1,Mercado Livre - FULL,SP,Beleza,"R$ 497,26","R$ 84,53","R$ 25,95","R$ 71,36","R$ 156,02","R$ 159,40",1792/3
28/08/2024,AHIG0434 - Preto 127V,1,Mercado Livre - FULL,BA,Beleza,"R$ 497,26","R$ 84,53","R$ 25,95","R$ 71,36","R$ 156,02","R$ 159,40",1796/3
28/08/2024,AHIG0435 - Preto 220V,2,Distribuidor,SP,Beleza,"R$ 586,00","R$ 0,00","R$ 0,00","R$ 152,18","R$ 312,04","R$ 121,78",/1
28/08/2024,AHIG0412 - Roxo 127V,1,Mercado Livre - FULL,SP,Beleza,"R$ 502,55","R$ 85,43","R$ 25,95","R$ 72,12","R$ 156,02","R$ 163,03",1802/3
28/08/2024,AHIG0435 - Preto 220V,1,Mercado Livre - FULL,MS,Beleza,"R$ 497,26","R$ 84,53","R$ 25,95","R$ 71,36","R$ 156,02","R$ 159,40",1798/3
28/08/2024,AHIG0435 - Preto 220V,1,Shopee,CE,Beleza,"R$ 499,00","R$ 103,81","R$ 18,73","R$ 71,61","R$ 156,02","R$ 148,83",872/2
28/08/2024,AHIG0434 - Preto 127V,1,Mercado Livre - FULL,SP,Beleza,"R$ 497,26","R$ 84,53","R$ 25,95","R$ 71,36","R$ 156,02","R$ 159,40",1800/3
28/08/2024,AHIG0434 - Preto 127V,1,Mercado Livre - FULL,SP,Beleza,"R$ 497,26","R$ 84,53","R$ 25,95","R$ 71,36","R$ 156,02","R$ 159,40",1806/3
29/08/2024,AHIG0434 - Preto 127V,1,Mercado Livre - FULL,SP,Beleza,"R$ 497,26","R$ 84,53","R$ 25,95","R$ 71,36","R$ 156,02","R$ 159,40",1810/3
29/08/2024,AHIG0840 - Branco 220V,1,Mercado Livre - FULL,PE,Beleza,"R$ 497,26","R$ 84,53","R$ 25,95","R$ 71,36","R$ 156,02","R$ 159,40",1812/3
29/08/2024,AHIG0840 - Branco 220V,1,Mercado Livre - FULL,RJ,Beleza,"R$ 497,26","R$ 84,53","R$ 25,95","R$ 71,36","R$ 156,02","R$ 159,40",1814/3
29/08/2024,AHIG0434 - Preto 127V,1,Mercado Livre - FULL,SP,Beleza,"R$ 497,26","R$ 84,53","R$ 25,95","R$ 71,36","R$ 156,02","R$ 159,40",1816/3
29/08/2024,AHIG0434 - Preto 127V,1,Mercado Livre - FULL,SP,Beleza,"R$ 497,26","R$ 84,53","R$ 25,95","R$ 71,36","R$ 156,02","R$ 159,40",1818/3
29/08/2024,AHIG0839 - Branco 127V,1,Mercado Livre - FULL,RJ,Beleza,"R$ 497,26","R$ 84,53","R$ 25,95","R$ 71,36","R$ 156,02","R$ 159,40",1820/3
30/08/2024,AHIG0435 - Preto 220V,1,Loja integrada - Pix,MG,Beleza,"R$ 492,16","R$ 9,84","R$ 21,71","R$ 70,62","R$ 156,02","R$ 233,96",873/2
30/08/2024,AHIG0434 - Preto 127V,1,Mercado Livre - FULL,ES,Beleza,"R$ 491,97","R$ 83,63","R$ 25,95","R$ 70,60","R$ 156,02","R$ 155,77",1825/3
30/08/2024,AHIG0839 - Branco 127V,1,Mercado Livre - FULL,SP,Beleza,"R$ 497,26","R$ 84,53","R$ 25,95","R$ 71,36","R$ 156,02","R$ 159,40",1823/3
31/08/2024,AHIG0435 - Preto 220V,1,Mercado Livre - FULL,CE,Beleza,"R$ 497,26","R$ 84,53","R$ 25,95","R$ 71,36","R$ 156,02","R$ 159,40",1848/3
31/08/2024,AHIG0434 - Preto 127V,1,Mercado Livre - FULL,SP,Beleza,"R$ 491,97","R$ 83,63","R$ 25,95","R$ 70,60","R$ 156,02","R$ 155,77",1827/3
31/08/2024,AHIG0840 - Branco 220V,2,Mercado Livre - Envios,SP,Beleza,"R$ 1.068,00","R$ 181,56","R$ 49,90","R$ 153,26","R$ 312,04","R$ 371,24",1829/3
02/09/2024,AHIG0434 - Preto 127V,1,Mercado Livre - FULL,PR,Beleza,"R$ 502,55","R$ 85,43","R$ 25,95","R$ 72,12","R$ 156,02","R$ 163,03",1835/3
02/09/2024,AHIG0434 - Preto 127V,1,Mercado Livre - FULL,SP,Beleza,"R$ 502,55","R$ 85,43","R$ 25,95","R$ 72,12","R$ 156,02","R$ 163,03",1838/3
02/09/2024,AHIG0434 - Preto 127V,1,Mercado Livre - FULL,MG,Beleza,"R$ 502,55","R$ 85,43","R$ 25,95","R$ 72,12","R$ 156,02","R$ 163,03",1840/3
03/09/2024,AHIG0434 - Preto 127V,1,Mercado Livre - FULL,SP,Beleza,"R$ 502,55","R$ 85,43","R$ 25,95","R$ 72,12","R$ 156,02","R$ 163,03",1850/3
03/09/2024,AHIG0434 - Preto 127V,1,Mercado Livre - FULL,RJ,Beleza,"R$ 502,55","R$ 85,43","R$ 25,95","R$ 72,12","R$ 156,02","R$ 163,03",1844/3
04/09/2024,AHIG0434 - Preto 127V,1,Mercado Livre - FULL,RJ,Beleza,"R$ 502,55","R$ 85,43","R$ 25,95","R$ 72,12","R$ 156,02","R$ 163,03",1846/3
04/09/2024,AHIG0840 - Branco 220V,1,Mercado Livre - FULL,SC,Beleza,"R$ 502,55","R$ 85,43","R$ 25,95","R$ 72,12","R$ 156,02","R$ 163,03",1852/3
04/09/2024,AHIG0434 - Preto 127V,1,Mercado Livre - FULL,SP,Beleza,"R$ 502,55","R$ 85,43","R$ 25,95","R$ 72,12","R$ 156,02","R$ 163,03",1854/3
04/09/2024,AHIG0434 - Preto 127V,3,Mercado Livre - FULL,SP,Beleza,"R$ 1.507,65","R$ 256,30","R$ 77,85","R$ 216,35","R$ 468,06","R$ 489,09",1856/3
05/09/2024,AHIG0434 - Preto 127V,1,Mercado Livre - FULL,SE,Beleza,"R$ 502,55","R$ 85,43","R$ 25,95","R$ 72,12","R$ 156,02","R$ 163,03",1858/3
05/09/2024,AHIG0839 - Branco 127V,1,Mercado Livre - FULL,SP,Beleza,"R$ 502,55","R$ 85,43","R$ 25,95","R$ 72,12","R$ 156,02","R$ 163,03",1860/3
06/09/2024,AHIG0434 - Preto 127V,1,Distribuidor,SP,Beleza,"R$ 293,00","R$ 0,00","R$ 0,00","R$ 76,09","R$ 156,02","R$ 60,89",/1
06/09/2024,AHIG0435 - Preto 220V,1,Mercado Livre - FULL,SP,Beleza,"R$ 502,55","R$ 85,43","R$ 25,95","R$ 72,12","R$ 156,02","R$ 163,03",1862/3
06/09/2024,AHIG0434 - Preto 127V,1,Mercado Livre - FULL,SP,Beleza,"R$ 502,55","R$ 85,43","R$ 25,95","R$ 72,12","R$ 156,02","R$ 163,03",1864/3
07/09/2024,AHIG0434 - Preto 127V,1,Mercado Livre - FULL,MG,Beleza,"R$ 502,55","R$ 85,43","R$ 25,95","R$ 72,12","R$ 156,02","R$ 163,03",1866/3
07/09/2024,AHIG0435 - Preto 220V,1,Mercado Livre - FULL,RS,Beleza,"R$ 502,55","R$ 85,43","R$ 25,95","R$ 72,12","R$ 156,02","R$ 163,03",1872/3
08/09/2024,AHIG0435 - Preto 220V,1,Mercado Livre - FULL,BA,Beleza,"R$ 502,55","R$ 85,43","R$ 25,95","R$ 72,12","R$ 156,02","R$ 163,03",1874/3
09/09/2024,AHIG0434 - Preto 127V,1,Mercado Livre - FULL,PA,Beleza,"R$ 502,55","R$ 85,43","R$ 25,95","R$ 72,12","R$ 156,02","R$ 163,03",1882/3
09/09/2024,AHIG0434 - Preto 127V,1,Mercado Livre - FULL,PA,Beleza,"R$ 502,55","R$ 85,43","R$ 25,95","R$ 72,12","R$ 156,02","R$ 163,03",1883/3
09/09/2024,AHIG0435 - Preto 220V,1,Mercado Livre - FULL,RS,Beleza,"R$ 502,55","R$ 85,43","R$ 25,95","R$ 72,12","R$ 156,02","R$ 163,03",1885/3
09/09/2024,AHIG0839 - Branco 127V,1,Mercado Livre - FULL,PR,Beleza,"R$ 502,55","R$ 85,43","R$ 25,95","R$ 72,12","R$ 156,02","R$ 163,03",1887/3
10/09/2024,AHIG0434 - Preto 127V,1,Magalu,SP,Beleza,"R$ 512,45","R$ 87,12","R$ 9,90","R$ 73,54","R$ 156,02","R$ 185,88",875/2
10/09/2024,AHIG0434 - Preto 127V,1,Mercado Livre - FULL,SP,Beleza,"R$ 502,55","R$ 85,43","R$ 25,95","R$ 72,12","R$ 156,02","R$ 163,03",1991/3
10/09/2024,AHIG0435 - Preto 220V,1,Mercado Livre - FULL,GO,Beleza,"R$ 502,55","R$ 85,43","R$ 25,95","R$ 72,12","R$ 156,02","R$ 163,03",2002/3
11/09/2024,AHIG0435 - Preto 220V,1,Mercado Livre - FULL,SC,Beleza,"R$ 502,55","R$ 85,43","R$ 25,95","R$ 72,12","R$ 156,02","R$ 163,03",2003/3
11/09/2024,AHIG0435 - Preto 220V,1,Mercado Livre - FULL,RS,Beleza,"R$ 502,55","R$ 85,43","R$ 25,95","R$ 72,12","R$ 156,02","R$ 163,03",1999/3
11/09/2024,AHIG0434 - Preto 127V,1,Mercado Livre - FULL,RJ,Beleza,"R$ 502,55","R$ 85,43","R$ 25,95","R$ 72,12","R$ 156,02","R$ 163,03",2005/3
11/09/2024,AHIG0435 - Preto 220V,1,Mercado Livre - FULL,BA,Beleza,"R$ 502,55","R$ 85,43","R$ 25,95","R$ 72,12","R$ 156,02","R$ 163,03",2009/3
11/09/2024,AHIG0435 - Preto 220V,1,Mercado Livre - FULL,CE,Beleza,"R$ 502,55","R$ 85,43","R$ 25,95","R$ 72,12","R$ 156,02","R$ 163,03",2017/3
11/09/2024,AHIG0435 - Preto 220V,1,Mercado Livre - FULL,SP,Beleza,"R$ 502,55","R$ 85,43","R$ 25,95","R$ 72,12","R$ 156,02","R$ 163,03",2013/3
11/09/2024,AHIG0414 - Roxo 220V,1,Mercado Livre - FULL,BA,Beleza,"R$ 502,55","R$ 85,43","R$ 25,95","R$ 72,12","R$ 156,02","R$ 163,03",2011/3
11/09/2024,AHIG0434 - Preto 127V,1,Mercado Livre - FULL,PA,Beleza,"R$ 502,55","R$ 85,43","R$ 25,95","R$ 72,12","R$ 156,02","R$ 163,03",2015/3
12/09/2024,AHIG0839 - Branco 127V,1,Mercado Livre - FULL,SP,Beleza,"R$ 502,55","R$ 85,43","R$ 25,95","R$ 72,12","R$ 156,02","R$ 163,03",2019/3
12/09/2024,AHIG0434 - Preto 127V,1,Mercado Livre - FULL,SP,Beleza,"R$ 502,55","R$ 85,43","R$ 25,95","R$ 72,12","R$ 156,02","R$ 163,03",2021/3
12/09/2024,AHIG0434 - Preto 127V,1,Mercado Livre - FULL,RJ,Beleza,"R$ 507,30","R$ 86,24","R$ 25,95","R$ 72,80","R$ 156,02","R$ 166,29",2022/3
12/09/2024,AHIG0435 - Preto 220V,1,Mercado Livre - FULL,SC,Beleza,"R$ 502,55","R$ 85,43","R$ 25,95","R$ 72,12","R$ 156,02","R$ 163,03",2024/3
12/09/2024,AHIG0434 - Preto 127V,1,Mercado Livre - FULL,SP,Beleza,"R$ 502,55","R$ 85,43","R$ 25,95","R$ 72,12","R$ 156,02","R$ 163,03",2026/3
12/09/2024,AHIG0839 - Branco 127V,1,Mercado Livre - FULL,MG,Beleza,"R$ 502,55","R$ 85,43","R$ 25,95","R$ 72,12","R$ 156,02","R$ 163,03",2030/3
12/09/2024,AHIG0434 - Preto 127V,20,Distribuidor,SP,Beleza,"R$ 4.002,60","R$ 0,00","R$ 210,07","R$ 1.039,48","R$ 3.120,40","-R$ 367,35",/1
13/09/2024,AHIG0840 - Branco 220V,1,Mercado Livre - FULL,SP,Beleza,"R$ 502,55","R$ 85,43","R$ 25,95","R$ 72,12","R$ 156,02","R$ 163,03",2034/3
13/09/2024,AHIG0434 - Preto 127V,0,Mercado Livre - FULL,RR,Beleza,"R$ 502,55","R$ 85,43","R$ 25,95","R$ 72,12","R$ 0,00","R$ 319,05",2036/3
13/09/2024,AHIG0434 - Preto 127V,1,Mercado Livre - FULL,PA,Beleza,"R$ 502,55","R$ 85,43","R$ 25,95","R$ 72,12","R$ 156,02","R$ 163,03",2038/3
13/09/2024,AHIG0435 - Preto 220V,1,Mercado Livre - FULL,SP,Beleza,"R$ 502,55","R$ 85,43","R$ 25,95","R$ 72,12","R$ 156,02","R$ 163,03",2042/3
13/09/2024,AHIG0840 - Branco 220V,1,Mercado Livre - FULL,RS,Beleza,"R$ 502,55","R$ 85,43","R$ 25,95","R$ 72,12","R$ 156,02","R$ 163,03",2045/3
13/09/2024,AHIG0435 - Preto 220V,1,Mercado Livre - FULL,SP,Beleza,"R$ 502,55","R$ 85,43","R$ 25,95","R$ 72,12","R$ 156,02","R$ 163,03",2046/3
14/09/2024,AHIG0840 - Branco 220V,1,Mercado Livre - FULL,SP,Beleza,"R$ 502,55","R$ 85,43","R$ 25,95","R$ 72,12","R$ 156,02","R$ 163,03",2050/3
14/09/2024,AHIG0435 - Preto 220V,1,Mercado Livre - FULL,AL,Beleza,"R$ 502,55","R$ 85,43","R$ 25,95","R$ 72,12","R$ 156,02","R$ 163,03",2052/3
15/09/2024,AHIG0435 - Preto 220V,1,Mercado Livre - FULL,PB,Beleza,"R$ 502,55","R$ 85,43","R$ 25,95","R$ 72,12","R$ 156,02","R$ 163,03",2054/3
15/09/2024,AHIG0434 - Preto 127V,1,Mercado Livre - FULL,BA,Beleza,"R$ 502,55","R$ 85,43","R$ 25,95","R$ 72,12","R$ 156,02","R$ 163,03",2058/3
15/09/2024,AHIG0839 - Branco 127V,1,Mercado Livre - FULL,MG,Beleza,"R$ 502,55","R$ 85,43","R$ 25,95","R$ 72,12","R$ 156,02","R$ 163,03",2056/3
16/09/2024,AHIG0434 - Preto 127V,2,Distribuidor,SP,Beleza,"R$ 586,00","R$ 0,00","R$ 0,00","R$ 152,18","R$ 312,04","R$ 121,78",/1
16/09/2024,AHIG0434 - Preto 127V,1,Shopee,MG,Beleza,"R$ 497,26","R$ 84,53","R$ 0,00","R$ 71,36","R$ 156,02","R$ 185,35",876/2
16/09/2024,AHIG0434 - Preto 127V,1,Mercado Livre - FULL,SP,Beleza,"R$ 502,55","R$ 85,43","R$ 25,95","R$ 72,12","R$ 156,02","R$ 163,03",2060/3
16/09/2024,AHIG0434 - Preto 127V,1,Mercado Livre - FULL,SP,Beleza,"R$ 502,55","R$ 85,43","R$ 25,95","R$ 72,12","R$ 156,02","R$ 163,03",2062/3
16/09/2024,AHIG0434 - Preto 127V,2,Loja Integrada - PagSeguro,ES,Beleza,"R$ 979,73","R$ 39,19","R$ 25,95","R$ 140,59","R$ 312,04","R$ 461,96",877/2
16/09/2024,AHIG0434 - Preto 127V,1,Mercado Livre - FULL,PR,Beleza,"R$ 502,55","R$ 85,43","R$ 25,95","R$ 72,12","R$ 156,02","R$ 163,03",2064/3
17/09/2024,AHIG0435 - Preto 220V,1,Mercado Livre - FULL,RJ,Beleza,"R$ 502,55","R$ 85,43","R$ 25,95","R$ 72,12","R$ 156,02","R$ 163,03",2066/3
17/09/2024,AHIG0435 - Preto 220V,1,Mercado Livre - FULL,SP,Beleza,"R$ 502,55","R$ 85,43","R$ 25,95","R$ 72,12","R$ 156,02","R$ 163,03",2068/3
18/09/2024,AHIG0435 - Preto 220V,1,Mercado Livre - FULL,SP,Beleza,"R$ 502,55","R$ 85,43","R$ 25,95","R$ 72,12","R$ 156,02","R$ 163,03",2073/3
18/09/2024,AHIG0412 - Roxo 127V,1,Mercado Livre - Envios,MG,Beleza,"R$ 507,30","R$ 86,24","R$ 25,95","R$ 72,80","R$ 156,02","R$ 166,29",2075/3
19/09/2024,AHIG0435 - Preto 220V,1,Loja integrada - Pix,RJ,Beleza,"R$ 495,00","R$ 9,90","R$ 21,58","R$ 71,03","R$ 156,02","R$ 236,47",878/2
19/09/2024,AHIG0434 - Preto 127V,2,Mercado Livre - FULL,SP,Beleza,"R$ 1.005,10","R$ 170,87","R$ 51,90","R$ 144,23","R$ 312,04","R$ 326,06",2077/3
19/09/2024,AHIG0434 - Preto 127V,1,Mercado Livre - FULL,SP,Beleza,"R$ 502,55","R$ 85,43","R$ 25,95","R$ 72,12","R$ 156,02","R$ 163,03",2079/3
20/09/2024,AHIG0434 - Preto 127V,1,Mercado Livre - FULL,MG,Beleza,"R$ 502,55","R$ 85,43","R$ 25,95","R$ 72,12","R$ 156,02","R$ 163,03",2087/3
20/09/2024,AHIG0435 - Preto 220V,1,Mercado Livre - FULL,SP,Beleza,"R$ 502,55","R$ 85,43","R$ 25,95","R$ 72,12","R$ 156,02","R$ 163,03",2089/3
20/09/2024,AHIG0435 - Preto 220V,1,Mercado Livre - FULL,SC,Beleza,"R$ 502,55","R$ 85,43","R$ 25,95","R$ 72,12","R$ 156,02","R$ 163,03",2093/3
20/09/2024,AHIG0435 - Preto 220V,1,Mercado Livre - FULL,SP,Beleza,"R$ 502,55","R$ 85,43","R$ 25,95","R$ 72,12","R$ 156,02","R$ 163,03",2119/3
21/09/2024,AHIG0434 - Preto 127V,1,Mercado Livre - FULL,ES,Beleza,"R$ 502,55","R$ 85,43","R$ 25,95","R$ 72,12","R$ 156,02","R$ 163,03",2127/
21/09/2024,AHIG0434 - Preto 127V,1,Mercado Livre - Envios,RJ,Beleza,"R$ 507,30","R$ 86,24","R$ 24,95","R$ 72,80","R$ 156,02","R$ 167,29",2146/3
21/09/2024,AHIG0839 - Branco 127V,1,Mercado Livre - FULL,SP,Beleza,"R$ 502,55","R$ 85,43","R$ 24,95","R$ 72,12","R$ 156,02","R$ 164,03",2125/3
21/09/2024,AHIG0435 - Preto 220V,1,Mercado Livre - FULL,SP,Beleza,"R$ 502,55","R$ 85,43","R$ 24,95","R$ 72,12","R$ 156,02","R$ 164,03",2139/3
22/09/2024,AHIG0435 - Preto 220V,1,Mercado Livre - FULL,SP,Beleza,"R$ 502,55","R$ 85,43","R$ 24,95","R$ 72,12","R$ 156,02","R$ 164,03",2135/3
22/09/2024,AHIG0435 - Preto 220V,1,Mercado Livre - FULL,SP,Beleza,"R$ 502,55","R$ 85,43","R$ 24,95","R$ 72,12","R$ 156,02","R$ 164,03",2134/3
22/09/2024,AHIG0839 - Branco 127V,1,Mercado Livre - FULL,MG,Beleza,"R$ 502,55","R$ 85,43","R$ 24,95","R$ 72,12","R$ 156,02","R$ 164,03",2137/3
23/09/2024,AHIG0434 - Preto 127V,1,Distribuidor,SP,Beleza,"R$ 293,00","R$ 0,00","R$ 0,00","R$ 76,09","R$ 156,02","R$ 60,89",/1
23/09/2024,AHIG0435 - Preto 220V,1,Mercado Livre - FULL,MG,Beleza,"R$ 502,55","R$ 85,43","R$ 25,95","R$ 72,12","R$ 156,02","R$ 163,03",2141/3
23/09/2024,AHIG0434 - Preto 127V,1,Mercado Livre - FULL,SP,Beleza,"R$ 502,55","R$ 85,43","R$ 25,95","R$ 72,12","R$ 156,02","R$ 163,03",2148/3
23/09/2024,AHIG0434 - Preto 127V,1,Mercado Livre - FULL,SP,Beleza,"R$ 502,55","R$ 85,43","R$ 25,95","R$ 72,12","R$ 156,02","R$ 163,03",2150/3
23/09/2024,AHIG0435 - Preto 220V,1,Mercado Livre - FULL,PI,Beleza,"R$ 502,55","R$ 85,43","R$ 25,95","R$ 72,12","R$ 156,02","R$ 163,03",2152/3
23/09/2024,AHIG0840 - Branco 220V,1,Mercado Livre - FULL,SP,Beleza,"R$ 502,55","R$ 85,43","R$ 25,95","R$ 72,12","R$ 156,02","R$ 163,03",2154/3
24/09/2024,AHIG0434 - Preto 127V,1,Distribuidor,SP,Beleza,"R$ 293,00","R$ 0,00","R$ 0,00","R$ 76,09","R$ 156,02","R$ 60,89",-
24/09/2024,AHIG0434 - Preto 127V,1,Casas Bahia,MG,Beleza,"R$ 529,00","R$ 89,93","R$ 0,00","R$ 75,91","R$ 156,02","R$ 207,14",879/2
24/09/2024,AHIG0435 - Preto 220V,1,Magalu,SP,Beleza,"R$ 502,55","R$ 85,43","R$ 9,90","R$ 72,12","R$ 156,02","R$ 179,08",880/2
24/09/2024,AHIG0412 - Roxo 127V,1,Mercado Livre - FULL,SP,Beleza,"R$ 502,55","R$ 85,43","R$ 25,95","R$ 72,12","R$ 156,02","R$ 163,03",2158/3
24/09/2024,AHIG0839 - Branco 127V,1,Mercado Livre - FULL,SP,Beleza,"R$ 502,55","R$ 85,43","R$ 25,95","R$ 72,12","R$ 156,02","R$ 163,03",2162/3
24/09/2024,AHIG0435 - Preto 220V,1,Mercado Livre - FULL,SP,Beleza,"R$ 502,55","R$ 85,43","R$ 25,95","R$ 72,12","R$ 156,02","R$ 163,03",2168/3
24/09/2024,AHIG0414 - Roxo 220V,1,Mercado Livre - FULL,SP,Beleza,"R$ 502,55","R$ 85,43","R$ 25,95","R$ 72,12","R$ 156,02","R$ 163,03",2170/3
25/09/2024,AHIG0434 - Preto 127V,1,Distribuidor,SP,Beleza,"R$ 293,00","R$ 0,00","R$ 0,00","R$ 76,09","R$ 156,02","R$ 60,89",/1
25/09/2024,AHIG0435 - Preto 220V,1,Distribuidor,SP,Beleza,"R$ 293,00","R$ 0,00","R$ 0,00","R$ 76,09","R$ 156,02","R$ 60,89",/1
25/09/2024,AHIG0414 - Roxo 220V,1,Mercado Livre - FULL,BA,Beleza,"R$ 502,55","R$ 85,43","R$ 25,95","R$ 72,12","R$ 156,02","R$ 163,03",2172/3
25/09/2024,AHIG0434 - Preto 127V,1,Mercado Livre - FULL,MT,Beleza,"R$ 502,55","R$ 85,43","R$ 25,95","R$ 72,12","R$ 156,02","R$ 163,03",2174/3
25/09/2024,AHIG0840 - Branco 220V,1,Mercado Livre - FULL,CE,Beleza,"R$ 502,55","R$ 85,43","R$ 25,95","R$ 72,12","R$ 156,02","R$ 163,03",2176/3
25/09/2024,AHIG0839 - Branco 127V,1,Mercado Livre - FULL,SP,Beleza,"R$ 502,55","R$ 85,43","R$ 25,95","R$ 72,12","R$ 156,02","R$ 163,03",2178/3
26/09/2024,AHIG0840 - Branco 220V,1,Mercado Livre - FULL,SP,Beleza,"R$ 502,55","R$ 85,43","R$ 25,95","R$ 72,12","R$ 156,02","R$ 163,03",2182/3
27/09/2024,AHIG0434 - Preto 127V,0,Mercado Livre - FULL,SP,Beleza,"R$ 502,55","R$ 85,43","R$ 25,95","R$ 72,12","R$ 0,00","R$ 319,05",/3
27/09/2024,AHIG0435 - Preto 220V,1,Mercado Livre - FULL,MT,Beleza,"R$ 502,55","R$ 85,43","R$ 25,95","R$ 72,12","R$ 156,02","R$ 163,03",2191/3
28/09/2024,AHIG0412 - Roxo 127V,1,Mercado Livre - FULL,MG,Beleza,"R$ 502,55","R$ 85,43","R$ 25,95","R$ 72,12","R$ 156,02","R$ 163,03",2195/3
28/09/2024,AHIG0435 - Preto 220V,2,Mercado Livre - FULL,PA,Beleza,"R$ 502,55","R$ 85,43","R$ 25,95","R$ 72,12","R$ 312,04","R$ 7,01",2197/3
30/09/2024,AHIG0434 - Preto 127V,1,Mercado Livre - FULL,SP,Beleza,"R$ 502,55","R$ 85,43","R$ 25,95","R$ 72,12","R$ 156,02","R$ 163,03",2199/3
02/10/2024,AHIG0434 - Preto 127V,1,Mercado Livre - FULL,PR,Beleza,"R$ 502,55","R$ 85,43","R$ 25,95","R$ 72,12","R$ 156,02","R$ 163,03",2203/3
02/10/2024,AHIG0435 - Preto 220V,2,Loja Integrada - PagSeguro,GO,Beleza,"R$ 1.056,15","R$ 42,25","R$ 66,15","R$ 151,56","R$ 312,04","R$ 484,16",882/2
02/10/2024,AHIG0840 - Branco 220V,1,Mercado Livre - FULL,RS,Beleza,"R$ 502,55","R$ 85,43","R$ 25,95","R$ 72,12","R$ 156,02","R$ 163,03",2205/3
03/10/2024,AHIG0434 - Preto 127V,1,Distribuidor,SP,Beleza,"R$ 293,00","R$ 0,00","R$ 0,00","R$ 76,09","R$ 156,02","R$ 60,89",/1
03/10/2024,AHIG0434 - Preto 127V,12,Distribuidor,SP,Beleza,"R$ 2.401,56","R$ 0,00","R$ 173,80","R$ 623,69","R$ 1.872,24","-R$ 268,17",/1
04/10/2024,AHIG0840 - Branco 220V,1,Mercado Livre - FULL,SP,Beleza,"R$ 502,55","R$ 85,43","R$ 25,95","R$ 72,12","R$ 156,02","R$ 163,03",2208/3
04/10/2024,AHIG0435 - Preto 220V,1,Mercado Livre - FULL,GO,Beleza,"R$ 502,55","R$ 85,43","R$ 25,95","R$ 72,12","R$ 156,02","R$ 163,03",2210/3
04/10/2024,AHIG0414 - Roxo 220V,1,Mercado Livre - FULL,SP,Beleza,"R$ 476,10","R$ 80,94","R$ 25,95","R$ 68,32","R$ 156,02","R$ 144,87",2212/3
04/10/2024,AHIG0434 - Preto 127V,1,Mercado Livre - FULL,SP,Beleza,"R$ 502,55","R$ 85,43","R$ 25,95","R$ 72,12","R$ 156,02","R$ 163,03",2214/3
05/10/2024,AHIG0839 - Branco 127V,1,Mercado Livre - FULL,PA,Beleza,"R$ 502,55","R$ 85,43","R$ 25,95","R$ 72,12","R$ 156,02","R$ 163,03",2216/3
06/10/2024,AHIG0434 - Preto 127V,1,Mercado Livre - FULL,SP,Beleza,"R$ 502,55","R$ 85,43","R$ 25,95","R$ 72,12","R$ 156,02","R$ 163,03",2244/3
06/10/2024,AHIG0435 - Preto 220V,1,Mercado Livre - FULL,DF,Beleza,"R$ 502,55","R$ 85,43","R$ 25,95","R$ 72,12","R$ 156,02","R$ 163,03",2268/3
06/10/2024,AHIG0435 - Preto 220V,1,Mercado Livre - FULL,SP,Beleza,"R$ 502,55","R$ 85,43","R$ 25,95","R$ 72,12","R$ 156,02","R$ 163,03",2246/3
07/10/2024,AHIG0840 - Branco 220V,1,Mercado Livre - FULL,RJ,Beleza,"R$ 502,55","R$ 85,43","R$ 25,95","R$ 72,12","R$ 156,02","R$ 163,03",2274/3
07/10/2024,AHIG0434 - Preto 127V,1,Mercado Livre - FULL,MT,Beleza,"R$ 502,55","R$ 85,43","R$ 25,95","R$ 72,12","R$ 156,02","R$ 163,03",2284/3
07/10/2024,AHIG0435 - Preto 220V,1,Mercado Livre - FULL,SC,Beleza,"R$ 491,97","R$ 83,63","R$ 25,95","R$ 70,60","R$ 156,02","R$ 155,77",2278/3
07/10/2024,AHIG0435 - Preto 220V,4,Venda direta,DF,Beleza,"R$ 1.911,89","R$ 0,00","R$ 68,89","R$ 274,36","R$ 624,08","R$ 944,56",/1
07/10/2024,AHIG0434 - Preto 127V,1,Venda direta,SP,Beleza,"R$ 549,36","R$ 0,00","R$ 21,71","R$ 78,83","R$ 156,02","R$ 292,80",97142/1
07/10/2024,AHIG0435 - Preto 220V,1,Mercado Livre - FULL,PR,Beleza,"R$ 502,55","R$ 85,43","R$ 25,95","R$ 72,12","R$ 156,02","R$ 163,03",2280/3
08/10/2024,AHIG0435 - Preto 220V,0,Mercado Livre - FULL,-,Beleza,"R$ 502,55","R$ 85,43","R$ 25,95","R$ 72,12","R$ 0,00","R$ 319,05",2282/3
08/10/2024,AHIG0840 - Branco 220V,1,Mercado Livre - FULL,PE,Beleza,"R$ 460,23","R$ 78,24","R$ 25,95","R$ 66,04","R$ 156,02","R$ 133,98",2286/3
08/10/2024,AHIG0435 - Preto 220V,1,Mercado Livre - FULL,,Beleza,"R$ 502,55","R$ 85,43","R$ 25,95","R$ 72,12","R$ 156,02","R$ 163,03",2308/3
08/10/2024,AHIG0840 - Branco 220V,2,Magalu,SP,Beleza,"R$ 1.005,10","R$ 170,87","R$ 0,00","R$ 144,23","R$ 312,04","R$ 377,96",883/2
08/10/2024,AHIG0414 - Roxo 220V,1,Mercado Livre - FULL,PE,Beleza,"R$ 460,23","R$ 78,24","R$ 25,95","R$ 66,04","R$ 156,02","R$ 133,98",2290/3
09/10/2024,AHIG0435 - Preto 220V,1,Mercado Livre - FULL,SP,Beleza,"R$ 502,55","R$ 85,43","R$ 25,95","R$ 72,12","R$ 156,02","R$ 163,03",2292/3
09/10/2024,AHIG0434 - Preto 127V,1,Mercado Livre - FULL,PR,Beleza,"R$ 502,55","R$ 85,43","R$ 25,95","R$ 72,12","R$ 156,02","R$ 163,03",2294/3
09/10/2024,AHIG0839 - Branco 127V,1,Mercado Livre - FULL,SP,Beleza,"R$ 502,55","R$ 85,43","R$ 25,95","R$ 72,12","R$ 156,02","R$ 163,03",2296/3
09/10/2024,AHIG0412 - Roxo 127V,1,Mercado Livre - FULL,RJ,Beleza,"R$ 502,55","R$ 85,43","R$ 25,95","R$ 72,12","R$ 156,02","R$ 163,03",2300/3
09/10/2024,AHIG0434 - Preto 127V,1,Mercado Livre - FULL,SP,Beleza,"R$ 502,55","R$ 85,43","R$ 25,95","R$ 72,12","R$ 156,02","R$ 163,03",2298/3
10/10/2024,AHIG0435 - Preto 220V,1,Mercado Livre - FULL,SP,Beleza,"R$ 502,55","R$ 85,43","R$ 25,95","R$ 72,12","R$ 156,02","R$ 163,03",2302/3
11/10/2024,AHIG0435 - Preto 220V,2,Mercado Livre - FULL,GO,Beleza,"R$ 1.005,10","R$ 170,87","R$ 51,90","R$ 144,23","R$ 312,04","R$ 326,06",2304/3
11/10/2024,AHIG0435 - Preto 220V,1,Loja Integrada - PagSeguro,SP,Beleza,"R$ 516,71","R$ 20,67","R$ 21,71","R$ 74,15","R$ 156,02","R$ 244,16",884/2
11/10/2024,AHIG0412 - Roxo 127V,1,Mercado Livre - FULL,PR,Beleza,"R$ 460,22","R$ 67,66","R$ 25,95","R$ 66,04","R$ 156,02","R$ 144,55",2306/3
14/10/2024,AHIG0434 - Preto 127V,1,Mercado Livre - FULL,SP,Beleza,"R$ 502,55","R$ 85,43","R$ 25,95","R$ 72,12","R$ 156,02","R$ 163,03",2313/3
14/10/2024,AHIG0839 - Branco 127V,1,Mercado Livre - FULL,ES,Beleza,"R$ 502,55","R$ 85,43","R$ 25,95","R$ 72,12","R$ 156,02","R$ 163,03",2315/3
14/10/2024,AHIG0412 - Roxo 127V,1,Mercado Livre - FULL,MG,Beleza,"R$ 460,23","R$ 67,66","R$ 25,95","R$ 66,04","R$ 156,02","R$ 144,56",2317/3
14/10/2024,AHIG0412 - Roxo 127V,1,Mercado Livre - FULL,PR,Beleza,"R$ 460,23","R$ 67,66","R$ 25,95","R$ 66,04","R$ 156,02","R$ 144,56",2319/3
14/10/2024,AHIG0434 - Preto 127V,20,Distribuidor,ES,Beleza,"R$ 8.781,80","R$ 0,00","R$ 0,00","R$ 2.280,63","R$ 3.120,40","R$ 3.380,77",/1
14/10/2024,AHIG0840 - Branco 220V,1,Mercado Livre - FULL,PR,Beleza,"R$ 502,55","R$ 85,43","R$ 25,95","R$ 72,12","R$ 156,02","R$ 163,03",2321/3
14/10/2024,AHIG0434 - Preto 127V,1,Mercado Livre - FULL,RJ,Beleza,"R$ 502,55","R$ 85,43","R$ 25,95","R$ 72,12","R$ 156,02","R$ 163,03",2323/3
15/10/2024,AHIG0435 - Preto 220V,1,Mercado Livre - FULL,SC,Beleza,"R$ 502,55","R$ 85,43","R$ 25,95","R$ 72,12","R$ 156,02","R$ 163,03",2325/3
15/10/2024,AHIG0435 - Preto 220V,1,Mercado Livre - FULL,SP,Beleza,"R$ 502,55","R$ 85,43","R$ 25,95","R$ 72,12","R$ 156,02","R$ 163,03",2327/3
15/10/2024,AHIG0435 - Preto 220V,1,Mercado Livre - FULL,GO,Beleza,"R$ 502,55","R$ 85,43","R$ 25,95","R$ 72,12","R$ 156,02","R$ 163,03",2329/3
15/10/2024,AHIG0414 - Roxo 220V,1,Mercado Livre - FULL,MG,Beleza,"R$ 502,55","R$ 85,43","R$ 25,95","R$ 72,12","R$ 156,02","R$ 163,03",2331/3
15/10/2024,AHIG0435 - Preto 220V,1,Mercado Livre - FULL,RS,Beleza,"R$ 502,55","R$ 85,43","R$ 25,95","R$ 72,12","R$ 156,02","R$ 163,03",2333/3
17/10/2024,AHIG0434 - Preto 127V,1,Mercado Livre - FULL,RJ,Beleza,"R$ 502,55","R$ 85,43","R$ 25,95","R$ 72,12","R$ 156,02","R$ 163,03",2339/3
17/10/2024,AHIG0435 - Preto 220V,1,Amazon BR,DF,Beleza,"R$ 484,03","R$ 82,73","R$ 10,90","R$ 69,46","R$ 156,02","R$ 164,92",0009/4
19/10/2024,AHIG0840 - Branco 220V,1,Mercado Livre - FULL,SP,Beleza,"R$ 502,55","R$ 85,43","R$ 25,95","R$ 72,12","R$ 156,02","R$ 163,03",2341/3
20/10/2024,AHIG0840 - Branco 220V,1,Mercado Livre - FULL,CE,Beleza,"R$ 502,55","R$ 85,43","R$ 25,95","R$ 72,12","R$ 156,02","R$ 163,03",2343/3
20/10/2024,AHIG0434 - Preto 127V,1,Mercado Livre - FULL,SP,Beleza,"R$ 502,55","R$ 85,43","R$ 25,95","R$ 72,12","R$ 156,02","R$ 163,03",2345/3
20/10/2024,AHIG0435 - Preto 220V,1,Amazon BR,SP,Beleza,"R$ 484,03","R$ 79,30","R$ 13,90","R$ 69,46","R$ 156,02","R$ 165,35",0011/4
21/10/2024,AHIG0435 - Preto 220V,1,Distribuidor,SP,Beleza,"R$ 293,00","R$ 0,00","R$ 0,00","R$ 76,09","R$ 156,02","R$ 60,89",/1
21/10/2024,AHIG0434 - Preto 127V,1,Mercado Livre - FULL,SP,Beleza,"R$ 502,55","R$ 85,43","R$ 25,95","R$ 72,12","R$ 156,02","R$ 163,03",2348/3
21/10/2024,AHIG0434 - Preto 127V,1,Mercado Livre - FULL,MG,Beleza,"R$ 502,55","R$ 85,43","R$ 25,95","R$ 72,12","R$ 156,02","R$ 163,03",2352/3
21/10/2024,AHIG0412 - Roxo 127V,1,Mercado Livre - FULL,MG,Beleza,"R$ 497,26","R$ 84,53","R$ 25,95","R$ 71,36","R$ 156,02","R$ 159,40",2354/3
21/10/2024,AHIG0435 - Preto 220V,1,Mercado Livre - FULL,SP,Beleza,"R$ 502,55","R$ 85,43","R$ 25,95","R$ 72,12","R$ 156,02","R$ 163,03",2356/3
21/10/2024,AHIG0839 - Branco 127V,1,Amazon BR,AM,Beleza,"R$ 484,03","R$ 82,29","R$ 13,90","R$ 69,46","R$ 156,02","R$ 162,37",0013/4
22/10/2024,AHIG0434 - Preto 127V,1,Mercado Livre - FULL,MT,Beleza,"R$ 501,96","R$ 85,33","R$ 24,95","R$ 72,03","R$ 156,02","R$ 163,63",2359/3
22/10/2024,AHIG0414 - Roxo 220V,1,Mercado Livre - FULL,TO,Beleza,"R$ 529,00","R$ 89,93","R$ 25,95","R$ 75,91","R$ 156,02","R$ 181,19",2361/3
23/10/2024,AHIG0434 - Preto 127V,1,Mercado Livre - FULL,MG,Beleza,"R$ 502,55","R$ 85,43","R$ 25,95","R$ 72,12","R$ 156,02","R$ 163,03",2363/3
24/10/2024,AHIG0412 - Roxo 127V,1,Mercado Livre - FULL,SP,Beleza,"R$ 497,26","R$ 84,53","R$ 25,95","R$ 71,36","R$ 156,02","R$ 159,40",2365/3
24/10/2024,AHIG0434 - Preto 127V,1,Distribuidor,SP,Beleza,"R$ 293,00","R$ 0,00","R$ 0,00","R$ 76,09","R$ 156,02","R$ 60,89",-
24/10/2024,AHIG0435 - Preto 220V,1,Distribuidor,SP,Beleza,"R$ 293,00","R$ 0,00","R$ 0,00","R$ 76,09","R$ 156,02","R$ 60,89",-
25/10/2024,AHIG0435 - Preto 220V,1,Amazon BR,PB,Beleza,"R$ 484,03","R$ 79,30","R$ 13,90","R$ 69,46","R$ 156,02","R$ 165,35",0015/4
25/10/2024,AHIG0840 - Branco 220V,1,Mercado Livre - FULL,TO,Beleza,"R$ 497,26","R$ 84,53","R$ 25,95","R$ 71,36","R$ 156,02","R$ 159,40",2370/3
25/10/2024,AHIG0435 - Preto 220V,1,Mercado Livre - FULL,BA,Beleza,"R$ 502,55","R$ 85,43","R$ 25,95","R$ 72,12","R$ 156,02","R$ 163,03",2368/3
26/10/2024,AHIG0435 - Preto 220V,2,Mercado Livre - FULL,GO,Beleza,"R$ 1.005,10","R$ 170,87","R$ 51,90","R$ 144,23","R$ 312,04","R$ 326,06",2374/3
27/10/2024,AHIG0435 - Preto 220V,1,Mercado Livre - FULL,SP,Beleza,"R$ 502,55","R$ 85,43","R$ 25,95","R$ 72,12","R$ 156,02","R$ 163,03",2388/3
27/10/2024,AHIG0435 - Preto 220V,1,Mercado Livre - FULL,BA,Beleza,"R$ 502,55","R$ 85,43","R$ 25,95","R$ 72,12","R$ 156,02","R$ 163,03",2382/3
27/10/2024,AHIG0839 - Branco 127V,1,Mercado Livre - FULL,SP,Beleza,"R$ 497,26","R$ 84,53","R$ 25,95","R$ 71,36","R$ 156,02","R$ 159,40",2376/3
27/10/2024,AHIG0412 - Roxo 127V,1,Mercado Livre - FULL,SP,Beleza,"R$ 497,26","R$ 84,53","R$ 25,95","R$ 71,36","R$ 156,02","R$ 159,40",2380/3
27/10/2024,AHIG0840 - Branco 220V,1,Mercado Livre - FULL,SC,Beleza,"R$ 497,26","R$ 84,53","R$ 25,95","R$ 71,36","R$ 156,02","R$ 159,40",2384/3
27/10/2024,AHIG0435 - Preto 220V,1,Mercado Livre - FULL,SP,Beleza,"R$ 502,55","R$ 85,43","R$ 25,95","R$ 72,12","R$ 156,02","R$ 163,03",2386/3
28/10/2024,AHIG0435 - Preto 220V,1,Mercado Livre - FULL,SP,Beleza,"R$ 502,55","R$ 85,43","R$ 25,95","R$ 72,12","R$ 156,02","R$ 163,03",2390/3
28/10/2024,AHIG0840 - Branco 220V,1,Mercado Livre - FULL,SP,Beleza,"R$ 497,26","R$ 84,53","R$ 25,95","R$ 71,36","R$ 156,02","R$ 159,40",2392/3
28/10/2024,AHIG0435 - Preto 220V,1,Mercado Livre - FULL,PA,Beleza,"R$ 502,55","R$ 85,43","R$ 25,95","R$ 72,12","R$ 156,02","R$ 163,03",2394/3
28/10/2024,AHIG0435 - Preto 220V,2,Mercado Livre - FULL,PA,Beleza,"R$ 1.005,10","R$ 170,87","R$ 51,90","R$ 144,23","R$ 312,04","R$ 326,06",2396/3
30/10/2024,AHIG0435 - Preto 220V,1,Mercado Livre - FULL,SP,Beleza,"R$ 502,55","R$ 85,43","R$ 25,95","R$ 72,12","R$ 156,02","R$ 163,03",2496/3
30/10/2024,AHIG0435 - Preto 220V,1,Mercado Livre - FULL,MT,Beleza,"R$ 502,55","R$ 85,43","R$ 25,95","R$ 72,12","R$ 156,02","R$ 163,03",2498/3
30/10/2024,AHIG0434 - Preto 127V,1,Amazon BR,AM,Beleza,"R$ 499,00","R$ 84,83","R$ 25,95","R$ 71,61","R$ 156,02","R$ 160,59",0015/4
30/10/2024,AHIG0412 - Roxo 127V,1,Mercado Livre - FULL,MT,Beleza,"R$ 497,26","R$ 84,53","R$ 25,95","R$ 71,36","R$ 156,02","R$ 159,40",2502/3
30/10/2024,AHIG0435 - Preto 220V,1,Shopee,BA,Beleza,"R$ 502,55","R$ 85,43","R$ 16,03","R$ 72,12","R$ 156,02","R$ 172,95",886/2
31/10/2024,AHIG0435 - Preto 220V,1,Mercado Livre - FULL,SP,Beleza,"R$ 439,07","R$ 74,64","R$ 25,95","R$ 63,01","R$ 156,02","R$ 119,45",2505/3
31/10/2024,AHIG0435 - Preto 220V,1,Mercado Livre - FULL,MT,Beleza,"R$ 439,07","R$ 74,64","R$ 25,95","R$ 63,01","R$ 156,02","R$ 119,45",2507/3
31/10/2024,AHIG0434 - Preto 127V,1,Mercado Livre - FULL,SP,Beleza,"R$ 439,07","R$ 74,64","R$ 25,95","R$ 63,01","R$ 156,02","R$ 119,45",2511/3
01/11/2024,AHIG0434 - Preto 127V,1,Distribuidor,SP,Beleza,"R$ 303,00","R$ 0,00","R$ 0,00","R$ 78,69","R$ 156,02","R$ 68,29",/1
01/11/2024,AHIG0412 - Roxo 127V,1,Mercado Livre - FULL,AC,Beleza,"R$ 423,20","R$ 50,78","R$ 25,95","R$ 60,73","R$ 156,02","R$ 129,72",2515/3
01/11/2024,AHIG0435 - Preto 220V,1,Mercado Livre - FULL,GO,Beleza,"R$ 423,20","R$ 50,78","R$ 25,95","R$ 60,73","R$ 156,02","R$ 129,72",2513/3
01/11/2024,AHIG0412 - Roxo 127V,1,Mercado Livre - FULL,BA,Beleza,"R$ 433,78","R$ 52,58","R$ 25,95","R$ 62,25","R$ 156,02","R$ 136,98",2417/3
01/11/2024,AHIG0435 - Preto 220V,2,Mercado Livre - FULL,SP,Beleza,"R$ 846,40","R$ 101,57","R$ 51,90","R$ 121,46","R$ 312,04","R$ 259,43",2519/3
02/11/2024,AHIG0435 - Preto 220V,1,Mercado Livre - FULL,SP,Beleza,"R$ 423,20","R$ 50,78","R$ 25,95","R$ 60,73","R$ 156,02","R$ 129,72",2521/3
03/11/2024,AHIG0435 - Preto 220V,1,Mercado Livre - FULL,SP,Beleza,"R$ 423,20","R$ 50,78","R$ 25,95","R$ 60,73","R$ 156,02","R$ 129,72",2525/3
03/11/2024,AHIG0435 - Preto 220V,1,Mercado Livre - FULL,PB,Beleza,"R$ 423,20","R$ 50,78","R$ 25,95","R$ 60,73","R$ 156,02","R$ 129,72",2523/1
03/11/2024,AHIG0839 - Branco 127V,1,Amazon BR,ES,Beleza,"R$ 477,47","R$ 74,85","R$ 25,13","R$ 68,52","R$ 156,02","R$ 152,95",0019/4
04/11/2024,AHIG0839 - Branco 127V,2,Mercado Livre - FULL,PR,Beleza,"R$ 994,52","R$ 169,07","R$ 51,90","R$ 142,71","R$ 312,04","R$ 318,80",2672/3
04/11/2024,AHIG0435 - Preto 220V,1,Mercado Livre - FULL,GO,Beleza,"R$ 423,20","R$ 50,78","R$ 25,95","R$ 60,73","R$ 156,02","R$ 129,72",2527/3
04/11/2024,AHIG0435 - Preto 220V,1,Mercado Livre - FULL,RJ,Beleza,"R$ 423,20","R$ 50,78","R$ 25,95","R$ 60,73","R$ 156,02","R$ 129,72",2529/3
04/11/2024,AHIG0434 - Preto 127V,1,Mercado Livre - FULL,PR,Beleza,"R$ 433,78","R$ 52,58","R$ 25,95","R$ 62,25","R$ 156,02","R$ 136,98",2531/3
05/11/2024,AHIG0435 - Preto 220V,1,Loja Integrada - PagSeguro,PA,Beleza,"R$ 542,42","R$ 21,70","R$ 82,52","R$ 77,84","R$ 156,02","R$ 204,35",887/2
05/11/2024,AHIG0435 - Preto 220V,1,Mercado Livre - FULL,SP,Beleza,"R$ 423,20","R$ 50,78","R$ 25,95","R$ 60,73","R$ 156,02","R$ 129,72",2535/3
05/11/2024,AHIG0435 - Preto 220V,1,Amazon BR,GO,Beleza,"R$ 474,05","R$ 80,59","R$ 24,95","R$ 68,03","R$ 156,02","R$ 144,47",0021/4
06/11/2024,AHIG0435 - Preto 220V,1,Mercado Livre - FULL,MG,Beleza,"R$ 423,20","R$ 74,35","R$ 25,95","R$ 60,73","R$ 156,02","R$ 106,15",2544/3
06/11/2024,AHIG0435 - Preto 220V,1,Mercado Livre - FULL,BA,Beleza,"R$ 423,20","R$ 50,78","R$ 25,95","R$ 60,73","R$ 156,02","R$ 129,72",2537/3
06/11/2024,AHIG0435 - Preto 220V,1,Mercado Livre - FULL,MG,Beleza,"R$ 423,20","R$ 50,78","R$ 25,95","R$ 60,73","R$ 156,02","R$ 129,72",2539/3
06/11/2024,AHIG0435 - Preto 220V,1,Mercado Livre - FULL,SC,Beleza,"R$ 423,20","R$ 50,78","R$ 25,95","R$ 60,73","R$ 156,02","R$ 129,72",2542/3
07/11/2024,AHIG0435 - Preto 220V,1,Mercado Livre - FULL,RR,Beleza,"R$ 423,20","R$ 50,78","R$ 25,95","R$ 60,73","R$ 156,02","R$ 129,72",2546/3
07/11/2024,AHIG0412 - Roxo 127V,1,Mercado Livre - FULL,MT,Beleza,"R$ 423,20","R$ 50,78","R$ 25,95","R$ 60,73","R$ 156,02","R$ 129,72",2554/3
07/11/2024,AHIG0434 - Preto 127V,1,Mercado Livre - FULL,BA,Beleza,"R$ 433,78","R$ 52,58","R$ 25,95","R$ 62,25","R$ 156,02","R$ 136,98",2548/3
08/11/2024,AHIG0434 - Preto 127V,1,Mercado Livre - FULL,MG,Beleza,"R$ 433,78","R$ 52,58","R$ 25,95","R$ 62,25","R$ 156,02","R$ 136,98",2552/3
08/11/2024,AHIG0435 - Preto 220V,1,Mercado Livre - FULL,MG,Beleza,"R$ 423,20","R$ 50,78","R$ 25,95","R$ 60,73","R$ 156,02","R$ 129,72",2550/3
08/11/2024,AHIG0412 - Roxo 127V,1,Mercado Livre - FULL,SP,Beleza,"R$ 423,20","R$ 50,78","R$ 25,95","R$ 60,73","R$ 156,02","R$ 129,72",2556/3
08/11/2024,AHIG0435 - Preto 220V,1,Mercado Livre - FULL,SP,Beleza,"R$ 423,20","R$ 50,78","R$ 25,95","R$ 60,73","R$ 156,02","R$ 129,72",2558/3
08/11/2024,AHIG0435 - Preto 220V,1,Mercado Livre - FULL,PA,Beleza,"R$ 423,20","R$ 50,78","R$ 25,95","R$ 60,73","R$ 156,02","R$ 129,72",2560/3
09/11/2024,AHIG0435 - Preto 220V,1,Mercado Livre - FULL,RS,Beleza,"R$ 423,20","R$ 50,78","R$ 25,95","R$ 60,73","R$ 156,02","R$ 129,72",2728/3
11/11/2024,AHIG0434 - Preto 127V,1,Mercado Livre - FULL,ES,Beleza,"R$ 433,78","R$ 52,58","R$ 25,95","R$ 62,25","R$ 156,02","R$ 136,98",2734/3
11/11/2024,AHIG0435 - Preto 220V,1,Mercado Livre - FULL,BA,Beleza,"R$ 423,20","R$ 50,78","R$ 25,95","R$ 60,73","R$ 156,02","R$ 129,72",2732/3
11/11/2024,AHIG0435 - Preto 220V,1,Mercado Livre - FULL,ES,Beleza,"R$ 423,20","R$ 50,78","R$ 25,95","R$ 60,73","R$ 156,02","R$ 129,72",2736/3
12/11/2024,AHIG0435 - Preto 220V,1,Shopee,MA,Beleza,"R$ 476,10","R$ 99,22","R$ 0,00","R$ 68,32","R$ 156,02","R$ 152,54",888/2
12/11/2024,AHIG0435 - Preto 220V,1,Shopee,PB,Beleza,"R$ 476,10","R$ 99,22","R$ 0,00","R$ 68,32","R$ 156,02","R$ 152,54",889/2
12/11/2024,AHIG0435 - Preto 220V,1,Mercado Livre - FULL,BA,Beleza,"R$ 423,20","R$ 50,78","R$ 25,95","R$ 60,73","R$ 156,02","R$ 129,72",2730/3
12/11/2024,AHIG0434 - Preto 127V,1,Mercado Livre - FULL,PR,Beleza,"R$ 433,78","R$ 52,58","R$ 25,95","R$ 62,25","R$ 156,02","R$ 136,98",2726/3
12/11/2024,AHIG0435 - Preto 220V,1,Mercado Livre - FULL,GO,Beleza,"R$ 423,20","R$ 50,78","R$ 25,95","R$ 60,73","R$ 156,02","R$ 129,72",2756/3
12/11/2024,AHIG0435 - Preto 220V,1,Mercado Livre - FULL,PE,Beleza,"R$ 423,20","R$ 50,78","R$ 25,95","R$ 60,73","R$ 156,02","R$ 129,72",2742/3
12/11/2024,AHIG0840 - Branco 220V,1,Mercado Livre - FULL,RS,Beleza,"R$ 497,26","R$ 63,37","R$ 25,95","R$ 71,36","R$ 156,02","R$ 180,56",2744/3
12/11/2024,AHIG0434 - Preto 127V,1,Mercado Livre - FULL,SP,Beleza,"R$ 433,78","R$ 52,58","R$ 25,95","R$ 62,25","R$ 156,02","R$ 136,98",2750/3
12/11/2024,AHIG0434 - Preto 127V,1,Mercado Livre - FULL,SE,Beleza,"R$ 433,78","R$ 52,58","R$ 25,95","R$ 62,25","R$ 156,02","R$ 136,98",2746/3
12/11/2024,AHIG0434 - Preto 127V,1,Mercado Livre - FULL,MT,Beleza,"R$ 433,78","R$ 52,58","R$ 25,95","R$ 62,25","R$ 156,02","R$ 136,98",2752/3
12/11/2024,AHIG0435 - Preto 220V,1,Mercado Livre - FULL,RS,Beleza,"R$ 423,20","R$ 50,78","R$ 25,95","R$ 60,73","R$ 156,02","R$ 129,72",2754/3
12/11/2024,AHIG0435 - Preto 220V,1,Mercado Livre - FULL,MG,Beleza,"R$ 423,20","R$ 50,78","R$ 25,95","R$ 60,73","R$ 156,02","R$ 129,72",2758/3
12/11/2024,AHIG0435 - Preto 220V,1,Mercado Livre - FULL,PI,Beleza,"R$ 423,20","R$ 50,78","R$ 25,95","R$ 60,73","R$ 156,02","R$ 129,72",2762/3
12/11/2024,AHIG0435 - Preto 220V,1,Mercado Livre - FULL,GO,Beleza,"R$ 423,20","R$ 50,78","R$ 25,95","R$ 60,73","R$ 156,02","R$ 129,72",2760/3
12/11/2024,AHIG0435 - Preto 220V,1,Mercado Livre - FULL,SC,Beleza,"R$ 423,20","R$ 50,78","R$ 25,95","R$ 60,73","R$ 156,02","R$ 129,72",2766/3
13/11/2024,AHIG0435 - Preto 220V,1,Mercado Livre - FULL,SP,Beleza,"R$ 423,20","R$ 71,94","R$ 25,95","R$ 60,73","R$ 156,02","R$ 108,56",2769/3
13/11/2024,AHIG0434 - Preto 127V,1,Mercado Livre - FULL,SP,Beleza,"R$ 486,68","R$ 82,74","R$ 25,95","R$ 69,84","R$ 156,02","R$ 152,14",2771/3
14/11/2024,AHIG0434 - Preto 127V,1,Mercado Livre - FULL,PA,Beleza,"R$ 486,68","R$ 82,74","R$ 25,95","R$ 69,84","R$ 156,02","R$ 152,14",2773/3
14/11/2024,AHIG0435 - Preto 220V,2,Mercado Livre - FULL,SP,Beleza,"R$ 846,40","R$ 101,57","R$ 51,90","R$ 121,46","R$ 312,04","R$ 259,43",2775/3
14/11/2024,AHIG0435 - Preto 220V,1,Mercado Livre - FULL,SP,Beleza,"R$ 423,20","R$ 71,94","R$ 25,95","R$ 60,73","R$ 156,02","R$ 108,56",2777/3
14/11/2024,AHIG0434 - Preto 127V,1,Mercado Livre - FULL,RJ,Beleza,"R$ 423,20","R$ 71,94","R$ 25,95","R$ 60,73","R$ 156,02","R$ 108,56",2785/3
14/11/2024,AHIG0434 - Preto 127V,1,Mercado Livre - FULL,SP,Beleza,"R$ 486,68","R$ 82,74","R$ 25,95","R$ 69,84","R$ 156,02","R$ 152,14",2779/3
14/11/2024,AHIG0435 - Preto 220V,1,Mercado Livre - FULL,PE,Beleza,"R$ 423,20","R$ 71,94","R$ 25,95","R$ 60,73","R$ 156,02","R$ 108,56",2783/3
14/11/2024,AHIG0435 - Preto 220V,1,Mercado Livre - FULL,SP,Beleza,"R$ 423,20","R$ 71,94","R$ 25,95","R$ 60,73","R$ 156,02","R$ 108,56",2787/3
15/11/2024,AHIG0435 - Preto 220V,1,Mercado Livre - FULL,MG,Beleza,"R$ 423,20","R$ 71,94","R$ 25,95","R$ 60,73","R$ 156,02","R$ 108,56",2789/3
15/11/2024,AHIG0434 - Preto 127V,1,Mercado Livre - FULL,PA,Beleza,"R$ 486,68","R$ 82,74","R$ 25,95","R$ 69,84","R$ 156,02","R$ 152,14",2791/3
15/11/2024,AHIG0435 - Preto 220V,1,Mercado Livre - FULL,SP,Beleza,"R$ 423,20","R$ 71,94","R$ 25,95","R$ 60,73","R$ 156,02","R$ 108,56",2793/3
16/11/2024,AHIG0434 - Preto 127V,1,Mercado Livre - Envios,RJ,Beleza,"R$ 501,96","R$ 85,33","R$ 25,95","R$ 72,03","R$ 156,02","R$ 162,63",2813/3
16/11/2024,AHIG0435 - Preto 220V,1,Mercado Livre - FULL,SP,Beleza,"R$ 423,20","R$ 71,94","R$ 25,95","R$ 60,73","R$ 156,02","R$ 108,56",2795/3
16/11/2024,AHIG0435 - Preto 220V,1,Mercado Livre - FULL,SP,Beleza,"R$ 423,20","R$ 71,94","R$ 25,95","R$ 60,73","R$ 156,02","R$ 108,56",2797/3
16/11/2024,AHIG0839 - Branco 127V,1,Mercado Livre - FULL,RJ,Beleza,"R$ 497,26","R$ 84,53","R$ 25,95","R$ 71,36","R$ 156,02","R$ 159,40",2799/3
16/11/2024,AHIG0435 - Preto 220V,1,Mercado Livre - FULL,AL,Beleza,"R$ 423,20","R$ 71,94","R$ 25,95","R$ 60,73","R$ 156,02","R$ 108,56",2803/3
16/11/2024,AHIG0434 - Preto 127V,1,Mercado Livre - FULL,PR,Beleza,"R$ 486,68","R$ 82,74","R$ 25,95","R$ 69,84","R$ 156,02","R$ 152,14",2801/3
17/11/2024,AHIG0435 - Preto 220V,1,Mercado Livre - FULL,PR,Beleza,"R$ 423,20","R$ 71,94","R$ 25,95","R$ 60,73","R$ 156,02","R$ 108,56",2807/3
17/11/2024,AHIG0434 - Preto 127V,1,Mercado Livre - FULL,RJ,Beleza,"R$ 486,68","R$ 82,74","R$ 25,95","R$ 69,84","R$ 156,02","R$ 152,14",2809/3
18/11/2024,AHIG0435 - Preto 220V,1,Mercado Livre - Envios,SP,Beleza,"R$ 529,00","R$ 89,93","R$ 24,95","R$ 75,91","R$ 156,02","R$ 182,19",2812/3
18/11/2024,AHIG0434 - Preto 127V,1,Mercado Livre - FULL,MG,Beleza,"R$ 423,20","R$ 71,94","R$ 25,95","R$ 60,73","R$ 156,02","R$ 108,56",2815/3
18/11/2024,AHIG0435 - Preto 220V,1,Mercado Livre - FULL,MS,Beleza,"R$ 423,20","R$ 71,94","R$ 25,95","R$ 60,73","R$ 156,02","R$ 108,56",2817/3
18/11/2024,AHIG0414 - Roxo 220V,1,Mercado Livre - FULL,SP,Beleza,"R$ 423,20","R$ 71,94","R$ 25,95","R$ 60,73","R$ 156,02","R$ 108,56",2819/3
18/11/2024,AHIG0435 - Preto 220V,10,Venda direta,PE,Beleza,"R$ 4.365,00","R$ 0,00","R$ 480,00","R$ 626,38","R$ 1.560,20","R$ 1.698,42",/1
18/11/2024,AHIG0435 - Preto 220V,1,Mercado Livre - FULL,RS,Beleza,"R$ 423,20","R$ 45,49","R$ 25,95","R$ 60,73","R$ 156,02","R$ 135,01",2822/3
18/11/2024,AHIG0434 - Preto 127V,1,Mercado Livre - FULL,SP,Beleza,"R$ 423,20","R$ 45,49","R$ 25,95","R$ 60,73","R$ 156,02","R$ 135,01",2826/3
18/11/2024,AHIG0435 - Preto 220V,1,Mercado Livre - FULL,SP,Beleza,"R$ 423,20","R$ 45,49","R$ 25,95","R$ 60,73","R$ 156,02","R$ 135,01",2824/3
19/11/2024,AHIG0435 - Preto 220V,1,Mercado Livre - FULL,GO,Beleza,"R$ 423,20","R$ 45,49","R$ 25,95","R$ 60,73","R$ 156,02","R$ 135,01",2832/3
19/11/2024,AHIG0435 - Preto 220V,1,Mercado Livre - FULL,GO,Beleza,"R$ 423,20","R$ 45,49","R$ 25,95","R$ 60,73","R$ 156,02","R$ 135,01",2828/3
19/11/2024,AHIG0435 - Preto 220V,1,Mercado Livre - FULL,SP,Beleza,"R$ 423,20","R$ 45,49","R$ 25,95","R$ 60,73","R$ 156,02","R$ 135,01",2830/3
20/11/2024,AHIG0434 - Preto 127V,1,Mercado Livre - FULL,SP,Beleza,"R$ 423,20","R$ 45,49","R$ 25,95","R$ 60,73","R$ 156,02","R$ 135,01",2858/3
20/11/2024,AHIG0839 - Branco 127V,1,Mercado Livre - FULL,PA,Beleza,"R$ 423,20","R$ 45,49","R$ 25,95","R$ 60,73","R$ 156,02","R$ 135,01",2886/3
20/11/2024,AHIG0435 - Preto 220V,1,Mercado Livre - FULL,SP,Beleza,"R$ 423,20","R$ 45,49","R$ 25,95","R$ 60,73","R$ 156,02","R$ 135,01",2888/3
21/11/2024,AHIG0434 - Preto 127V,1,Mercado Livre - FULL,BA,Beleza,"R$ 423,20","R$ 45,49","R$ 25,95","R$ 60,73","R$ 156,02","R$ 135,01",2890/3
21/11/2024,AHIG0435 - Preto 220V,1,Mercado Livre - FULL,SP,Beleza,"R$ 423,20","R$ 45,49","R$ 25,95","R$ 60,73","R$ 156,02","R$ 135,01",2892/3
21/11/2024,AHIG0434 - Preto 127V,1,Mercado Livre - FULL,MG,Beleza,"R$ 423,20","R$ 45,49","R$ 25,95","R$ 60,73","R$ 156,02","R$ 135,01",2894/3
21/11/2024,AHIG0435 - Preto 220V,1,Mercado Livre - FULL,RS,Beleza,"R$ 423,20","R$ 45,49","R$ 25,95","R$ 60,73","R$ 156,02","R$ 135,01",2896/3
21/11/2024,AHIG0434 - Preto 127V,1,Mercado Livre - FULL,MG,Beleza,"R$ 423,20","R$ 45,49","R$ 25,95","R$ 60,73","R$ 156,02","R$ 135,01",2898/3
22/11/2024,AHIG0434 - Preto 127V,1,Shopee,MG,Beleza,"R$ 476,10","R$ 80,94","R$ 15,28","R$ 68,32","R$ 156,02","R$ 155,54",892/2
22/11/2024,AHIG0434 - Preto 127V,1,Mercado Livre - FULL,MG,Beleza,"R$ 423,20","R$ 45,49","R$ 25,95","R$ 60,73","R$ 156,02","R$ 135,01",2900/3
22/11/2024,AHIG0435 - Preto 220V,1,Mercado Livre - FULL,BA,Beleza,"R$ 423,20","R$ 45,49","R$ 25,95","R$ 60,73","R$ 156,02","R$ 135,01",2902/3
23/11/2024,AHIG0435 - Preto 220V,1,Mercado Livre - FULL,MT,Beleza,"R$ 423,20","R$ 45,49","R$ 25,95","R$ 60,73","R$ 156,02","R$ 135,01",2906/3
24/11/2024,AHIG0840 - Branco 220V,1,Mercado Livre - FULL,MG,Beleza,"R$ 423,20","R$ 45,49","R$ 25,95","R$ 60,73","R$ 156,02","R$ 135,01",2908/3
25/11/2024,AHIG0435 - Preto 220V,1,Shopee,SP,Beleza,"R$ 476,10","R$ 80,94","R$ 18,70","R$ 68,32","R$ 156,02","R$ 152,12",893/2
26/11/2024,AHIG0435 - Preto 220V,1,Mercado Livre - FULL,GO,Beleza,"R$ 423,20","R$ 45,49","R$ 25,95","R$ 60,73","R$ 156,02","R$ 135,01",2953/3
26/11/2024,AHIG0435 - Preto 220V,1,Mercado Livre - FULL,PI,Beleza,"R$ 423,20","R$ 45,49","R$ 25,95","R$ 60,73","R$ 156,02","R$ 135,01",2915/3
26/11/2024,AHIG0435 - Preto 220V,2,Mercado Livre - FULL,SC,Beleza,"R$ 846,40","R$ 90,99","R$ 52,90","R$ 121,46","R$ 312,04","R$ 269,01",2917/3
26/11/2024,AHIG0840 - Branco 220V,1,Mercado Livre - FULL,SC,Beleza,"R$ 423,20","R$ 45,49","R$ 25,95","R$ 60,73","R$ 156,02","R$ 135,01",2919/3
26/11/2024,AHIG0840 - Branco 220V,1,Mercado Livre - FULL,SC,Beleza,"R$ 423,20","R$ 45,49","R$ 25,95","R$ 60,73","R$ 156,02","R$ 135,01",2921/3
26/11/2024,AHIG0434 - Preto 127V,1,Mercado Livre - FULL,RJ,Beleza,"R$ 423,20","R$ 45,49","R$ 25,95","R$ 60,73","R$ 156,02","R$ 135,01",2923/3
26/11/2024,AHIG0412 - Roxo 127V,1,Mercado Livre - FULL,PA,Beleza,"R$ 423,20","R$ 45,49","R$ 25,95","R$ 60,73","R$ 156,02","R$ 135,01",2925/3
26/11/2024,AHIG0435 - Preto 220V,1,Mercado Livre - FULL,GO,Beleza,"R$ 423,20","R$ 45,49","R$ 25,95","R$ 60,73","R$ 156,02","R$ 135,01",2927/3
26/11/2024,AHIG0434 - Preto 127V,1,Loja Integrada - PagSeguro,BA,Beleza,"R$ 459,90","R$ 18,40","R$ 25,95","R$ 66,00","R$ 156,02","R$ 193,54",894/2
26/11/2024,AHIG0435 - Preto 220V,1,Mercado Livre - FULL,PE,Beleza,"R$ 423,20","R$ 45,49","R$ 25,95","R$ 60,73","R$ 156,02","R$ 135,01",2931/3
27/11/2024,AHIG0434 - Preto 127V,1,Mercado Livre - FULL,MG,Beleza,"R$ 423,20","R$ 45,49","R$ 25,95","R$ 60,73","R$ 156,02","R$ 135,01",2933/3
27/11/2024,AHIG0434 - Preto 127V,1,Mercado Livre - FULL,BA,Beleza,"R$ 423,20","R$ 45,49","R$ 25,95","R$ 60,73","R$ 156,02","R$ 135,01",2939/3
27/11/2024,AHIG0434 - Preto 127V,2,Mercado Livre - FULL,RJ,Beleza,"R$ 846,40","R$ 90,99","R$ 25,95","R$ 121,46","R$ 312,04","R$ 295,96",2935/3
28/11/2024,AHIG0412 - Roxo 127V,1,Mercado Livre - FULL,SP,Beleza,"R$ 423,20","R$ 45,49","R$ 51,90","R$ 60,73","R$ 156,02","R$ 109,06",2937/3
28/11/2024,AHIG0435 - Preto 220V,1,Mercado Livre - FULL,GO,Beleza,"R$ 423,20","R$ 45,49","R$ 25,95","R$ 60,73","R$ 156,02","R$ 135,01",2965/3
28/11/2024,AHIG0435 - Preto 220V,1,Mercado Livre - FULL,GO,Beleza,"R$ 423,20","R$ 45,49","R$ 25,95","R$ 60,73","R$ 156,02","R$ 135,01",2941/3
28/11/2024,AHIG0435 - Preto 220V,1,Amazon BR,SP,Beleza,"R$ 474,05","R$ 54,14","R$ 0,00","R$ 68,03","R$ 156,02","R$ 195,87",0023/4
28/11/2024,AHIG0435 - Preto 220V,1,Mercado Livre - FULL,SP,Beleza,"R$ 423,20","R$ 45,49","R$ 25,95","R$ 60,73","R$ 156,02","R$ 135,01",2943/3
28/11/2024,AHIG0839 - Branco 127V,1,Mercado Livre - FULL,RS,Beleza,"R$ 423,20","R$ 45,49","R$ 25,95","R$ 60,73","R$ 156,02","R$ 135,01",2945/3
29/11/2024,AHIG0435 - Preto 220V,1,Mercado Livre - FULL,SP,Beleza,"R$ 423,20","R$ 45,49","R$ 25,95","R$ 60,73","R$ 156,02","R$ 135,01",2949/3
29/11/2024,AHIG0435 - Preto 220V,1,Shopee,CE,Beleza,"R$ 476,10","R$ 80,94","R$ 18,73","R$ 68,32","R$ 156,02","R$ 152,09",897/2
29/11/2024,AHIG0435 - Preto 220V,1,Mercado Livre - FULL,MG,Beleza,"R$ 423,20","R$ 45,49","R$ 25,95","R$ 60,73","R$ 156,02","R$ 135,01",2955/3
30/11/2024,AHIG0435 - Preto 220V,1,Mercado Livre - FULL,GO,Beleza,"R$ 423,20","R$ 45,49","R$ 25,95","R$ 60,73","R$ 156,02","R$ 135,01",2957/3
30/11/2024,AHIG0840 - Branco 220V,1,Mercado Livre - FULL,PE,Beleza,"R$ 423,20","R$ 45,49","R$ 25,95","R$ 60,73","R$ 156,02","R$ 135,01",2959/3
30/11/2024,AHIG0435 - Preto 220V,1,Mercado Livre - FULL,PA,Beleza,"R$ 423,20","R$ 45,49","R$ 25,95","R$ 60,73","R$ 156,02","R$ 135,01",2961/3
01/12/2024,AHIG0435 - Preto 220V,1,Mercado Livre - FULL,SC,Beleza,"R$ 423,20","R$ 45,49","R$ 25,95","R$ 60,73","R$ 156,02","R$ 135,01",2963/3
01/12/2024,AHIG0435 - Preto 220V,1,Mercado Livre - FULL,PB,Beleza,"R$ 423,20","R$ 45,49","R$ 25,95","R$ 60,73","R$ 156,02","R$ 135,01",2967/3
01/12/2024,AHIG0840 - Branco 220V,1,Mercado Livre - FULL,SP,Beleza,"R$ 423,20","R$ 45,49","R$ 25,95","R$ 60,73","R$ 156,02","R$ 135,01",2969/3
02/12/2024,AHIG0435 - Preto 220V,1,Mercado Livre - FULL,SP,Beleza,"R$ 423,20","R$ 45,49","R$ 25,95","R$ 60,73","R$ 156,02","R$ 135,01",2971/3
02/12/2024,AHIG0435 - Preto 220V,1,Mercado Livre - FULL,SP,Beleza,"R$ 423,20","R$ 45,49","R$ 25,95","R$ 60,73","R$ 156,02","R$ 135,01",2977/3
02/12/2024,AHIG0435 - Preto 220V,1,Mercado Livre - FULL,SP,Beleza,"R$ 423,20","R$ 45,49","R$ 25,95","R$ 60,73","R$ 156,02","R$ 135,01",2973/3
02/12/2024,AHIG0435 - Preto 220V,1,Mercado Livre - FULL,SP,Beleza,"R$ 423,20","R$ 45,49","R$ 25,95","R$ 60,73","R$ 156,02","R$ 135,01",2975/3
03/12/2024,AHIG0435 - Preto 220V,1,Mercado Livre - FULL,PB,Beleza,"R$ 423,20","R$ 45,49","R$ 25,95","R$ 60,73","R$ 156,02","R$ 135,01",2979/3
03/12/2024,AHIG0435 - Preto 220V,1,Mercado Livre - FULL,GO,Beleza,"R$ 529,00","R$ 89,93","R$ 25,95","R$ 75,91","R$ 156,02","R$ 181,19",2981/3
03/12/2024,AHIG0434 - Preto 127V,1,Loja integrada - Pix,SP,Beleza,"R$ 467,81","R$ 9,36","R$ 21,71","R$ 67,13","R$ 156,02","R$ 213,59",898/3
04/12/2024,AHIG0434 - Preto 127V,1,Mercado Livre - FULL,PA,Beleza,"R$ 502,55","R$ 85,43","R$ 25,95","R$ 72,12","R$ 156,02","R$ 163,03",2986/3
05/12/2024,AHIG0434 - Preto 127V,1,Mercado Livre - FULL,MG,Beleza,"R$ 502,55","R$ 85,43","R$ 25,95","R$ 72,12","R$ 156,02","R$ 163,03",2988/3
05/12/2024,AHIG0435 - Preto 220V,1,Mercado Livre - FULL,PE,Beleza,"R$ 502,55","R$ 85,43","R$ 25,95","R$ 72,12","R$ 156,02","R$ 163,03",2992/3
06/12/2024,AHIG0839 - Branco 127V,1,Mercado Livre - FULL,SP,Beleza,"R$ 502,55","R$ 85,43","R$ 25,95","R$ 72,12","R$ 156,02","R$ 163,03",2994/3
06/12/2024,AHIG0434 - Preto 127V,1,Mercado Livre - FULL,SP,Beleza,"R$ 502,55","R$ 85,43","R$ 25,95","R$ 72,12","R$ 156,02","R$ 163,03",2996/3
07/12/2024,AHIG0435 - Preto 220V,1,Mercado Livre - FULL,MG,Beleza,"R$ 502,55","R$ 85,43","R$ 25,95","R$ 72,12","R$ 156,02","R$ 163,03",3002/3
07/12/2024,AHIG0435 - Preto 220V,1,Mercado Livre - FULL,PE,Beleza,"R$ 502,55","R$ 85,43","R$ 25,95","R$ 72,12","R$ 156,02","R$ 163,03",2998/3
08/12/2024,AHIG0435 - Preto 220V,1,Mercado Livre - FULL,CE,Beleza,"R$ 502,55","R$ 85,43","R$ 25,95","R$ 72,12","R$ 156,02","R$ 163,03",3004/3
08/12/2024,AHIG0434 - Preto 127V,1,Mercado Livre - FULL,MG,Beleza,"R$ 502,55","R$ 85,43","R$ 25,95","R$ 72,12","R$ 156,02","R$ 163,03",3006/3
08/12/2024,AHIG0840 - Branco 220V,1,Mercado Livre - FULL,RS,Beleza,"R$ 502,55","R$ 85,43","R$ 25,95","R$ 72,12","R$ 156,02","R$ 163,03",3008/3
10/12/2024,AHIG0414 - Roxo 220V,1,Loja Integrada - PagSeguro,SC,Beleza,"R$ 481,48","R$ 19,26","R$ 21,58","R$ 69,09","R$ 156,02","R$ 215,53",899/2
10/12/2024,AHIG0839 - Branco 127V,1,Mercado Livre - FULL,SP,Beleza,"R$ 502,55","R$ 85,43","R$ 25,95","R$ 72,12","R$ 156,02","R$ 163,03",3010/3
10/12/2024,AHIG0414 - Roxo 220V,1,Loja Integrada - PagSeguro,PA,Beleza,"R$ 473,07","R$ 18,92","R$ 26,97","R$ 67,89","R$ 156,02","R$ 203,27",900/2
10/12/2024,AHIG0435 - Preto 220V,1,Mercado Livre - FULL,SP,Beleza,"R$ 502,55","R$ 85,43","R$ 25,95","R$ 72,12","R$ 156,02","R$ 163,03",3013/3
10/12/2024,AHIG0435 - Preto 220V,1,Mercado Livre - FULL,MT,Beleza,"R$ 502,55","R$ 85,43","R$ 25,95","R$ 72,12","R$ 156,02","R$ 163,03",3105/3
10/12/2024,AHIG0435 - Preto 220V,2,Mercado Livre - FULL,CE,Beleza,"R$ 1.005,10","R$ 170,87","R$ 51,90","R$ 144,23","R$ 312,04","R$ 326,06",3015/3
10/12/2024,AHIG0434 - Preto 127V,1,Mercado Livre - FULL,PR,Beleza,"R$ 502,55","R$ 85,43","R$ 25,95","R$ 72,12","R$ 156,02","R$ 163,03",3017/3
11/12/2024,AHIG0434 - Preto 127V,1,Mercado Livre - FULL,MG,Beleza,"R$ 502,55","R$ 85,43","R$ 25,95","R$ 72,12","R$ 156,02","R$ 163,03",3049/3
11/12/2024,AHIG0435 - Preto 220V,8,Distribuidor,SP,Beleza,"R$ 2.240,00","R$ 0,00","R$ 112,50","R$ 581,73","R$ 1.248,16","R$ 297,61",/1
11/12/2024,AHIG0412 - Roxo 127V,6,Distribuidor,SP,Beleza,"R$ 1.680,00","R$ 0,00","R$ 112,50","R$ 436,30","R$ 936,12","R$ 195,08",/1
11/12/2024,AHIG0840 - Branco 220V,1,Shopee,PE,Beleza,"R$ 497,26","R$ 84,53","R$ 18,92","R$ 71,36","R$ 156,02","R$ 166,43",901/2
11/12/2024,AHIG0434 - Preto 127V,1,Mercado Livre - FULL,PA,Beleza,"R$ 502,55","R$ 85,43","R$ 25,95","R$ 72,12","R$ 156,02","R$ 163,03",3117/3
12/12/2024,AHIG0434 - Preto 127V,1,Mercado Livre - FULL,BA,Beleza,"R$ 502,55","R$ 85,43","R$ 25,95","R$ 72,12","R$ 156,02","R$ 163,03",3021/3
12/12/2024,AHIG0840 - Branco 220V,1,Mercado Livre - FULL,CE,Beleza,"R$ 502,55","R$ 85,43","R$ 25,95","R$ 72,12","R$ 156,02","R$ 163,03",3111/3
12/12/2024,AHIG0435 - Preto 220V,1,Amazon BR,RN,Beleza,"R$ 529,90","R$ 90,08","R$ 25,86","R$ 76,04","R$ 156,02","R$ 181,90",905/2
13/12/2024,AHIG0435 - Preto 220V,1,Mercado Livre - FULL,PB,Beleza,"R$ 502,55","R$ 85,43","R$ 25,95","R$ 72,12","R$ 156,02","R$ 163,03",3113/3
14/12/2024,AHIG0839 - Branco 127V,1,Mercado Livre - FULL,SP,Beleza,"R$ 502,55","R$ 85,43","R$ 25,95","R$ 72,12","R$ 156,02","R$ 163,03",3127/3
14/12/2024,AHIG0434 - Preto 127V,1,Mercado Livre - FULL,MS,Beleza,"R$ 502,55","R$ 85,43","R$ 25,95","R$ 72,12","R$ 156,02","R$ 163,03",3119/3
14/12/2024,AHIG0414 - Roxo 220V,1,Mercado Livre - FULL,SC,Beleza,"R$ 502,55","R$ 85,43","R$ 25,95","R$ 72,12","R$ 156,02","R$ 163,03",3121/3
16/12/2024,AHIG0434 - Preto 127V,1,Mercado Livre - FULL,ES,Beleza,"R$ 502,55","R$ 85,43","R$ 25,95","R$ 72,12","R$ 156,02","R$ 163,03",3125/3
16/12/2024,AHIG0435 - Preto 220V,1,Mercado Livre - FULL,CE,Beleza,"R$ 502,55","R$ 85,43","R$ 25,95","R$ 72,12","R$ 156,02","R$ 163,03",3123/3
17/12/2024,AHIG0435 - Preto 220V,1,Mercado Livre - FULL,SP,Beleza,"R$ 303,00","R$ 0,00","R$ 0,00","R$ 43,48","R$ 156,02","R$ 103,50",/1
18/12/2024,AHIG0434 - Preto 127V,1,Mercado Livre - FULL,MG,Beleza,"R$ 502,55","R$ 85,43","R$ 25,95","R$ 72,12","R$ 156,02","R$ 163,03",3129/3
19/12/2024,AHIG0434 - Preto 127V,1,Mercado Livre - FULL,SP,Beleza,"R$ 502,55","R$ 85,43","R$ 25,95","R$ 72,12","R$ 156,02","R$ 163,03",3131/3
22/12/2024,AHIG0412 - Roxo 127V,1,Mercado Livre - FULL,MG,Beleza,"R$ 502,55","R$ 85,43","R$ 25,95","R$ 72,12","R$ 156,02","R$ 163,03",3133/3
22/12/2024,AHIG0414 - Roxo 220V,1,Mercado Livre - FULL,AL,Beleza,"R$ 502,55","R$ 85,43","R$ 25,95","R$ 72,12","R$ 156,02","R$ 163,03",3135/3
26/12/2024,AHIG0435 - Preto 220V,1,Mercado Livre - FULL,TO,Beleza,"R$ 529,00","R$ 89,93","R$ 25,95","R$ 75,91","R$ 156,02","R$ 181,19",3157/3
26/12/2024,AHIG0412 - Roxo 127V,1,Mercado Livre - FULL,SP,Beleza,"R$ 529,00","R$ 89,93","R$ 25,95","R$ 75,91","R$ 156,02","R$ 181,19",3139/3
27/12/2024,AHIG0840 - Branco 220V,1,Mercado Livre - FULL,GO,Beleza,"R$ 529,00","R$ 89,93","R$ 25,95","R$ 75,91","R$ 156,02","R$ 181,19",3145/3
28/12/2024,AHIG0435 - Preto 220V,2,Mercado Livre - FULL,SP,Beleza,"R$ 1.058,00","R$ 179,86","R$ 51,90","R$ 151,82","R$ 312,04","R$ 362,38",3153/3
28/12/2024,AHIG0434 - Preto 127V,1,Mercado Livre - FULL,MT,Beleza,"R$ 529,00","R$ 89,93","R$ 25,95","R$ 75,91","R$ 156,02","R$ 181,19",3155/3
29/12/2024,AHIG0434 - Preto 127V,1,Mercado Livre - FULL,MG,Beleza,"R$ 529,00","R$ 89,93","R$ 25,95","R$ 75,91","R$ 156,02","R$ 181,19",3159/3
01/01/2025,AHIG0840 - Branco 220V,1,Mercado Livre - FULL,SC,Beleza,"R$ 529,00","R$ 89,93","R$ 25,95","R$ 75,91","R$ 156,02","R$ 181,19",3161/3
01/01/2025,AHIG0840 - Branco 220V,1,Amazon BR,RN,Beleza,"R$ 459,90","R$ 81,86","R$ 0,00","R$ 66,00","R$ 156,02","R$ 156,02",26/4
01/01/2025,AHIG0840 - Branco 220V,1,Mercado Livre - FULL,PE,Beleza,"R$ 502,55","R$ 85,43","R$ 26,95","R$ 72,12","R$ 156,02","R$ 162,03",3530/3
03/01/2025,AHIG0412 - Roxo 127V,1,Mercado Livre - FULL,SP,Beleza,"R$ 529,00","R$ 89,93","R$ 25,95","R$ 75,91","R$ 156,02","R$ 181,19",3163/3
03/01/2025,AHIG0434 - Preto 127V,1,Mercado Livre - FULL,PR,Beleza,"R$ 529,00","R$ 89,93","R$ 25,95","R$ 75,91","R$ 156,02","R$ 181,19",3165/3
03/01/2025,AHIG0435 - Preto 220V,1,Mercado Livre - FULL,GO,Beleza,"R$ 529,00","R$ 89,93","R$ 25,95","R$ 75,91","R$ 156,02","R$ 181,19",3167/3
04/01/2025,AHIG0434 - Preto 127V,1,Mercado Livre - FULL,SP,Beleza,"R$ 529,00","R$ 89,93","R$ 25,95","R$ 75,91","R$ 156,02","R$ 181,19",3173/3
04/01/2025,AHIG0435 - Preto 220V,1,Mercado Livre - FULL,DF,Beleza,"R$ 529,00","R$ 89,93","R$ 25,95","R$ 75,91","R$ 156,02","R$ 181,19",3171/3
05/01/2025,AHIG0435 - Preto 220V,1,Mercado Livre - FULL,SP,Beleza,"R$ 529,00","R$ 89,93","R$ 25,95","R$ 75,91","R$ 156,02","R$ 181,19",3179/3
06/01/2025,AHIG0434 - Preto 127V,2,Distribuidor,SP,Beleza,"R$ 606,00","R$ 0,00","R$ 0,00","R$ 157,38","R$ 312,04","R$ 136,58",/1
06/01/2025,AHIG0435 - Preto 220V,1,Mercado Livre - FULL,ES,Beleza,"R$ 529,00","R$ 89,93","R$ 25,95","R$ 75,91","R$ 156,02","R$ 181,19",3175/3
06/01/2025,AHIG0435 - Preto 220V,1,Mercado Livre - FULL,PI,Beleza,"R$ 529,00","R$ 89,93","R$ 25,95","R$ 75,91","R$ 156,02","R$ 181,19",3177/3
07/01/2025,AHIG0434 - Preto 127V,1,Mercado Livre - Envios,ES,Beleza,"R$ 534,00","R$ 90,78","R$ 24,95","R$ 76,63","R$ 156,02","R$ 185,62",3184/3
07/01/2025,AHIG0434 - Preto 127V,1,Mercado Livre - FULL,MG,Beleza,"R$ 486,68","R$ 82,74","R$ 25,95","R$ 69,84","R$ 156,02","R$ 152,14",3181/3
07/01/2025,AHIG0840 - Branco 220V,1,Mercado Livre - FULL,SP,Beleza,"R$ 529,00","R$ 89,93","R$ 25,95","R$ 75,91","R$ 156,02","R$ 181,19",3183/3
08/01/2025,AHIG0435 - Preto 220V,1,Mercado Livre - FULL,SC,Beleza,"R$ 529,00","R$ 89,93","R$ 25,95","R$ 75,91","R$ 156,02","R$ 181,19",3186/3
08/01/2025,AHIG0412 - Roxo 127V,1,Mercado Livre - FULL,SP,Beleza,"R$ 529,00","R$ 89,93","R$ 25,95","R$ 75,91","R$ 156,02","R$ 181,19",3188/3
09/01/2025,AHIG0435 - Preto 220V,1,Distribuidor,SP,Beleza,"R$ 303,00","R$ 0,00","R$ 0,00","R$ 78,69","R$ 156,02","R$ 68,29",/1
09/01/2025,AHIG0435 - Preto 220V,1,Mercado Livre - FULL,PE,Beleza,"R$ 529,00","R$ 89,93","R$ 25,95","R$ 75,91","R$ 156,02","R$ 181,19",3190/3
09/01/2025,AHIG0414 - Roxo 220V,1,Mercado Livre - FULL,SP,Beleza,"R$ 529,00","R$ 89,93","R$ 25,95","R$ 75,91","R$ 156,02","R$ 181,19",3196/3
10/01/2025,AHIG0434 - Preto 127V,1,Mercado Livre - FULL,SP,Beleza,"R$ 486,68","R$ 82,74","R$ 25,95","R$ 69,84","R$ 156,02","R$ 152,14",3198/3
10/01/2025,AHIG0435 - Preto 220V,1,Mercado Livre - FULL,RS,Beleza,"R$ 529,00","R$ 89,93","R$ 25,95","R$ 75,91","R$ 156,02","R$ 181,19",3200/3
10/01/2025,AHIG0435 - Preto 220V,1,Mercado Livre - FULL,BA,Beleza,"R$ 529,00","R$ 89,93","R$ 25,95","R$ 75,91","R$ 156,02","R$ 181,19",3202/3
10/01/2025,AHIG0434 - Preto 127V,1,Mercado Livre - FULL,SP,Beleza,"R$ 486,68","R$ 82,74","R$ 25,95","R$ 69,84","R$ 156,02","R$ 152,14",3204/3
11/01/2025,AHIG0434 - Preto 127V,1,Mercado Livre - FULL,RJ,Beleza,"R$ 486,68","R$ 82,74","R$ 25,95","R$ 69,84","R$ 156,02","R$ 152,14",3206/3
12/01/2025,AHIG0435 - Preto 220V,1,Mercado Livre - FULL,SP,Beleza,"R$ 529,00","R$ 89,93","R$ 25,95","R$ 75,91","R$ 156,02","R$ 181,19",3208/3
13/01/2025,AHIG0434 - Preto 127V,1,Distribuidor,SP,Beleza,"R$ 303,00","R$ 0,00","R$ 0,00","R$ 78,69","R$ 156,02","R$ 68,29",/1
13/01/2025,AHIG0435 - Preto 220V,2,Distribuidor,SP,Beleza,"R$ 606,00","R$ 0,00","R$ 0,00","R$ 157,38","R$ 312,04","R$ 136,58",/1
13/01/2025,AHIG0434 - Preto 127V,1,Mercado Livre - FULL,RS,Beleza,"R$ 534,00","R$ 90,78","R$ 24,95","R$ 76,63","R$ 156,02","R$ 185,62",3211/3
13/01/2025,AHIG0434 - Preto 127V,1,Mercado Livre - FULL,PR,Beleza,"R$ 486,68","R$ 82,74","R$ 25,95","R$ 69,84","R$ 156,02","R$ 152,14",3213/3
13/01/2025,AHIG0434 - Preto 127V,1,Mercado Livre - FULL,SP,Beleza,"R$ 486,68","R$ 82,74","R$ 25,95","R$ 69,84","R$ 156,02","R$ 152,14",3215/3
14/01/2025,AHIG0434 - Preto 127V,1,Mercado Livre - FULL,PR,Beleza,"R$ 486,68","R$ 82,74","R$ 25,95","R$ 69,84","R$ 156,02","R$ 152,14",3217/3
14/01/2025,AHIG0435 - Preto 220V,1,Mercado Livre - FULL,AL,Beleza,"R$ 529,00","R$ 89,93","R$ 25,95","R$ 75,91","R$ 156,02","R$ 181,19",3219/3
15/01/2025,AHIG0435 - Preto 220V,3,Loja Integrada - PagSeguro,PB,Beleza,"R$ 1.492,37",#N/A,"R$ 77,71","R$ 214,16","R$ 468,06",#N/A,906/2
15/01/2025,AHIG0434 - Preto 127V,1,Mercado Livre - FULL,PR,Beleza,"R$ 486,68","R$ 82,74","R$ 25,95","R$ 69,84","R$ 156,02","R$ 152,14",3221/3
15/01/2025,AHIG0414 - Roxo 220V,1,Mercado Livre - FULL,RS,Beleza,"R$ 529,00","R$ 89,93","R$ 25,95","R$ 75,91","R$ 156,02","R$ 181,19",3223/3
15/01/2025,AHIG0434 - Preto 127V,1,Mercado Livre - FULL,PA,Beleza,"R$ 486,68","R$ 82,74","R$ 25,95","R$ 69,84","R$ 156,02","R$ 152,14",3225/3
15/01/2025,AHIG0435 - Preto 220V,1,Mercado Livre - FULL,PE,Beleza,"R$ 529,00","R$ 89,93","R$ 25,95","R$ 75,91","R$ 156,02","R$ 181,19",3227/3
16/01/2025,AHIG0434 - Preto 127V,1,Remessa Bonificada,SP,Beleza,"R$ 470,25","R$ 0,00","R$ 0,00","R$ 67,48","R$ 156,02","R$ 246,75",/1
16/01/2025,AHIG0840 - Branco 220V,1,Mercado Livre - FULL,SE,Beleza,"R$ 529,00","R$ 89,93","R$ 25,95","R$ 75,91","R$ 156,02","R$ 181,19",3229/3
17/01/2025,AHIG0435 - Preto 220V,1,Mercado Livre - FULL,SP,Beleza,"R$ 529,00","R$ 89,93","R$ 25,95","R$ 75,91","R$ 156,02","R$ 181,19",3231/3
20/01/2025,AHIG0435 - Preto 220V,2,Distribuidor,SP,Beleza,"R$ 606,00","R$ 0,00","R$ 0,00","R$ 157,38","R$ 312,04","R$ 136,58",/1
20/01/2025,AHIG0840 - Branco 220V,1,Mercado Livre - FULL,SP,Beleza,"R$ 529,00","R$ 89,93","R$ 28,45","R$ 75,91","R$ 156,02","R$ 178,69",3236/3
20/01/2025,AHIG0435 - Preto 220V,1,Mercado Livre - FULL,SP,Beleza,"R$ 529,00","R$ 89,93","R$ 28,45","R$ 75,91","R$ 156,02","R$ 178,69",3234/3
21/01/2025,AHIG0435 - Preto 220V,1,Mercado Livre - FULL,SC,Beleza,"R$ 529,00","R$ 89,93","R$ 28,45","R$ 75,91","R$ 156,02","R$ 178,69",3238/3
21/01/2025,AHIG0839 - Branco 127V,1,Mercado Livre - FULL,SP,Beleza,"R$ 529,00","R$ 89,93","R$ 28,45","R$ 75,91","R$ 156,02","R$ 178,69",3240/3
22/01/2025,AHIG0435 - Preto 220V,2,Distribuidor,SP,Beleza,"R$ 606,00","R$ 0,00","R$ 0,00","R$ 157,38","R$ 312,04","R$ 136,58",/1
23/01/2025,AHIG0434 - Preto 127V,1,Mercado Livre - FULL,SP,Beleza,"R$ 529,00","R$ 89,93","R$ 28,45","R$ 75,91","R$ 156,02","R$ 178,69",3242/3
23/01/2025,AHIG0434 - Preto 127V,1,Mercado Livre - FULL,MT,Beleza,"R$ 529,00","R$ 89,93","R$ 28,45","R$ 75,91","R$ 156,02","R$ 178,69",3244/3
23/01/2025,AHIG0435 - Preto 220V,2,Mercado Livre - FULL,PA,Beleza,"R$ 1.058,00","R$ 179,86","R$ 56,90","R$ 151,82","R$ 312,04","R$ 357,38",3246/3
23/01/2025,AHIG0840 - Branco 220V,1,Amazon BR,SC,Beleza,"R$ 459,90","R$ 81,86","R$ 0,00","R$ 66,00","R$ 156,02","R$ 156,02",0028/4
24/01/2025,AHIG0435 - Preto 220V,1,Mercado Livre - FULL,SP,Beleza,"R$ 529,00","R$ 89,93","R$ 28,45","R$ 75,91","R$ 156,02","R$ 178,69",3248/3
24/01/2025,AHIG0412 - Roxo 127V,1,Mercado Livre - FULL,RN,Beleza,"R$ 529,00","R$ 89,93","R$ 28,45","R$ 75,91","R$ 156,02","R$ 178,69",3250/3
24/01/2025,AHIG0435 - Preto 220V,1,Mercado Livre - FULL,MG,Beleza,"R$ 529,00","R$ 89,93","R$ 28,45","R$ 75,91","R$ 156,02","R$ 178,69",3252/3
25/01/2025,AHIG0435 - Preto 220V,1,Mercado Livre - FULL,CE,Beleza,"R$ 529,00","R$ 89,93","R$ 28,45","R$ 75,91","R$ 156,02","R$ 178,69",3254/3
25/01/2025,AHIG0434 - Preto 127V,1,Mercado Livre - FULL,SP,Beleza,"R$ 529,00","R$ 89,93","R$ 28,45","R$ 75,91","R$ 156,02","R$ 178,69",3256/3
27/01/2025,AHIG0435 - Preto 220V,1,Distribuidor,SP,Beleza,"R$ 303,00","R$ 0,00","R$ 0,00","R$ 78,69","R$ 156,02","R$ 68,29",/1
27/01/2025,AHIG0839 - Branco 127V,1,Mercado Livre - FULL,MG,Beleza,"R$ 480,60","R$ 81,70","R$ 26,95","R$ 68,97","R$ 156,02","R$ 146,96",3259/3
29/01/2025,AHIG0839 - Branco 127V,1,Mercado Livre - FULL,ES,Beleza,"R$ 497,26","R$ 84,53","R$ 28,45","R$ 71,36","R$ 156,02","R$ 156,90",3262/3
29/01/2025,AHIG0435 - Preto 220V,1,Mercado Livre - FULL,BA,Beleza,"R$ 497,26","R$ 84,53","R$ 28,45","R$ 71,36","R$ 156,02","R$ 156,90",3266/3
29/01/2025,AHIG0840 - Branco 220V,1,Mercado Livre - FULL,SC,Beleza,"R$ 497,26","R$ 84,53","R$ 28,45","R$ 71,36","R$ 156,02","R$ 156,90",3268/3
30/01/2025,AHIG0840 - Branco 220V,1,Mercado Livre - FULL,SP,Beleza,"R$ 480,60","R$ 81,70","R$ 26,95","R$ 68,97","R$ 156,02","R$ 146,96",3271/3
30/01/2025,AHIG0434 - Preto 127V,1,Amazon BR,AM,Beleza,"R$ 516,90","R$ 92,01","R$ 14,71","R$ 74,18","R$ 156,02","R$ 179,99",0030/4
31/01/2025,AHIG0434 - Preto 127V,1,Venda direta,PE,Beleza,"R$ 499,00","R$ 0,00","R$ 26,91","R$ 71,61","R$ 156,02","R$ 244,46",/1
31/01/2025,AHIG0840 - Branco 220V,1,Mercado Livre - FULL,SC,Beleza,"R$ 497,26","R$ 81,36","R$ 28,45","R$ 71,36","R$ 156,02","R$ 160,07",3273/3
31/01/2025,AHIG0840 - Branco 220V,1,Mercado Livre - Envios,SC,Beleza,"R$ 480,60","R$ 76,10","R$ 26,95","R$ 68,97","R$ 156,02","R$ 152,56",3285/3
01/02/2025,AHIG0434 - Preto 127V,1,Mercado Livre - FULL,PR,Beleza,"R$ 529,00","R$ 89,93","R$ 28,45","R$ 75,91","R$ 156,02","R$ 178,69",3275/3
01/02/2025,AHIG0435 - Preto 220V,1,Mercado Livre - FULL,SP,Beleza,"R$ 497,26","R$ 84,53","R$ 28,45","R$ 71,36","R$ 156,02","R$ 156,90",3284/3
01/02/2025,AHIG0435 - Preto 220V,1,Mercado Livre - FULL,SP,Beleza,"R$ 529,00","R$ 89,93","R$ 28,45","R$ 75,91","R$ 156,02","R$ 178,69",3277/3
02/02/2025,AHIG0412 - Roxo 127V,1,Mercado Livre - FULL,SP,Beleza,"R$ 497,26","R$ 81,36","R$ 28,45","R$ 71,36","R$ 156,02","R$ 160,07",3279/3
02/02/2025,AHIG0435 - Preto 220V,1,Mercado Livre - FULL,SC,Beleza,"R$ 497,26","R$ 81,36","R$ 28,45","R$ 71,36","R$ 156,02","R$ 160,07",3281/3
03/02/2025,AHIG0435 - Preto 220V,1,Mercado Livre - FULL,SP,Beleza,"R$ 497,26","R$ 81,36","R$ 28,45","R$ 71,36","R$ 156,02","R$ 160,07",3287/3
03/02/2025,AHIG0434 - Preto 127V,1,Mercado Livre - FULL,PA,Beleza,"R$ 486,68","R$ 79,57","R$ 28,45","R$ 69,84","R$ 156,02","R$ 152,81",3289/3
04/02/2025,AHIG0434 - Preto 127V,1,Mercado Livre - Envios,SP,Beleza,"R$ 497,26","R$ 81,36","R$ 26,95","R$ 71,36","R$ 156,02","R$ 161,57",3290/3
04/02/2025,AHIG0434 - Preto 127V,1,Mercado Livre - FULL,RJ,Beleza,"R$ 529,00","R$ 89,93","R$ 28,45","R$ 75,91","R$ 156,02","R$ 178,69",3300/3
04/02/2025,ADES0574 - Destilador 220V,1,Loja Integrada - PagSeguro,SP,Biossegurança,"R$ 898,48",#N/A,"R$ 9,48","R$ 128,93","R$ 290,53",#N/A,907/2
05/02/2025,AHIG0434 - Preto 127V,1,Distribuidor,SP,Beleza,"R$ 303,00","R$ 0,00","R$ 0,00","R$ 78,69","R$ 156,02","R$ 68,29",/1
05/02/2025,AHIG0434 - Preto 127V,1,Mercado Livre - FULL,SP,Beleza,"R$ 529,00","R$ 86,76","R$ 28,45","R$ 75,91","R$ 156,02","R$ 181,86",3316/3
05/02/2025,AHIG0435 - Preto 220V,1,Mercado Livre - FULL,SP,Beleza,"R$ 497,26","R$ 81,36","R$ 28,45","R$ 71,36","R$ 156,02","R$ 160,07",3318/3
05/02/2025,AHIG0435 - Preto 220V,1,Mercado Livre - FULL,RS,Beleza,"R$ 497,26","R$ 81,36","R$ 28,45","R$ 71,36","R$ 156,02","R$ 160,07",3320/3
05/02/2025,AHIG0434 - Preto 127V,2,Mercado Livre - Envios,PE,Beleza,"R$ 994,52","R$ 162,73","R$ 53,90","R$ 142,71","R$ 312,04","R$ 323,14",3325/3
05/02/2025,AHIG0435 - Preto 220V,1,Mercado Livre - FULL,RJ,Beleza,"R$ 497,26","R$ 81,36","R$ 25,45","R$ 71,36","R$ 156,02","R$ 163,07",3322/2
06/02/2025,AHIG0839 - Branco 127V,1,Mercado Livre - FULL,SP,Beleza,"R$ 497,26","R$ 81,36","R$ 25,45","R$ 71,36","R$ 156,02","R$ 163,07",3324/3
06/02/2025,AHIG0434 - Preto 127V,1,Distribuidor,SP,Beleza,"R$ 303,00","R$ 0,00","R$ 0,00","R$ 78,69","R$ 156,02","R$ 68,29",/1
06/02/2025,AHIG0435 - Preto 220V,1,Mercado Livre - Envios,BA,Beleza,"R$ 534,00","R$ 90,78","R$ 26,95","R$ 76,63","R$ 156,02","R$ 183,62",3326/3
07/02/2025,AHIG0435 - Preto 220V,1,Mercado Livre - FULL,SP,Beleza,"R$ 497,26","R$ 81,36","R$ 28,45","R$ 71,36","R$ 156,02","R$ 160,07",3330/3
07/02/2025,AHIG0435 - Preto 220V,1,Mercado Livre - FULL,SP,Beleza,"R$ 497,26","R$ 81,36","R$ 28,45","R$ 71,36","R$ 156,02","R$ 160,07",3328/3
07/02/2025,AHIG0435 - Preto 220V,1,Mercado Livre - FULL,SP,Beleza,"R$ 497,26","R$ 81,36","R$ 28,45","R$ 71,36","R$ 156,02","R$ 160,07",3332/3
10/02/2025,AHIG0435 - Preto 220V,1,Distribuidor,SP,Beleza,"R$ 303,00","R$ 0,00","R$ 0,00","R$ 78,69","R$ 156,02","R$ 68,29",/1
10/02/2025,ADES0574 - Destilador 220V,1,Loja integrada - Pix,SP,Biossegurança,"R$ 873,36","R$ 17,47","R$ 17,03","R$ 125,33","R$ 290,53","R$ 423,01",908/2
10/02/2025,"ALUP0420 - Lupa 2,5x",1,Casas Bahia,SP,Biossegurança,"R$ 249,00","R$ 42,33","R$ 8,91","R$ 35,73","R$ 34,52","R$ 127,51",909/2
11/02/2025,AHIG0434 - Preto 127V,1,Distribuidor,SP,Beleza,"R$ 303,00","R$ 0,00","R$ 0,00","R$ 78,69","R$ 156,02","R$ 68,29",/1
11/02/2025,AHIG0840 - Branco 220V,1,Shopee,SP,Beleza,"R$ 497,26","R$ 97,96","R$ 0,00","R$ 71,36","R$ 156,02","R$ 171,92",910/2
11/02/2025,AHIG0434 - Preto 127V,1,Mercado Livre - FULL,PA,Beleza,"R$ 529,00","R$ 89,93","R$ 28,45","R$ 75,91","R$ 156,02","R$ 178,69",3336/3
11/02/2025,AHIG0839 - Branco 127V,1,Magalu,PA,Beleza,"R$ 529,00","R$ 78,29","R$ 0,00","R$ 75,91","R$ 156,02","R$ 218,78",0911/2
12/02/2025,AHIG0434 - Preto 127V,1,Amazon BR,MG,Beleza,"R$ 499,00","R$ 88,82","R$ 10,90","R$ 71,61","R$ 156,02","R$ 171,65",0032/4
13/02/2025,CTAP1303 - Tampa Roxa,1,Loja integrada - Pix,MG,Beleza,"R$ 51,03","R$ 1,02","R$ 21,93","R$ 7,32","R$ 3,38","R$ 17,38",912/2
13/02/2025,AHIG0434 - Preto 127V,1,Loja integrada - Pix,SP,Beleza,"R$ 505,74","R$ 10,11","R$ 21,70","R$ 72,57","R$ 156,02","R$ 245,33",913/2
13/02/2025,AHIG0435 - Preto 220V,1,Loja integrada - Pix,SP,Beleza,"R$ 495,76","R$ 9,92","R$ 21,70","R$ 71,14","R$ 156,02","R$ 236,98",914/2
13/02/2025,AHIG0435 - Preto 220V,2,Distribuidor,SP,Beleza,"R$ 606,00","R$ 0,00","R$ 0,00","R$ 157,38","R$ 312,04","R$ 136,58",/1
14/02/2025,AHIG0435 - Preto 220V,1,Distribuidor,SP,Beleza,"R$ 303,00","R$ 0,00","R$ 0,00","R$ 78,69","R$ 156,02","R$ 68,29",/1
15/02/2025,AHIG0435 - Preto 220V,1,Mercado Livre - FULL,PR,Beleza,"R$ 529,00","R$ 89,93","R$ 28,45","R$ 75,91","R$ 156,02","R$ 178,69",3344/3
16/02/2025,AHIG0434 - Preto 127V,1,Mercado Livre - FULL,MG,Beleza,"R$ 529,00","R$ 89,93","R$ 28,45","R$ 75,91","R$ 156,02","R$ 178,69",3342/3
17/02/2025,AHIG0435 - Preto 220V,3,Distribuidor,SP,Beleza,"R$ 909,00","R$ 0,00","R$ 0,00","R$ 236,07","R$ 468,06","R$ 204,87",/1
18/02/2025,AHIG0435 - Preto 220V,2,Loja Integrada - PagSeguro,BA,Beleza,"R$ 1.087,32",#N/A,"R$ 89,32","R$ 156,03","R$ 312,04",#N/A,915/2
18/02/2025,ALAV0379 - Cuba Ultrassonica 127V,1,Mercado Livre - Envios,SP,Biossegurança,"R$ 1.280,00","R$ 217,60","R$ 44,45","R$ 183,68","R$ 343,77","R$ 490,50",3345/3
19/02/2025,AHIG0435 - Preto 220V,1,Magalu,PI,Beleza,"R$ 529,00","R$ 78,29","R$ 30,45","R$ 75,91","R$ 156,02","R$ 188,33",916/2
19/02/2025,AHIG0434 - Preto 127V,1,Mercado Livre - FULL,MT,Beleza,"R$ 497,26","R$ 84,53","R$ 28,45","R$ 71,36","R$ 156,02","R$ 156,90",3349/3
19/02/2025,AHIG0434 - Preto 127V,1,Mercado Livre - FULL,MG,Beleza,"R$ 497,26","R$ 81,36","R$ 28,45","R$ 71,36","R$ 156,02","R$ 160,07",3347/3
20/02/2025,AHIG0434 - Preto 127V,1,Mercado Livre - Envios,SP,Beleza,"R$ 502,55","R$ 85,43","R$ 26,95","R$ 72,12","R$ 156,02","R$ 162,03",3352/3
20/02/2025,AHIG0435 - Preto 220V,1,Mercado Livre - FULL,SP,Beleza,"R$ 497,26","R$ 84,53","R$ 28,45","R$ 71,36","R$ 156,02","R$ 156,90",3351/3
21/02/2025,AHIG0435 - Preto 220V,1,Mercado Livre - FULL,PR,Beleza,"R$ 497,26","R$ 84,53","R$ 28,45","R$ 71,36","R$ 156,02","R$ 156,90",3354/3
22/02/2025,AHIG0434 - Preto 127V,1,Mercado Livre - FULL,SP,Beleza,"R$ 497,26","R$ 81,36","R$ 28,45","R$ 71,36","R$ 156,02","R$ 160,07",3358/3
22/02/2025,AHIG0435 - Preto 220V,1,Mercado Livre - FULL,RS,Beleza,"R$ 497,26","R$ 84,53","R$ 28,45","R$ 71,36","R$ 156,02","R$ 156,90",3356/3
24/02/2025,AHIG0435 - Preto 220V,1,Mercado Livre - Envios,SP,Beleza,"R$ 501,96","R$ 82,13","R$ 26,95","R$ 72,03","R$ 156,02","R$ 164,83",3361/3
24/02/2025,AHIG0435 - Preto 220V,1,Magalu,RS,Beleza,"R$ 529,00","R$ 75,09","R$ 0,00","R$ 75,91","R$ 156,02","R$ 221,98",917/2
24/02/2025,AHIG0840 - Branco 220V,1,Mercado Livre - FULL,GO,Beleza,"R$ 529,00","R$ 89,93","R$ 28,45","R$ 75,91","R$ 156,02","R$ 178,69",3363/3
25/02/2025,AHIG0435 - Preto 220V,1,Mercado Livre - FULL,TO,Beleza,"R$ 529,00","R$ 89,93","R$ 28,45","R$ 75,91","R$ 156,02","R$ 178,69",3367/3
25/02/2025,AHIG0840 - Branco 220V,1,Mercado Livre - FULL,MA,Beleza,"R$ 529,00","R$ 89,93","R$ 28,45","R$ 75,91","R$ 156,02","R$ 178,69",3365/3
25/02/2025,AHIG0435 - Preto 220V,1,Mercado Livre - FULL,RN,Beleza,"R$ 529,00","R$ 89,93","R$ 28,45","R$ 75,91","R$ 156,02","R$ 178,69",3381/3
26/02/2025,AHIG0435 - Preto 220V,1,Shopee,BA,Beleza,"R$ 529,00","R$ 104,21","R$ 0,00","R$ 75,91","R$ 156,02","R$ 192,86",918/2
27/02/2025,AHIG0435 - Preto 220V,1,Distribuidor,SP,Beleza,"R$ 303,00","R$ 0,00","R$ 0,00","R$ 78,69","R$ 156,02","R$ 68,29",/1
27/02/2025,AHIG0434 - Preto 127V,1,Mercado Livre - FULL,SP,Beleza,"R$ 497,26","R$ 81,36","R$ 28,45","R$ 71,36","R$ 156,02","R$ 160,07",3369/3
27/02/2025,ALAV0379 - Cuba Ultrassonica 127V,1,Loja integrada - Pix,SP,Biossegurança,"R$ 920,53","R$ 15,24","R$ 0,00","R$ 132,10","R$ 343,77","R$ 429,42",919/2
27/02/2025,AHIG0434 - Preto 127V,1,Mercado Livre - FULL,SP,Beleza,"R$ 497,26","R$ 84,53","R$ 28,45","R$ 71,36","R$ 156,02","R$ 156,90",3379/3
28/02/2025,AHIG0435 - Preto 220V,2,Distribuidor,SP,Beleza,"R$ 606,00","R$ 0,00","R$ 0,00","R$ 157,38","R$ 312,04","R$ 136,58",/1
28/02/2025,AHIG0434 - Preto 127V,1,Distribuidor,SP,Beleza,"R$ 303,00","R$ 0,00","R$ 0,00","R$ 78,69","R$ 155,36","R$ 68,95",/1
01/03/2025,AHIG0434 - Preto 127V,1,Mercado Livre - FULL,PA,Beleza,"R$ 497,26","R$ 84,53","R$ 26,95","R$ 71,36","R$ 155,36","R$ 159,06",3383/3
02/03/2025,AHIG0434 - Preto 127V,1,Mercado Livre - FULL,MG,Beleza,"R$ 497,26","R$ 84,53","R$ 26,95","R$ 71,36","R$ 155,36","R$ 159,06",3385/3
05/03/2025,AHIG0434 - Preto 127V,1,Mercado Livre - Envios,MT,Beleza,"R$ 501,96","R$ 85,33","R$ 26,95","R$ 72,03","R$ 155,36","R$ 162,29",3386/3
05/03/2025,"ALUP0420 - Lupa 2,5x",1,Mercado Livre - Envios,PA,Biossegurança,"R$ 304,90","R$ 51,83","R$ 26,95","R$ 43,75","R$ 34,52","R$ 147,84",3387/3
05/03/2025,AHIG0435 - Preto 220V,1,Mercado Livre - Envios,MA,Beleza,"R$ 534,00","R$ 90,78","R$ 26,95","R$ 76,63","R$ 151,87","R$ 187,77",3388/3
05/03/2025,AHIG0840 - Branco 220V,1,Shopee,GO,Beleza,"R$ 529,00","R$ 104,21","R$ 0,00","R$ 75,91","R$ 152,55","R$ 196,33",920/2
05/03/2025,AHIG0434 - Preto 127V,1,Distribuidor,SP,Beleza,"R$ 303,00","R$ 0,00","R$ 0,00","R$ 78,69","R$ 155,36","R$ 68,95",/1
05/03/2025,AHIG0839 - Branco 127V,1,Mercado Livre - Envios,MG,Beleza,"R$ 534,00","R$ 90,78","R$ 26,95","R$ 76,63","R$ 151,40","R$ 188,24",3391/3
05/03/2025,AHIG0839 - Branco 127V,1,Mercado Livre - FULL,SP,Beleza,"R$ 529,00","R$ 89,93","R$ 26,95","R$ 75,91","R$ 151,40","R$ 184,81",3390/3
06/03/2025,AHIG0435 - Preto 220V,2,Loja Integrada - PagSeguro,GO,Beleza,"R$ 987,30",#N/A,"R$ 26,95","R$ 141,68","R$ 303,74",#N/A,921/2
06/03/2025,AHIG0434 - Preto 127V,1,Distribuidor,SP,Beleza,"R$ 303,00","R$ 0,00","R$ 0,00","R$ 78,69","R$ 155,36","R$ 68,95",/1
07/03/2025,AHIG0435 - Preto 220V,1,Distribuidor,SP,Beleza,"R$ 303,00","R$ 0,00","R$ 0,00","R$ 78,69","R$ 151,87","R$ 72,44",/1
07/03/2025,AHIG0840 - Branco 220V,1,Mercado Livre - FULL,RS,Beleza,"R$ 529,00","R$ 89,93","R$ 26,95","R$ 75,91","R$ 152,55","R$ 183,66",3393/3
07/03/2025,AHIG0435 - Preto 220V,1,Loja Integrada - PagSeguro,SP,Beleza,"R$ 520,71",#N/A,"R$ 21,71","R$ 74,72","R$ 151,87",#N/A,922/2
07/03/2025,"APRF0841 - Proface c/ Lupa 2,5",1,Mercado Livre - Envios,MT,Biossegurança,"R$ 220,15","R$ 37,43","R$ 26,95","R$ 31,59","R$ 0,00","R$ 124,18",3394/3
08/03/2025,"APRF0841 - Proface c/ Lupa 2,5",1,Mercado Livre - Envios,GO,Biossegurança,"R$ 220,15","R$ 37,43","R$ 26,95","R$ 31,59","R$ 0,00","R$ 124,18",3396/3
08/03/2025,ASEL0484 - Biostamp 220V,1,Mercado Livre - Envios,TO,Biossegurança,"R$ 1.769,00","R$ 300,73","R$ 28,45","R$ 253,85","R$ 302,35","R$ 883,62",3395/3
08/03/2025,AHIG0840 - Branco 220V,1,Amazon BR,RN,Beleza,"R$ 499,00","R$ 88,82","R$ 13,90","R$ 71,61","R$ 152,55","R$ 172,12",0037/4
10/03/2025,AHIG0840 - Branco 220V,2,Loja Integrada - PagSeguro,DF,Beleza,"R$ 1.064,15",#N/A,"R$ 66,15","R$ 152,71","R$ 305,10",#N/A,923/2
10/03/2025,AHIG0434 - Preto 127V,1,Mercado Livre - FULL,SP,Beleza,"R$ 529,90","R$ 90,08","R$ 28,45","R$ 76,04","R$ 155,36","R$ 179,97",3398/3
10/03/2025,AHIG0435 - Preto 220V,1,Mercado Livre - FULL,SC,Beleza,"R$ 529,90","R$ 90,08","R$ 28,45","R$ 76,04","R$ 151,87","R$ 183,46",3410/3
11/03/2025,AHIG0412 - Roxo 127V,1,Mercado Livre - FULL,RJ,Beleza,"R$ 529,90","R$ 90,08","R$ 28,45","R$ 76,04","R$ 150,71","R$ 184,62",3401/3
11/03/2025,AHIG0435 - Preto 220V,2,Loja Integrada - PagSeguro,PE,Beleza,"R$ 1.082,64",#N/A,"R$ 84,64","R$ 155,36","R$ 303,74",#N/A,924/2
11/03/2025,AHIG0434 - Preto 127V,1,Mercado Livre - Envios,MG,Beleza,"R$ 495,03","R$ 84,16","R$ 26,95","R$ 71,04","R$ 155,36","R$ 157,53",3402/3
12/03/2025,AHIG0840 - Branco 220V,1,Mercado Livre - FULL,GO,Beleza,"R$ 529,00","R$ 89,93","R$ 25,45","R$ 75,91","R$ 152,55","R$ 185,16",3406/3
12/03/2025,AHIG0435 - Preto 220V,1,Mercado Livre - FULL,SP,Beleza,"R$ 529,90","R$ 90,08","R$ 28,45","R$ 76,04","R$ 151,87","R$ 183,46",3404/3
12/03/2025,AHIG0435 - Preto 220V,1,Mercado Livre - FULL,GO,Beleza,"R$ 529,90","R$ 90,08","R$ 28,45","R$ 76,04","R$ 151,87","R$ 183,46",3412/3
12/03/2025,AHIG0435 - Preto 220V,1,Amazon BR,PE,Beleza,"R$ 499,00","R$ 88,82","R$ 0,00","R$ 71,61","R$ 151,87","R$ 186,70",0039/4
12/03/2025,AHIG0412 - Roxo 127V,1,Mercado Livre - FULL,SP,Beleza,"R$ 529,00","R$ 89,93","R$ 28,45","R$ 75,91","R$ 150,71","R$ 184,00",3408/3
13/03/2025,AHIG0839 - Branco 127V,1,Magalu,RJ,Beleza,"R$ 499,00","R$ 73,85","R$ 0,00","R$ 71,61","R$ 151,40","R$ 202,14",925/2
14/03/2025,AHIG0435 - Preto 220V,1,Distribuidor,SP,Beleza,"R$ 303,00","R$ 0,00","R$ 0,00","R$ 78,69","R$ 151,87","R$ 72,44",/1
14/03/2025,AHIG0435 - Preto 220V,2,Mercado Livre - FULL,GO,Beleza,"R$ 1.059,80","R$ 180,17","R$ 53,90","R$ 152,08","R$ 303,74","R$ 369,91",3414/3
14/03/2025,AHIG0435 - Preto 220V,1,Mercado Livre - FULL,SP,Beleza,"R$ 529,90","R$ 90,08","R$ 28,45","R$ 76,04","R$ 151,87","R$ 183,46",3416/3
14/03/2025,AHIG0435 - Preto 220V,1,Mercado Livre - Envios,SP,Beleza,"R$ 495,03","R$ 84,16","R$ 26,95","R$ 71,04","R$ 151,87","R$ 161,02",3421/3
14/03/2025,ALAV0379 - Cuba Ultrassonica 127V,1,Loja integrada - Pix,SP,Biossegurança,"R$ 799,00","R$ 15,98","R$ 0,00","R$ 114,66","R$ 343,77","R$ 324,59",926/2
16/03/2025,AHIG0435 - Preto 220V,1,Mercado Livre - FULL,SP,Beleza,"R$ 529,90","R$ 90,08","R$ 28,45","R$ 76,04","R$ 151,87","R$ 183,46",3418/3
16/03/2025,"ALUP0420 - Lupa 2,5x",1,Venda direta,SP,Biossegurança,"R$ 169,00","R$ 0,00","R$ 0,00","R$ 24,25","R$ 34,52","R$ 110,23",927/2
17/03/2025,AHIG0435 - Preto 220V,1,Mercado Livre - Envios,SP,Beleza,"R$ 220,15","R$ 37,43","R$ 26,95","R$ 31,59","R$ 151,87","-R$ 27,69",3420/3
17/03/2025,AHIG0412 - Roxo 127V,1,Mercado Livre - FULL,PA,Beleza,"R$ 497,26","R$ 84,53","R$ 28,45","R$ 71,36","R$ 150,71","R$ 162,21",3423/3
17/03/2025,AHIG0434 - Preto 127V,2,Mercado Livre - Envios,RS,Beleza,"R$ 990,06","R$ 168,31","R$ 53,90","R$ 142,07","R$ 310,72","R$ 315,06",3431/3
17/03/2025,AHIG0434 - Preto 127V,1,Mercado Livre - FULL,SE,Beleza,"R$ 498,10","R$ 84,68","R$ 28,45","R$ 71,48","R$ 155,36","R$ 158,14",3425/3
17/03/2025,AHIG0839 - Branco 127V,1,Mercado Livre - FULL,PA,Beleza,"R$ 497,26","R$ 84,53","R$ 28,45","R$ 71,36","R$ 151,40","R$ 161,52",3427/3
18/03/2025,AHIG0435 - Preto 220V,1,Mercado Livre - Envios,PE,Beleza,"R$ 495,03","R$ 84,16","R$ 26,95","R$ 71,04","R$ 151,87","R$ 161,02",3430/3
18/03/2025,AHIG0840 - Branco 220V,1,Mercado Livre - FULL,SC,Beleza,"R$ 497,26","R$ 84,53","R$ 28,45","R$ 71,36","R$ 152,55","R$ 160,37",3429/3
18/03/2025,AHIG0434 - Preto 127V,1,Magalu,MT,Beleza,"R$ 529,00","R$ 78,29","R$ 0,00","R$ 75,91","R$ 155,36","R$ 219,44",0928/2
18/03/2025,AHIG0435 - Preto 220V,1,Venda direta,RS,Beleza,"R$ 532,79","R$ 0,00","R$ 33,79","R$ 76,46","R$ 151,87","R$ 270,67",99678/1
19/03/2025,ASEL0659 - Smart 220V,1,Mercado Livre - FULL,SP,Biossegurança,"R$ 990,00","R$ 168,30","R$ 26,95","R$ 142,07","R$ 241,30","R$ 411,39",3484/3
19/03/2025,"APRF0841 - Proface c/ Lupa 2,5",1,Mercado Livre - Envios,SP,Biossegurança,"R$ 220,15","R$ 37,43","R$ 26,95","R$ 31,59","R$ 0,00","R$ 124,18",3491/3
19/03/2025,AHIG0434 - Preto 127V,1,Mercado Livre - FULL,MT,Beleza,"R$ 497,26","R$ 84,53","R$ 28,45","R$ 71,36","R$ 155,36","R$ 157,56",3486/3
19/03/2025,AHIG0435 - Preto 220V,1,Mercado Livre - FULL,PR,Beleza,"R$ 497,26","R$ 84,53","R$ 28,45","R$ 71,36","R$ 151,87","R$ 161,05",3488/3
19/03/2025,AHIG0434 - Preto 127V,1,Mercado Livre - FULL,PR,Beleza,"R$ 498,10","R$ 84,68","R$ 28,45","R$ 71,48","R$ 155,36","R$ 158,14",3490/3
20/03/2025,AHIG0435 - Preto 220V,1,Loja integrada - Pix,SP,Beleza,"R$ 505,74","R$ 10,11","R$ 21,71","R$ 72,57","R$ 151,87","R$ 249,47",929/2
20/03/2025,AHIG0840 - Branco 220V,1,Mercado Livre - FULL,SP,Beleza,"R$ 498,10","R$ 84,68","R$ 28,45","R$ 71,48","R$ 152,55","R$ 160,95",3493/3
20/03/2025,AHIG0435 - Preto 220V,2,Mercado Livre - FULL,GO,Beleza,"R$ 996,20","R$ 169,35","R$ 56,90","R$ 142,95","R$ 303,74","R$ 323,25",3495/3
21/03/2025,AHIG0839 - Branco 127V,1,Mercado Livre - FULL,PA,Beleza,"R$ 497,26","R$ 84,53","R$ 28,45","R$ 71,36","R$ 151,40","R$ 161,52",3497/3
21/03/2025,AHIG0435 - Preto 220V,1,Mercado Livre - Envios,RJ,Beleza,"R$ 495,03","R$ 84,16","R$ 26,95","R$ 71,04","R$ 151,87","R$ 161,02",3500/3
22/03/2025,AHIG0435 - Preto 220V,1,Mercado Livre - FULL,SP,Beleza,"R$ 498,10","R$ 84,68","R$ 28,45","R$ 71,48","R$ 151,87","R$ 161,63",3501/3
22/03/2025,AHIG0435 - Preto 220V,1,Mercado Livre - FULL,SP,Beleza,"R$ 498,10","R$ 84,68","R$ 28,45","R$ 71,48","R$ 151,87","R$ 161,63",3502/3
22/03/2025,AHIG0840 - Branco 220V,1,Mercado Livre - FULL,,Beleza,"R$ 497,26","R$ 84,53","R$ 28,45","R$ 71,36","R$ 152,55","R$ 160,37",3504/3
23/03/2025,AHIG0839 - Branco 127V,1,Amazon BR,AM,Beleza,"R$ 499,00","R$ 88,82","R$ 17,90","R$ 71,61","R$ 151,40","R$ 169,27",0041/4
24/03/2025,AHIG0840 - Branco 220V,1,Shopee,TO,Beleza,"R$ 529,00","R$ 104,21","R$ 0,00","R$ 75,91","R$ 152,55","R$ 196,33",931/2
24/03/2025,AHIG0434 - Preto 127V,1,Distribuidor,SP,Beleza,"R$ 303,00","R$ 0,00","R$ 0,00","R$ 78,69","R$ 155,36","R$ 68,95",-
24/03/2025,AHIG0840 - Branco 220V,1,Mercado Livre - FULL,RJ,Beleza,"R$ 529,90","R$ 90,08","R$ 28,45","R$ 76,04","R$ 152,55","R$ 182,78",3508/3
25/03/2025,AHIG0434 - Preto 127V,2,Distribuidor,SP,Beleza,"R$ 606,00","R$ 0,00","R$ 0,00","R$ 157,38","R$ 310,72","R$ 137,90",-
25/03/2025,AHIG0435 - Preto 220V,1,Distribuidor,SP,Beleza,"R$ 303,00","R$ 0,00","R$ 0,00","R$ 78,69","R$ 151,87","R$ 72,44",-
25/03/2025,AHIG0840 - Branco 220V,1,Magalu,SP,Beleza,"R$ 499,00","R$ 73,85","R$ 0,00","R$ 71,61","R$ 152,55","R$ 200,99",932/2
25/03/2025,AHIG0435 - Preto 220V,1,Mercado Livre - Envios,SP,Beleza,"R$ 495,03","R$ 72,78","R$ 26,95","R$ 71,04","R$ 151,87","R$ 172,40",3511/3
25/03/2025,AHIG0435 - Preto 220V,1,Mercado Livre - Envios,RS,Beleza,"R$ 495,03","R$ 72,78","R$ 26,95","R$ 71,04","R$ 151,87","R$ 172,40",3512/3
25/03/2025,AHIG0435 - Preto 220V,1,Mercado Livre - FULL,TO,Beleza,"R$ 1.059,80","R$ 180,17","R$ 56,90","R$ 152,08","R$ 151,87","R$ 518,78",3510/3
25/03/2025,AHIG0435 - Preto 220V,1,Mercado Livre - FULL,SP,Beleza,"R$ 529,90","R$ 90,08","R$ 90,08","R$ 76,04","R$ 151,87","R$ 121,83",3514/3
26/03/2025,AHIG0434 - Preto 127V,1,Mercado Livre - FULL,SP,Beleza,"R$ 495,03","R$ 72,78","R$ 26,95","R$ 71,04","R$ 155,36","R$ 168,91",3516/3
27/03/2025,AHIG0435 - Preto 220V,1,Mercado Livre - Envios,SP,Beleza,"R$ 495,03","R$ 72,78","R$ 26,95","R$ 71,04","R$ 151,87","R$ 172,40",3515/3
28/03/2025,APRF0843 - Proface sem lupa,1,Mercado Livre - Envios,SC,Biossegurança,"R$ 139,92","R$ 12,41","R$ 22,45","R$ 20,08","R$ 45,79","R$ 39,19",3519/3
28/03/2025,AHIG0434 - Preto 127V,2,Distribuidor,SP,Beleza,"R$ 606,00","R$ 0,00","R$ 0,00","R$ 157,38","R$ 310,72","R$ 137,90",/1
28/03/2025,AHIG0839 - Branco 127V,1,Mercado Livre - FULL,SP,Beleza,"R$ 502,55","R$ 85,43","R$ 28,45","R$ 72,12","R$ 151,40","R$ 165,15",3518/3
28/03/2025,AHIG0435 - Preto 220V,1,Mercado Livre - Envios,TO,Beleza,"R$ 495,03","R$ 84,16","R$ 26,95","R$ 71,04","R$ 151,87","R$ 161,02",3526/3
28/03/2025,CTAP1303 - Tampa Roxa,1,Loja integrada - Pix,ES,Beleza,"R$ 47,42","R$ 0,95","R$ 18,32","R$ 6,80","R$ 3,38","R$ 17,97",933/2
29/03/2025,APRF0843 - Proface sem lupa,1,Mercado Livre - Envios,SP,Biossegurança,"R$ 139,92","R$ 23,79","R$ 22,45","R$ 20,08","R$ 45,79","R$ 27,81",3525/3
29/03/2025,AHIG0435 - Preto 220V,1,Mercado Livre - Envios,GO,Beleza,"R$ 495,03","R$ 84,16","R$ 26,95","R$ 71,04","R$ 151,87","R$ 161,02",3524/3
30/03/2025,AHIG0435 - Preto 220V,1,Mercado Livre - Envios,SP,Beleza,"R$ 495,03","R$ 84,16","R$ 26,95","R$ 71,04","R$ 151,87","R$ 161,02",3523/3
31/03/2025,"APRF0842 - Proface c/ Lupa 3,5",1,Mercado Livre - Envios,SP,Biossegurança,"R$ 225,33","R$ 38,31","R$ 24,95","R$ 32,33","R$ 0,00","R$ 129,74",3522/3
31/03/2025,AHIG0435 - Preto 220V,1,Distribuidor,SP,Beleza,"R$ 303,00","R$ 0,00","R$ 0,00","R$ 78,69","R$ 151,87","R$ 72,44",/1
31/03/2025,AHIG0840 - Branco 220V,1,Mercado Livre - FULL,SP,Beleza,"R$ 502,55","R$ 85,43","R$ 28,45","R$ 72,12","R$ 152,55","R$ 164,00",3521/3
31/03/2025,AHIG0435 - Preto 220V,1,Mercado Livre - FULL,MG,Beleza,"R$ 529,90","R$ 90,08","R$ 28,45","R$ 76,04","R$ 156,02","R$ 179,31",3528/3
01/04/2025,"APRF0841 - Proface c/ Lupa 2,5",1,Mercado Livre - Envios,PR,Biossegurança,"R$ 259,00","R$ 44,03","R$ 26,95","R$ 37,17","R$ 0,00","R$ 150,85",3531/3
01/04/2025,"ALUP0420 - Lupa 2,5x",1,Mercado Livre - Envios,MG,Biossegurança,"R$ 304,90","R$ 51,83","R$ 23,45","R$ 43,75","R$ 34,44","R$ 151,42",3532/3
01/04/2025,AHIG0435 - Preto 220V,1,Mercado Livre - FULL,SP,Beleza,"R$ 529,90","R$ 90,08","R$ 26,95","R$ 76,04","R$ 156,02","R$ 180,81",3534/3
01/04/2025,AHIG0839 - Branco 127V,1,Mercado Livre - FULL,SP,Beleza,"R$ 502,55","R$ 85,43","R$ 26,95","R$ 72,12","R$ 156,02","R$ 162,03",3540/3
01/04/2025,AHIG0839 - Branco 127V,1,Mercado Livre - FULL,SP,Beleza,"R$ 502,55","R$ 85,43","R$ 26,95","R$ 72,12","R$ 156,02","R$ 162,03",3536/3
01/04/2025,AHIG0840 - Branco 220V,1,Mercado Livre - FULL,PI,Beleza,"R$ 502,55","R$ 85,43","R$ 26,95","R$ 72,12","R$ 156,02","R$ 162,03",3538/3
02/04/2025,AHIG0434 - Preto 127V,1,Amazon BR,SP,Beleza,"R$ 499,00","R$ 88,82","R$ 0,00","R$ 71,61","R$ 156,02","R$ 182,55",0043/4
02/04/2025,CTAP1303 - Tampa Roxa,1,Loja integrada - Pix,SP,Beleza,"R$ 44,49","R$ 0,89","R$ 15,39","R$ 6,38","R$ 30,00","-R$ 8,17",935/2
02/04/2025,AHIG0839 - Branco 127V,1,Mercado Livre - FULL,AC,Beleza,"R$ 502,55","R$ 85,43","R$ 15,39","R$ 72,12","R$ 156,02","R$ 173,59",3542/3
02/04/2025,AHIG0412 - Roxo 127V,1,Mercado Livre - FULL,PR,Beleza,"R$ 502,55","R$ 85,43","R$ 28,45","R$ 72,12","R$ 156,02","R$ 160,53",3544/3
02/04/2025,AHIG0412 - Roxo 127V,1,Mercado Livre - FULL,PR,Beleza,"R$ 497,26","R$ 84,53","R$ 28,45","R$ 71,36","R$ 156,02","R$ 156,90",3546/3
02/04/2025,AHIG0839 - Branco 127V,1,Mercado Livre - FULL,RO,Beleza,"R$ 502,55","R$ 85,43","R$ 28,45","R$ 72,12","R$ 156,02","R$ 160,53",3548/3
02/04/2025,AHIG0435 - Preto 220V,1,Mercado Livre - FULL,PI,Beleza,"R$ 529,90","R$ 90,08","R$ 28,45","R$ 76,04","R$ 156,02","R$ 179,31",3563/3
02/04/2025,AHIG0840 - Branco 220V,1,Mercado Livre - FULL,SP,Beleza,"R$ 502,55","R$ 85,43","R$ 28,45","R$ 72,12","R$ 156,02","R$ 160,53",3550/3
02/04/2025,AHIG0839 - Branco 127V,1,Mercado Livre - FULL,RO,Beleza,"R$ 502,55","R$ 85,43","R$ 28,45","R$ 72,12","R$ 156,02","R$ 160,53",3548/3
03/04/2025,AHIG0434 - Preto 127V,1,Amazon BR,SP,Beleza,"R$ 499,00","R$ 88,82","R$ 0,00","R$ 71,61","R$ 156,02","R$ 182,55",0045/4
03/04/2025,AHIG0839 - Branco 127V,1,Mercado Livre - FULL,SP,Beleza,"R$ 502,55","R$ 85,43","R$ 28,45","R$ 72,12","R$ 156,02","R$ 160,53",3552/3
03/04/2025,APRF0843 - Proface sem lupa,1,Mercado Livre - Envios,BA,Biossegurança,"R$ 139,92","R$ 23,79","R$ 22,45","R$ 20,08","R$ 45,72","R$ 27,89",3553/3
03/04/2025,AHIG0434 - Preto 127V,1,Distribuidor,SP,Beleza,"R$ 303,00","R$ 0,00","R$ 0,00","R$ 78,69","R$ 156,02","R$ 68,29",/1
03/04/2025,AHIG0435 - Preto 220V,1,Distribuidor,SP,Beleza,"R$ 303,00","R$ 0,00","R$ 0,00","R$ 78,69","R$ 156,02","R$ 68,29",/1
03/04/2025,AHIG0840 - Branco 220V,1,Mercado Livre - FULL,GO,Beleza,"R$ 503,40","R$ 85,58","R$ 28,45","R$ 72,24","R$ 156,02","R$ 161,11",3555/3
03/04/2025,AHIG0839 - Branco 127V,1,Mercado Livre - FULL,MG,Beleza,"R$ 502,55","R$ 85,43","R$ 28,45","R$ 72,12","R$ 156,02","R$ 160,53",3565/3
03/04/2025,AHIG0840 - Branco 220V,1,Mercado Livre - FULL,BA,Beleza,"R$ 502,55","R$ 85,43","R$ 28,45","R$ 72,12","R$ 156,02","R$ 160,53",3559/3
04/04/2025,AHIG0435 - Preto 220V,2,Loja Integrada - PagSeguro,PA,Beleza,"R$ 1.165,57",#N/A,"R$ 167,57","R$ 167,26","R$ 312,04",#N/A,936/2
04/04/2025,AHIG0840 - Branco 220V,1,Mercado Livre - FULL,DF,Beleza,"R$ 502,55","R$ 85,43","R$ 28,45","R$ 72,12","R$ 156,02","R$ 160,53",3569/3
04/04/2025,AHIG0435 - Preto 220V,1,Mercado Livre - FULL,RJ,Beleza,"R$ 529,90","R$ 90,08","R$ 28,45","R$ 76,04","R$ 156,02","R$ 179,31",3561/3
06/04/2025,AHIG0840 - Branco 220V,1,Mercado Livre - FULL,SC,Beleza,"R$ 529,00","R$ 89,93","R$ 28,45","R$ 75,91","R$ 156,02","R$ 178,69",3567/3
06/04/2025,AHIG0840 - Branco 220V,1,Mercado Livre - FULL,SP,Beleza,"R$ 529,00","R$ 89,93","R$ 28,45","R$ 75,91","R$ 156,02","R$ 178,69",3569/3
06/04/2025,AHIG0840 - Branco 220V,1,Mercado Livre - FULL,SC,Beleza,"R$ 529,00","R$ 89,93","R$ 28,45","R$ 75,91","R$ 156,02","R$ 178,69",3571/3
06/04/2025,AHIG0435 - Preto 220V,1,Mercado Livre - FULL,PE,Beleza,"R$ 529,90","R$ 90,08","R$ 28,45","R$ 76,04","R$ 156,02","R$ 179,31",3576/3
07/04/2025,AHIG0435 - Preto 220V,3,Distribuidor,SP,Beleza,"R$ 909,00","R$ 0,00","R$ 0,00","R$ 236,07","R$ 468,06","R$ 204,87",/1
07/04/2025,AHIG0434 - Preto 127V,1,Distribuidor,SP,Beleza,"R$ 303,00","R$ 0,00","R$ 0,00","R$ 78,69","R$ 156,02","R$ 68,29",/1
07/04/2025,CTAP1549 - Tampa Fumê,1,Loja integrada - Pix,SP,Beleza,"R$ 46,13","R$ 0,92","R$ 17,03","R$ 6,62","R$ 30,00","-R$ 8,44",0937/2
07/04/2025,AHIG0434 - Preto 127V,1,Mercado Livre - FULL,SC,Beleza,"R$ 502,55","R$ 85,43","R$ 28,45","R$ 72,12","R$ 156,02","R$ 160,53",3573/3
07/04/2025,AHIG0840 - Branco 220V,1,Mercado Livre - FULL,SC,Beleza,"R$ 502,55","R$ 85,43","R$ 28,45","R$ 72,12","R$ 156,02","R$ 160,53",3573/3
07/04/2025,AHIG0435 - Preto 220V,1,Amazon BR,RN,Beleza,"R$ 502,50","R$ 89,45","R$ 0,00","R$ 72,11","R$ 156,02","R$ 184,93",0049/4
07/04/2025,AHIG0435 - Preto 220V,1,Mercado Livre - FULL,GO,Beleza,"R$ 529,90","R$ 90,08","R$ 28,45","R$ 76,04","R$ 156,02","R$ 179,31",3578/3
07/04/2025,AHIG0839 - Branco 127V,1,Mercado Livre - FULL,PA,Beleza,"R$ 502,55","R$ 85,43","R$ 28,45","R$ 72,12","R$ 156,02","R$ 160,53",3580/3
07/04/2025,AHIG0840 - Branco 220V,1,Mercado Livre - FULL,BA,Beleza,"R$ 502,55","R$ 85,43","R$ 28,45","R$ 72,12","R$ 156,02","R$ 160,53",3582/3
08/04/2025,AHIG0412 - Roxo 127V,1,Mercado Livre - FULL,MS,Beleza,"R$ 502,55","R$ 85,43","R$ 28,45","R$ 72,12","R$ 156,02","R$ 160,53",3586/3
08/04/2025,"APRF0841 - Proface c/ Lupa 2,5",1,Mercado Livre - Envios,MG,Biossegurança,"R$ 226,11","R$ 38,44","R$ 26,95","R$ 32,45","R$ 0,00","R$ 128,27",3591/3
08/04/2025,AHIG0840 - Branco 220V,1,Mercado Livre - FULL,RS,Beleza,"R$ 502,55","R$ 85,43","R$ 28,45","R$ 72,12","R$ 156,02","R$ 160,53",3588/3
08/04/2025,AHIG0412 - Roxo 127V,1,Mercado Livre - FULL,SP,Beleza,"R$ 502,55","R$ 85,43","R$ 28,45","R$ 72,12","R$ 156,02","R$ 160,53",3590/3
09/04/2025,AHIG0412 - Roxo 127V,1,Mercado Livre - FULL,SP,Beleza,"R$ 502,55","R$ 85,43","R$ 28,45","R$ 72,12","R$ 156,02","R$ 160,53",3593/3
09/04/2025,AHIG0434 - Preto 127V,1,Distribuidor,SP,Beleza,"R$ 303,00","R$ 0,00","R$ 0,00","R$ 78,69","R$ 156,02","R$ 68,29",/1
09/04/2025,AHIG0839 - Branco 127V,1,Mercado Livre - FULL,SP,Beleza,"R$ 502,55","R$ 85,43","R$ 28,45","R$ 72,12","R$ 156,02","R$ 160,53",3595/3
10/04/2025,AHIG0434 - Preto 127V,1,Distribuidor,SP,Beleza,"R$ 303,00","R$ 0,00","R$ 0,00","R$ 78,69","R$ 156,02","R$ 68,29",/1
10/04/2025,AHIG0839 - Branco 127V,1,Mercado Livre - FULL,SP,Beleza,"R$ 502,55","R$ 85,43","R$ 28,45","R$ 72,12","R$ 156,02","R$ 160,53",3597/3
10/04/2025,AHIG0840 - Branco 220V,1,Mercado Livre - FULL,RS,Beleza,"R$ 502,55","R$ 85,43","R$ 28,45","R$ 72,12","R$ 156,02","R$ 160,53",3604/3
10/04/2025,AHIG0435 - Preto 220V,1,Mercado Livre - FULL,SP,Beleza,"R$ 502,55","R$ 85,43","R$ 28,45","R$ 72,12","R$ 156,02","R$ 160,53",3599/3
10/04/2025,AHIG0435 - Preto 220V,1,Mercado Livre - FULL,SP,Beleza,"R$ 529,90","R$ 90,08","R$ 28,45","R$ 76,04","R$ 156,02","R$ 179,31",3602/3
10/04/2025,AHIG0435 - Preto 220V,1,Mercado Livre - FULL,SP,Beleza,"R$ 529,90","R$ 90,08","R$ 28,45","R$ 76,04","R$ 156,02","R$ 179,31",3606/3
11/04/2025,AHIG0434 - Preto 127V,1,Mercado Livre - Envios,MG,Beleza,"R$ 490,01","R$ 68,15","R$ 26,95","R$ 70,32","R$ 156,02","R$ 168,57",3607/3
11/04/2025,AHIG0434 - Preto 127V,2,Amazon BR,BA,Beleza,"R$ 1.059,80","R$ 173,49","R$ 43,90","R$ 152,08","R$ 312,04","R$ 378,28",939/2
12/04/2025,AHIG0435 - Preto 220V,1,Mercado Livre - FULL,SC,Beleza,"R$ 529,90","R$ 74,93","R$ 28,45","R$ 76,04","R$ 156,02","R$ 194,46",3609/3
12/04/2025,AHIG0435 - Preto 220V,1,Mercado Livre - FULL,SP,Beleza,"R$ 529,90","R$ 74,93","R$ 28,45","R$ 76,04","R$ 156,02","R$ 194,46",3611/3
13/04/2025,AHIG0435 - Preto 220V,1,Mercado Livre - FULL,SP,Beleza,"R$ 529,90","R$ 74,93","R$ 28,45","R$ 76,04","R$ 156,02","R$ 194,46",3615/3
13/04/2025,AHIG0414 - Roxo 220V,1,Mercado Livre - FULL,RS,Beleza,"R$ 529,00","R$ 74,78","R$ 28,45","R$ 75,91","R$ 156,02","R$ 193,84",3617/3
15/04/2025,AHIG0839 - Branco 127V,1,Mercado Livre - FULL,SP,Beleza,"R$ 529,00","R$ 89,93","R$ 28,45","R$ 75,91","R$ 156,02","R$ 178,69",3697/3
15/04/2025,AHIG0840 - Branco 220V,1,Mercado Livre - FULL,BA,Beleza,"R$ 529,00","R$ 89,93","R$ 28,45","R$ 75,91","R$ 156,02","R$ 178,69",3699/3
15/04/2025,AHIG0839 - Branco 127V,1,Mercado Livre - FULL,SC,Beleza,"R$ 529,00","R$ 89,93","R$ 28,45","R$ 75,91","R$ 156,02","R$ 178,69",3705/3
15/04/2025,AHIG0435 - Preto 220V,1,Mercado Livre - FULL,MA,Beleza,"R$ 529,90","R$ 90,08","R$ 28,45","R$ 76,04","R$ 156,02","R$ 179,31",3701/3
15/04/2025,AHIG0435 - Preto 220V,1,Mercado Livre - FULL,SP,Beleza,"R$ 529,90","R$ 90,08","R$ 28,45","R$ 76,04","R$ 156,02","R$ 179,31",3703/3
15/04/2025,AHIG0435 - Preto 220V,1,Mercado Livre - FULL,RO,Beleza,"R$ 529,90","R$ 90,08","R$ 28,45","R$ 76,04","R$ 156,02","R$ 179,31",3707/3
15/04/2025,AHIG0840 - Branco 220V,1,Mercado Livre - Envios,PE,Beleza,"R$ 569,00","R$ 96,73","R$ 26,95","R$ 81,65","R$ 156,02","R$ 207,65",3712/3
15/04/2025,AHIG0840 - Branco 220V,1,Mercado Livre - FULL,CE,Beleza,"R$ 529,00","R$ 89,93","R$ 28,45","R$ 75,91","R$ 156,02","R$ 178,69",3709/3
16/04/2025,AHIG0840 - Branco 220V,1,Mercado Livre - FULL,PE,Beleza,"R$ 529,00","R$ 89,93","R$ 28,45","R$ 75,91","R$ 156,02","R$ 178,69",3711/3
17/04/2025,AHIG0435 - Preto 220V,2,Distribuidor,SP,Beleza,"R$ 606,00","R$ 0,00","R$ 0,00","R$ 157,38","R$ 312,04","R$ 136,58",/1
17/04/2025,AHIG0434 - Preto 127V,1,Distribuidor,SP,Beleza,"R$ 303,00","R$ 0,00","R$ 0,00","R$ 78,69","R$ 156,02","R$ 68,29",/1
17/04/2025,"APRF0842 - Proface c/ Lupa 3,5",1,Mercado Livre - FULL,RJ,Biossegurança,"R$ 225,33","R$ 38,31","R$ 0,00","R$ 32,33","R$ 0,00","R$ 154,69",3714/3
18/04/2025,AHIG0839 - Branco 127V,1,Mercado Livre - FULL,RJ,Beleza,"R$ 569,00","R$ 96,73","R$ 0,00","R$ 81,65","R$ 156,02","R$ 234,60",3718/3
18/04/2025,AHIG0412 - Roxo 127V,1,Mercado Livre - FULL,MG,Beleza,"R$ 569,00","R$ 96,73","R$ 0,00","R$ 81,65","R$ 156,02","R$ 234,60",3720/3
19/04/2025,AHIG0840 - Branco 220V,1,Amazon BR,AL,Beleza,"R$ 589,00","R$ 104,84","R$ 0,00","R$ 84,52","R$ 156,02","R$ 243,62",940/2
21/04/2025,AHIG0412 - Roxo 127V,1,Mercado Livre - FULL,PE,Beleza,"R$ 523,48","R$ 88,99","R$ 0,00","R$ 75,12","R$ 156,02","R$ 203,35",3723/3
21/04/2025,AHIG0435 - Preto 220V,1,Magalu,DF,Beleza,"R$ 569,00","R$ 84,21","R$ 0,00","R$ 81,65","R$ 156,02","R$ 247,12",941/2
21/04/2025,AHIG0839 - Branco 127V,1,Mercado Livre - FULL,PE,Beleza,"R$ 523,48","R$ 88,99","R$ 0,00","R$ 75,12","R$ 156,02","R$ 203,35",3725/3
22/04/2025,"APRF0842 - Proface c/ Lupa 3,5",1,Mercado Livre - FULL,SP,Biossegurança,"R$ 225,33","R$ 38,31","R$ 0,00","R$ 32,33","R$ 0,00","R$ 154,69",3727/3
22/04/2025,AHIG0434 - Preto 127V,1,Mercado Livre - FULL,MG,Beleza,"R$ 523,48","R$ 88,99","R$ 0,00","R$ 75,12","R$ 156,02","R$ 203,35",3752/3
22/04/2025,AHIG0435 - Preto 220V,1,Mercado Livre - FULL,GO,Beleza,"R$ 523,48","R$ 88,99","R$ 0,00","R$ 75,12","R$ 156,02","R$ 203,35",3731/3
23/04/2025,AHIG0435 - Preto 220V,1,Distribuidor,SP,Beleza,"R$ 303,00","R$ 0,00","R$ 0,00","R$ 78,69","R$ 156,02","R$ 68,29",/1
23/04/2025,AHIG0434 - Preto 127V,2,Distribuidor,SP,Beleza,"R$ 606,00","R$ 0,00","R$ 0,00","R$ 157,38","R$ 312,04","R$ 136,58",/1
23/04/2025,AHIG0435 - Preto 220V,1,Mercado Livre - FULL,SP,Beleza,"R$ 523,48","R$ 88,99","R$ 0,00","R$ 75,12","R$ 156,02","R$ 203,35",3733/3
23/04/2025,"APRF0842 - Proface c/ Lupa 3,5",1,Mercado Livre - FULL,MG,Biossegurança,"R$ 225,33","R$ 38,31","R$ 0,00","R$ 32,33","R$ 0,00","R$ 154,69",3735/3
23/04/2025,"APRF0841 - Proface c/ Lupa 2,5",1,Mercado Livre - FULL,BA,Biossegurança,"R$ 227,92","R$ 38,75","R$ 0,00","R$ 32,71","R$ 0,00","R$ 156,47",3737/3
23/04/2025,ALAV0379 - Cuba Ultrassonica 127V,1,Mercado Livre - Envios,RJ,Biossegurança,"R$ 1.280,00","R$ 217,60","R$ 0,00","R$ 183,68","R$ 343,77","R$ 534,95",3738/3
24/04/2025,AHIG0435 - Preto 220V,2,Distribuidor,SP,Beleza,"R$ 606,00","R$ 0,00","R$ 0,00","R$ 157,38","R$ 312,04","R$ 136,58",/1
24/04/2025,AHIG0434 - Preto 127V,1,Mercado Livre - FULL,MG,Beleza,"R$ 523,48","R$ 88,99","R$ 0,00","R$ 75,12","R$ 156,02","R$ 203,35",3740/3
24/04/2025,"APRF0842 - Proface c/ Lupa 3,5",1,Mercado Livre - FULL,BA,Biossegurança,"R$ 225,33","R$ 38,31","R$ 0,00","R$ 32,33","R$ 0,00","R$ 154,69",3742/3
25/04/2025,AHIG0434 - Preto 127V,1,Mercado Livre - FULL,MG,Beleza,"R$ 523,48","R$ 88,99","R$ 0,00","R$ 75,12","R$ 156,02","R$ 203,35",3744/3
25/04/2025,AHIG0839 - Branco 127V,1,Mercado Livre - FULL,SP,Beleza,"R$ 523,48","R$ 88,99","R$ 0,00","R$ 75,12","R$ 156,02","R$ 203,35",
25/04/2025,AHIG0839 - Branco 127V,2,Magalu,MT,Beleza,"R$ 1.187,90","R$ 175,81","R$ 0,00","R$ 170,46","R$ 312,04","R$ 529,59",942/2
26/04/2025,AHIG0839 - Branco 127V,1,Mercado Livre - Envios,MG,Beleza,"R$ 589,00","R$ 100,13","R$ 0,00","R$ 84,52","R$ 156,02","R$ 248,33",3749/3
27/04/2025,AHIG0435 - Preto 220V,1,Mercado Livre - FULL,MA,Beleza,"R$ 523,48","R$ 88,99","R$ 0,00","R$ 75,12","R$ 156,02","R$ 203,35",3748/3
28/04/2025,AHIG0435 - Preto 220V,2,Distribuidor,SP,Beleza,"R$ 606,00","R$ 0,00","R$ 0,00","R$ 157,38","R$ 312,04","R$ 136,58",/1
28/04/2025,AHIG0435 - Preto 220V,1,Mercado Livre - FULL,GO,Beleza,"R$ 523,48","R$ 88,99","R$ 28,45","R$ 75,12","R$ 156,02","R$ 174,90",3751/3
30/04/2025,AHIG0434 - Preto 127V,1,Mercado Livre - FULL,RJ,Beleza,"R$ 523,48","R$ 88,99","R$ 28,45","R$ 75,12","R$ 156,02","R$ 174,90",3755/3
01/05/2025,"APRF0842 - Proface c/ Lupa 3,5",1,Mercado Livre - FULL,PE,Biossegurança,"R$ 259,00","R$ 44,03","R$ 23,45","R$ 37,17","R$ 0,00","R$ 154,35",3760/3
02/05/2025,AHIG0412 - Roxo 127V,1,Mercado Livre - FULL,SP,Beleza,"R$ 523,48","R$ 88,99","R$ 28,45","R$ 75,12","R$ 156,02","R$ 174,90",3762/3
02/05/2025,AHIG0840 - Branco 220V,1,Mercado Livre - FULL,SP,Beleza,"R$ 523,48","R$ 88,99","R$ 28,45","R$ 75,12","R$ 156,02","R$ 174,90",3764/3
03/05/2025,AHIG0435 - Preto 220V,1,Mercado Livre - FULL,MG,Beleza,"R$ 523,48","R$ 88,99","R$ 28,45","R$ 75,12","R$ 156,02","R$ 174,90",3766/3
03/05/2025,AHIG0435 - Preto 220V,1,Mercado Livre - FULL,BA,Beleza,"R$ 523,48","R$ 88,99","R$ 28,45","R$ 75,12","R$ 156,02","R$ 174,90",3768/3
03/05/2025,AHIG0434 - Preto 127V,1,Mercado Livre - FULL,AM,Beleza,"R$ 523,48","R$ 88,99","R$ 28,45","R$ 75,12","R$ 156,02","R$ 174,90",3774/3
03/05/2025,AHIG0435 - Preto 220V,1,Mercado Livre - FULL,MA,Beleza,"R$ 523,48","R$ 88,99","R$ 28,45","R$ 75,12","R$ 156,02","R$ 174,90",3770/3
04/05/2025,AHIG0414 - Roxo 220V,1,Mercado Livre - FULL,PE,Beleza,"R$ 523,48","R$ 88,99","R$ 28,45","R$ 75,12","R$ 156,02","R$ 174,90",3772/3
04/05/2025,AHIG0840 - Branco 220V,1,Mercado Livre - FULL,ES,Beleza,"R$ 523,48","R$ 88,99","R$ 28,45","R$ 75,12","R$ 156,02","R$ 174,90",3776/3
05/05/2025,AHIG0434 - Preto 127V,3,Distribuidor,SP,Beleza,"R$ 999,00","R$ 0,00","R$ 0,00","R$ 259,44","R$ 468,06","R$ 271,50",/1
05/05/2025,AHIG0435 - Preto 220V,1,Mercado Livre - FULL,SP,Beleza,"R$ 523,48","R$ 88,99","R$ 28,45","R$ 75,12","R$ 156,02","R$ 174,90",3778/3
05/05/2025,AHIG0412 - Roxo 127V,1,Mercado Livre - FULL,SP,Beleza,"R$ 523,48","R$ 88,99","R$ 28,45","R$ 75,12","R$ 156,02","R$ 174,90",3780/3
05/05/2025,AHIG0435 - Preto 220V,1,Mercado Livre - FULL,PB,Beleza,"R$ 569,00","R$ 96,73","R$ 28,45","R$ 81,65","R$ 156,02","R$ 206,15",3917/3
05/05/2025,AHIG0434 - Preto 127V,1,Amazon BR,PA,Beleza,"R$ 559,00","R$ 99,50","R$ 8,90","R$ 80,22","R$ 156,02","R$ 214,36",062/4
05/05/2025,AHIG0435 - Preto 220V,1,Mercado Livre - FULL,SP,Beleza,"R$ 569,00","R$ 96,73","R$ 26,45","R$ 81,65","R$ 156,02","R$ 208,15",3919/3
05/05/2025,AHIG0435 - Preto 220V,1,Mercado Livre - FULL,PE,Beleza,"R$ 569,00","R$ 96,73","R$ 26,45","R$ 81,65","R$ 156,02","R$ 208,15",3978/3
06/05/2025,"APRF0842 - Proface c/ Lupa 3,5",1,Mercado Livre - FULL,PR,Biossegurança,"R$ 259,00","R$ 44,03","R$ 23,45","R$ 37,17","R$ 0,00","R$ 154,35",3782/3
06/05/2025,AHIG0435 - Preto 220V,1,Mercado Livre - FULL,SP,Beleza,"R$ 523,48","R$ 88,99","R$ 28,45","R$ 75,12","R$ 156,02","R$ 174,90",3784/3
06/05/2025,AHIG0435 - Preto 220V,1,Mercado Livre - FULL,GO,Beleza,"R$ 523,48","R$ 88,99","R$ 28,45","R$ 75,12","R$ 156,02","R$ 174,90",3801/3
06/05/2025,AHIG0435 - Preto 220V,1,Mercado Livre - Envios,MG,Beleza,"R$ 534,00","R$ 90,78","R$ 26,95","R$ 76,63","R$ 156,02","R$ 183,62",3979/3
07/05/2025,AHIG0840 - Branco 220V,1,Mercado Livre - FULL,SC,Beleza,"R$ 523,48","R$ 88,99","R$ 28,45","R$ 75,12","R$ 156,02","R$ 174,90",3786/3
07/05/2025,ALAV0379 - Cuba Ultrassonica 127V,1,Remessa Bonificada,SP,Biossegurança,"R$ 0,00","R$ 0,00","R$ 0,00","R$ 0,00","R$ 343,77","-R$ 343,77",/1
07/05/2025,AHIG0435 - Preto 220V,1,Mercado Livre - Envios,SC,Beleza,"R$ 589,00","R$ 100,13","R$ 26,95","R$ 84,52","R$ 156,02","R$ 221,38",3791/3
07/05/2025,AHIG0434 - Preto 127V,1,Mercado Livre - FULL,BA,Beleza,"R$ 523,48","R$ 88,99","R$ 28,45","R$ 75,12","R$ 156,02","R$ 174,90",3790/3
07/05/2025,CTAP1549 - Tampa Fumê,1,Loja integrada - Pix,MG,Beleza,"R$ 48,70","R$ 0,97","R$ 19,60","R$ 6,99","R$ 30,00","-R$ 8,86",943/2
07/05/2025,AHIG0840 - Branco 220V,1,Mercado Livre - Envios,SP,Beleza,"R$ 589,00","R$ 100,13","R$ 26,95","R$ 84,52","R$ 156,02","R$ 221,38",3792/3
07/05/2025,AHIG0435 - Preto 220V,1,Mercado Livre - FULL,BA,Beleza,"R$ 523,48","R$ 88,99","R$ 28,48","R$ 75,12","R$ 156,02","R$ 174,87",3794/3
07/05/2025,AHIG0839 - Branco 127V,1,Mercado Livre - Envios,SP,Beleza,"R$ 589,00","R$ 100,13","R$ 26,95","R$ 84,52","R$ 156,02","R$ 221,38",3795/3
08/05/2025,AHIG0434 - Preto 127V,1,Magalu,MG,Beleza,"R$ 569,00","R$ 84,21","R$ 0,00","R$ 81,65","R$ 156,02","R$ 247,12",944/2
08/05/2025,AHIG0435 - Preto 220V,2,Mercado Livre - FULL,MS,Beleza,"R$ 1.046,96","R$ 177,98","R$ 56,90","R$ 150,24","R$ 312,04","R$ 349,80",3797/3
10/05/2025,AHIG0414 - Roxo 220V,1,Mercado Livre - FULL,SP,Beleza,"R$ 487,47","R$ 82,87","R$ 28,45","R$ 69,95","R$ 156,02","R$ 150,18",3799/3
10/05/2025,CTAP1303 - Tampa Roxa,1,Loja integrada - Pix,SP,Beleza,"R$ 47,32","R$ 0,95","R$ 18,22","R$ 6,79","R$ 30,00","-R$ 8,64",946/2
12/05/2025,AHIG0434 - Preto 127V,1,Amazon BR,SP,Beleza,"R$ 559,00","R$ 99,50","R$ 8,90","R$ 80,22","R$ 156,02","R$ 214,36",0054/4
12/05/2025,"APRF0841 - Proface c/ Lupa 2,5",1,Mercado Livre - FULL,DF,Biossegurança,"R$ 259,00","R$ 44,03","R$ 23,45","R$ 37,17","R$ 0,00","R$ 154,35",3805/3
13/05/2025,AHIG0434 - Preto 127V,2,Distribuidor,SP,Beleza,"R$ 666,00","R$ 0,00","R$ 0,00","R$ 172,96","R$ 312,04","R$ 181,00",/1
13/05/2025,AHIG0435 - Preto 220V,1,Loja integrada - Pix,GO,Beleza,"R$ 540,55","R$ 10,81","R$ 57,74","R$ 77,57","R$ 156,02","R$ 238,41",948/2
13/05/2025,AHIG0434 - Preto 127V,1,Magalu,SP,Beleza,"R$ 540,55","R$ 80,00","R$ 0,00","R$ 77,57","R$ 156,02","R$ 226,96",949/2
13/05/2025,AHIG0434 - Preto 127V,1,Mercado Livre - FULL,SP,Beleza,"R$ 507,78","R$ 86,32","R$ 26,95","R$ 72,87","R$ 156,02","R$ 165,62",3807/3
13/05/2025,AHIG0434 - Preto 127V,1,Mercado Livre - FULL,MG,Beleza,"R$ 507,78","R$ 86,32","R$ 26,95","R$ 72,87","R$ 156,02","R$ 165,62",3809/3
13/05/2025,AHIG0434 - Preto 127V,1,Mercado Livre - FULL,RJ,Beleza,"R$ 507,78","R$ 86,32","R$ 26,95","R$ 72,87","R$ 156,02","R$ 165,62",3811/3
13/05/2025,AHIG0414 - Roxo 220V,1,Mercado Livre - FULL,SC,Beleza,"R$ 487,47","R$ 82,87","R$ 26,95","R$ 69,95","R$ 156,02","R$ 151,68",3813/3
14/05/2025,AHIG0414 - Roxo 220V,1,Mercado Livre - FULL,GO,Beleza,"R$ 487,47","R$ 82,87","R$ 26,95","R$ 69,95","R$ 156,02","R$ 151,68",3817/3
14/05/2025,AHIG0434 - Preto 127V,1,Mercado Livre - FULL,MT,Beleza,"R$ 507,78","R$ 86,32","R$ 26,95","R$ 72,87","R$ 156,02","R$ 165,62",3819/3
15/05/2025,AHIG0434 - Preto 127V,1,Distribuidor,SP,Beleza,"R$ 333,00","R$ 0,00","R$ 0,00","R$ 86,48","R$ 156,02","R$ 90,50",/1
15/05/2025,AHIG0434 - Preto 127V,1,Remessa Bonificada,SP,Beleza,"R$ 260,00","R$ 0,00","R$ 0,00","R$ 37,31","R$ 156,02","R$ 66,67",/1
15/05/2025,AHIG0839 - Branco 127V,1,Amazon BR,SP,Beleza,"R$ 569,00","R$ 101,28","R$ 0,00","R$ 81,65","R$ 156,02","R$ 230,05",056/4
15/05/2025,AHIG0412 - Roxo 127V,1,Mercado Livre - FULL,SP,Beleza,"R$ 507,78","R$ 86,32","R$ 28,45","R$ 72,87","R$ 156,02","R$ 164,12",3821/3
15/05/2025,AHIG0414 - Roxo 220V,1,Mercado Livre - FULL,SC,Beleza,"R$ 487,47","R$ 82,87","R$ 28,45","R$ 69,95","R$ 156,02","R$ 150,18",3823/3
16/05/2025,AHIG0414 - Roxo 220V,1,Mercado Livre - FULL,MG,Beleza,"R$ 487,47","R$ 82,87","R$ 28,45","R$ 69,95","R$ 156,02","R$ 150,18",3825/3
16/05/2025,AHIG0435 - Preto 220V,1,Mercado Livre - FULL,DF,Beleza,"R$ 569,00","R$ 96,73","R$ 28,45","R$ 81,65","R$ 156,02","R$ 206,15",3827/3
16/05/2025,AHIG0414 - Roxo 220V,1,Mercado Livre - FULL,PE,Beleza,"R$ 487,47","R$ 70,36","R$ 28,45","R$ 69,95","R$ 156,02","R$ 162,69",3829/3
17/05/2025,AHIG0435 - Preto 220V,1,Amazon BR,AC,Beleza,"R$ 569,00","R$ 101,28","R$ 0,00","R$ 81,65","R$ 156,02","R$ 230,05",058/4
17/05/2025,AHIG0412 - Roxo 127V,1,Mercado Livre - FULL,ES,Beleza,"R$ 487,47","R$ 70,36","R$ 28,45","R$ 69,95","R$ 156,02","R$ 162,69",3833/3
18/05/2025,"APRF0841 - Proface c/ Lupa 2,5",1,Mercado Livre - FULL,BA,Biossegurança,"R$ 259,00","R$ 31,52","R$ 23,45","R$ 37,17","R$ 0,00","R$ 166,86",3835/3
18/05/2025,AHIG0412 - Roxo 127V,1,Mercado Livre - FULL,SP,Beleza,"R$ 487,47","R$ 70,36","R$ 28,45","R$ 69,95","R$ 156,02","R$ 162,69",3837/3
19/05/2025,AHIG0434 - Preto 127V,1,Mercado Livre - FULL,MT,Beleza,"R$ 569,00","R$ 96,73","R$ 28,45","R$ 81,65","R$ 156,02","R$ 206,15",3831/3
19/05/2025,AHIG0414 - Roxo 220V,1,Mercado Livre - FULL,TO,Beleza,"R$ 487,47","R$ 70,36","R$ 28,45","R$ 69,95","R$ 156,02","R$ 162,69",3843/3
19/05/2025,AHIG0414 - Roxo 220V,1,Mercado Livre - Envios,DF,Beleza,"R$ 569,00","R$ 96,73","R$ 26,95","R$ 81,65","R$ 156,02","R$ 207,65",3845/3
19/05/2025,AHIG0435 - Preto 220V,1,Mercado Livre - FULL,DF,Beleza,"R$ 569,00","R$ 96,73","R$ 26,95","R$ 81,65","R$ 156,02","R$ 207,65",3848/3
19/05/2025,AHIG0840 - Branco 220V,1,Loja Integrada - PagSeguro,DF,Beleza,"R$ 522,09",#N/A,"R$ 23,09","R$ 74,92","R$ 156,02",#N/A,950/2
19/05/2025,AHIG0839 - Branco 127V,1,Amazon BR,BA,Beleza,"R$ 569,00","R$ 101,28","R$ 0,00","R$ 81,65","R$ 156,02","R$ 230,05",060/4
19/05/2025,AHIG0435 - Preto 220V,1,Mercado Livre - FULL,SP,Beleza,"R$ 569,00","R$ 96,73","R$ 28,45","R$ 81,65","R$ 156,02","R$ 206,15",3847/3
19/05/2025,AHIG0412 - Roxo 127V,1,Mercado Livre - FULL,SP,Beleza,"R$ 487,47","R$ 70,36","R$ 28,45","R$ 69,95","R$ 156,02","R$ 162,69",3839/3
20/05/2025,AHIG0434 - Preto 127V,1,Mercado Livre - FULL,SP,Beleza,"R$ 569,00","R$ 96,73","R$ 28,45","R$ 81,65","R$ 156,02","R$ 206,15",3850/4
20/05/2025,AHIG0434 - Preto 127V,1,Distribuidor,SP,Beleza,"R$ 333,00","R$ 0,00","R$ 0,00","R$ 86,48","R$ 156,02","R$ 90,50",/1
21/05/2025,AHIG0434 - Preto 127V,1,Loja integrada - Pix,SP,Beleza,"R$ 575,16","R$ 11,50","R$ 23,23","R$ 82,54","R$ 156,02","R$ 301,87",951/2
21/05/2025,AHIG0435 - Preto 220V,1,Mercado Livre - FULL,ES,Beleza,"R$ 569,00","R$ 96,73","R$ 28,45","R$ 81,65","R$ 156,02","R$ 206,15",3852/3
22/05/2025,AHIG0434 - Preto 127V,1,Mercado Livre - FULL,RJ,Beleza,"R$ 569,00","R$ 96,73","R$ 28,45","R$ 81,65","R$ 156,02","R$ 206,15",3854/3
22/05/2025,AHIG0434 - Preto 127V,1,Distribuidor,SP,Beleza,"R$ 333,00","R$ 0,00","R$ 0,00","R$ 86,48","R$ 156,02","R$ 90,50",/1
22/05/2025,AHIG0434 - Preto 127V,1,Mercado Livre - FULL,PA,Beleza,"R$ 569,00","R$ 96,73","R$ 28,45","R$ 81,65","R$ 156,02","R$ 206,15",3856/3
23/05/2025,AHIG0434 - Preto 127V,1,Mercado Livre - FULL,PR,Beleza,"R$ 569,00","R$ 96,73","R$ 28,45","R$ 81,65","R$ 156,02","R$ 206,15",3858/3
23/05/2025,AHIG0840 - Branco 220V,1,Mercado Livre - FULL,RS,Beleza,"R$ 569,00","R$ 96,73","R$ 28,45","R$ 81,65","R$ 156,02","R$ 206,15",3860/3
23/05/2025,AHIG0435 - Preto 220V,1,Mercado Livre - FULL,SP,Beleza,"R$ 569,00","R$ 96,73","R$ 28,45","R$ 81,65","R$ 156,02","R$ 206,15",3862/3
23/05/2025,AHIG0412 - Roxo 127V,1,Mercado Livre - FULL,RJ,Beleza,"R$ 569,00","R$ 96,73","R$ 28,45","R$ 81,65","R$ 156,02","R$ 206,15",3866/3
25/05/2025,AHIG0840 - Branco 220V,1,Mercado Livre - FULL,SP,Beleza,"R$ 569,00","R$ 96,73","R$ 28,45","R$ 81,65","R$ 156,02","R$ 206,15",3864/3
25/05/2025,AHIG0435 - Preto 220V,2,Mercado Livre - FULL,,Beleza,"R$ 1.138,00","R$ 193,46","R$ 56,90","R$ 163,30","R$ 312,04","R$ 412,30",/3
26/05/2025,AHIG0435 - Preto 220V,1,Mercado Livre - FULL,BA,Beleza,"R$ 569,00","R$ 96,73","R$ 28,45","R$ 81,65","R$ 156,02","R$ 206,15",3868/3
26/05/2025,AHIG0435 - Preto 220V,1,Magalu,PI,Beleza,"R$ 618,90","R$ 91,60","R$ 49,90","R$ 88,81","R$ 156,02","R$ 232,57",953/2
26/05/2025,AHIG0840 - Branco 220V,1,Magalu,PB,Beleza,"R$ 569,00","R$ 84,21","R$ 0,00","R$ 81,65","R$ 156,02","R$ 247,12",952/2
26/05/2025,AHIG0839 - Branco 127V,1,Mercado Livre - Envios,PA,Beleza,"R$ 589,00","R$ 100,13","R$ 26,95","R$ 84,52","R$ 156,02","R$ 221,38",3873/3
26/05/2025,AHIG0435 - Preto 220V,1,Mercado Livre - FULL,SP,Beleza,"R$ 569,00","R$ 96,73","R$ 28,45","R$ 81,65","R$ 156,02","R$ 206,15",3871/3
27/05/2025,AHIG0434 - Preto 127V,1,Mercado Livre - FULL,SP,Beleza,"R$ 507,78","R$ 75,93","R$ 28,45","R$ 72,87","R$ 156,02","R$ 174,51",3875/3
27/05/2025,ALAV0379 - Cuba Ultrassonica 127V,2,Mercado Livre - Envios,PA,Biossegurança,"R$ 2.578,00","R$ 438,26","R$ 56,90","R$ 369,94","R$ 687,54","R$ 1.025,36",3876/3
28/05/2025,AHIG0434 - Preto 127V,1,Distribuidor,SP,Beleza,"R$ 333,00","R$ 0,00","R$ 0,00","R$ 86,48","R$ 156,02","R$ 90,50",/1
28/05/2025,AHIG0434 - Preto 127V,1,Mercado Livre - FULL,SP,Beleza,"R$ 507,78","R$ 75,93","R$ 28,45","R$ 72,87","R$ 156,02","R$ 174,51",3878/3
29/05/2025,AHIG0434 - Preto 127V,1,Mercado Livre - FULL,SP,Beleza,"R$ 507,78","R$ 75,93","R$ 28,45","R$ 72,87","R$ 156,02","R$ 174,51",3880/3
29/05/2025,APRF0843 - Proface sem lupa,1,Mercado Livre - FULL,MG,Biossegurança,"R$ 156,65","R$ 26,63","R$ 26,63","R$ 22,48","R$ 45,72","R$ 35,19",3882/3
29/05/2025,AHIG0435 - Preto 220V,1,Mercado Livre - FULL,PE,Beleza,"R$ 569,00","R$ 96,73","R$ 28,45","R$ 81,65","R$ 156,02","R$ 206,15",3884/3
29/05/2025,AHIG0435 - Preto 220V,1,Mercado Livre - FULL,MG,Beleza,"R$ 569,00","R$ 96,73","R$ 28,45","R$ 81,65","R$ 156,02","R$ 206,15",3888/3
29/05/2025,AHIG0435 - Preto 220V,1,Mercado Livre - FULL,ES,Beleza,"R$ 569,00","R$ 96,73","R$ 28,45","R$ 81,65","R$ 156,02","R$ 206,15",3890/3
29/05/2025,AHIG0435 - Preto 220V,1,Mercado Livre - FULL,GO,Beleza,"R$ 569,00","R$ 96,73","R$ 28,45","R$ 81,65","R$ 156,02","R$ 206,15",3892/3
30/05/2025,"APRF0841 - Proface c/ Lupa 2,5",1,Mercado Livre - FULL,SP,Biossegurança,"R$ 226,11","R$ 38,44","R$ 26,63","R$ 32,45","R$ 0,00","R$ 128,59",3896/3
30/05/2025,AHIG0434 - Preto 127V,1,Mercado Livre - FULL,MT,Beleza,"R$ 589,00","R$ 100,13","R$ 26,95","R$ 84,52","R$ 156,02","R$ 221,38",3897/3
31/05/2025,"APRF0841 - Proface c/ Lupa 2,5",1,Mercado Livre - FULL,SP,Biossegurança,"R$ 226,11","R$ 38,44","R$ 23,45","R$ 32,45","R$ 0,00","R$ 131,77",3899/3
01/06/2025,AHIG0435 - Preto 220V,1,Mercado Livre - Envios,BA,Beleza,"R$ 534,00","R$ 90,78","R$ 26,95","R$ 76,63","R$ 156,02","R$ 183,62",3902/3
02/06/2025,AHIG0435 - Preto 220V,1,Loja integrada - Pix,RN,Beleza,"R$ 627,86","R$ 12,56","R$ 75,93","R$ 90,10","R$ 156,02","R$ 293,25",955/2
02/06/2025,AHIG0434 - Preto 127V,3,Distribuidor,SP,Beleza,"R$ 999,00","R$ 0,00","R$ 0,00","R$ 259,44","R$ 468,06","R$ 271,50",/1
02/06/2025,AHIG0435 - Preto 220V,2,Distribuidor,SP,Beleza,"R$ 666,00","R$ 0,00","R$ 0,00","R$ 172,96","R$ 312,04","R$ 181,00",/1
02/06/2025,AHIG0434 - Preto 127V,1,Mercado Livre - FULL,SP,Beleza,"R$ 507,78","R$ 86,32","R$ 28,45","R$ 72,87","R$ 156,02","R$ 164,12",3901/3
03/06/2025,AHIG0434 - Preto 127V,2,Loja Integrada - PagSeguro,SP,Beleza,"R$ 1.167,69",#N/A,"R$ 29,69","R$ 167,56","R$ 312,04",#N/A,956/2
03/06/2025,ACLV0853 - Autoclave 17L 220V,1,Venda direta,SP,Biossegurança,"R$ 6.730,00","R$ 0,00","R$ 140,00","R$ 965,76","R$ 2.616,45","R$ 3.007,80",/1
03/06/2025,"APRF0841 - Proface c/ Lupa 2,5",1,Mercado Livre - FULL,BA,Biossegurança,"R$ 226,11","R$ 38,44","R$ 23,45","R$ 32,45","R$ 0,00","R$ 131,77",3904/3
03/06/2025,AHIG0434 - Preto 127V,1,Mercado Livre - FULL,SP,Beleza,"R$ 507,78","R$ 86,32","R$ 28,45","R$ 72,87","R$ 156,02","R$ 164,12",3906/3
03/06/2025,AHIG0435 - Preto 220V,2,Mercado Livre - FULL,SP,Beleza,"R$ 1.138,00","R$ 193,46","R$ 56,90","R$ 163,30","R$ 312,04","R$ 412,30",3909/3
03/06/2025,AHIG0435 - Preto 220V,1,Mercado Livre - FULL,DF,Beleza,"R$ 569,00","R$ 96,73","R$ 28,45","R$ 81,65","R$ 156,02","R$ 206,15",3911/3
04/06/2025,AHIG0435 - Preto 220V,1,Mercado Livre - FULL,SC,Beleza,"R$ 569,00","R$ 96,73","R$ 28,45","R$ 81,65","R$ 156,02","R$ 206,15",3913/3
04/06/2025,APRF0843 - Proface sem lupa,1,Mercado Livre - FULL,ES,Biossegurança,"R$ 156,65","R$ 26,63","R$ 21,10","R$ 22,48","R$ 45,72","R$ 40,72",3988/3
04/06/2025,AHIG0434 - Preto 127V,1,Mercado Livre - FULL,SP,Beleza,"R$ 507,78","R$ 86,32","R$ 28,45","R$ 72,87","R$ 156,02","R$ 164,12",3915/3
07/06/2025,AHIG0435 - Preto 220V,1,Loja Integrada - PagSeguro,MT,Beleza,"R$ 603,86",#N/A,"R$ 34,86","R$ 86,65","R$ 156,02",#N/A,957/2
07/06/2025,AHIG0434 - Preto 127V,2,Loja Integrada - PagSeguro,SP,Beleza,"R$ 1.038,69",#N/A,"R$ 37,25","R$ 149,05","R$ 312,04",#N/A,958/2
07/06/2025,AHIG0412 - Roxo 127V,1,Mercado Livre - FULL,MG,Beleza,"R$ 569,00","R$ 96,73","R$ 28,45","R$ 81,65","R$ 156,02","R$ 206,15",3981/3
07/06/2025,AHIG0434 - Preto 127V,1,Mercado Livre - FULL,MG,Beleza,"R$ 507,78","R$ 86,32","R$ 28,45","R$ 72,87","R$ 156,02","R$ 164,12",3983/3
07/06/2025,AHIG0435 - Preto 220V,1,Mercado Livre - FULL,RS,Beleza,"R$ 569,00","R$ 96,73","R$ 28,45","R$ 81,65","R$ 156,02","R$ 206,15",3986/3
07/06/2025,AHIG0839 - Branco 127V,1,Mercado Livre - FULL,BA,Beleza,"R$ 569,00","R$ 96,73","R$ 28,45","R$ 81,65","R$ 156,02","R$ 206,15",3990/3
07/06/2025,AHIG0840 - Branco 220V,1,Mercado Livre - FULL,RN,Beleza,"R$ 569,00","R$ 96,73","R$ 28,45","R$ 81,65","R$ 156,02","R$ 206,15",3992/3
08/06/2025,AHIG0414 - Roxo 220V,1,Mercado Livre - FULL,SP,Beleza,"R$ 487,47","R$ 82,87","R$ 28,45","R$ 69,95","R$ 156,02","R$ 150,18",3994/3
09/06/2025,"APRF0841 - Proface c/ Lupa 2,5",1,Mercado Livre - FULL,PR,Biossegurança,"R$ 226,11","R$ 38,44","R$ 23,45","R$ 32,45","R$ 0,00","R$ 131,77",3996/3
09/06/2025,"APRF0842 - Proface c/ Lupa 3,5",1,Mercado Livre - FULL,RO,Biossegurança,"R$ 259,00","R$ 44,03","R$ 23,45","R$ 37,17","R$ 0,00","R$ 154,35",3998/3
09/06/2025,AHIG0840 - Branco 220V,1,Mercado Livre - FULL,RN,Beleza,"R$ 569,00","R$ 96,73","R$ 28,45","R$ 81,65","R$ 156,02","R$ 206,15",4000/3
09/06/2025,AHIG0414 - Roxo 220V,1,Mercado Livre - FULL,RS,Beleza,"R$ 487,47","R$ 82,87","R$ 28,45","R$ 69,95","R$ 156,02","R$ 150,18",4008/3
09/06/2025,AHIG0414 - Roxo 220V,1,Mercado Livre - FULL,SP,Beleza,"R$ 487,47","R$ 82,87","R$ 28,45","R$ 69,95","R$ 156,02","R$ 150,18",4004/3
10/06/2025,"APRF0842 - Proface c/ Lupa 3,5",1,Mercado Livre - FULL,CE,Biossegurança,"R$ 259,00","R$ 44,03","R$ 28,45","R$ 37,17","R$ 0,00","R$ 149,35",4030/3
10/06/2025,AHIG0434 - Preto 127V,2,Distribuidor,SP,Beleza,"R$ 666,00","R$ 0,00","R$ 0,00","R$ 172,96","R$ 312,04","R$ 181,00",/1
10/06/2025,AHIG0435 - Preto 220V,1,Distribuidor,SP,Beleza,"R$ 333,00","R$ 0,00","R$ 0,00","R$ 86,48","R$ 156,02","R$ 90,50",/1
10/06/2025,AHIG0412 - Roxo 127V,1,Mercado Livre - FULL,PA,Beleza,"R$ 487,47","R$ 82,87","R$ 28,45","R$ 69,95","R$ 156,02","R$ 150,18",4010/3
10/06/2025,AHIG0840 - Branco 220V,1,Mercado Livre - FULL,RJ,Beleza,"R$ 569,00","R$ 96,73","R$ 28,45","R$ 81,65","R$ 156,02","R$ 206,15",4012/3
11/06/2025,AHIG0434 - Preto 127V,1,Distribuidor,SP,Beleza,"R$ 333,00","R$ 0,00","R$ 0,00","R$ 86,48","R$ 156,02","R$ 90,50",/1
11/06/2025,AHIG0434 - Preto 127V,1,Mercado Livre - FULL,MT,Beleza,"R$ 507,78","R$ 86,32","R$ 28,45","R$ 72,87","R$ 156,02","R$ 164,12",4014/3
11/06/2025,AHIG0435 - Preto 220V,1,Mercado Livre - Envios,AL,Beleza,"R$ 534,00","R$ 90,78","R$ 26,95","R$ 76,63","R$ 156,02","R$ 183,62",4023/3
11/06/2025,"APRF0842 - Proface c/ Lupa 3,5",1,Mercado Livre - FULL,GO,Biossegurança,"R$ 259,00","R$ 44,03","R$ 23,45","R$ 37,17","R$ 0,00","R$ 154,35",4020/3
11/06/2025,AHIG0434 - Preto 127V,1,Mercado Livre - FULL,RJ,Beleza,"R$ 507,78","R$ 86,32","R$ 28,45","R$ 72,87","R$ 156,02","R$ 164,12",4022/3
11/06/2025,AHIG0435 - Preto 220V,1,Mercado Livre - FULL,SP,Beleza,"R$ 569,00","R$ 96,73","R$ 28,45","R$ 81,65","R$ 156,02","R$ 206,15",4016/3
11/06/2025,AHIG0840 - Branco 220V,1,Mercado Livre - FULL,RS,Beleza,"R$ 569,00","R$ 96,73","R$ 28,45","R$ 81,65","R$ 156,02","R$ 206,15",4018/3
12/06/2025,ALAV0379 - Cuba Ultrassonica 127V,1,Loja integrada - Pix,SP,Biossegurança,"R$ 920,02","R$ 18,40","R$ 27,96","R$ 132,02","R$ 343,77","R$ 397,87",959/2
12/06/2025,AHIG0434 - Preto 127V,1,Mercado Livre - FULL,SP,Beleza,"R$ 507,78","R$ 86,32","R$ 28,45","R$ 72,87","R$ 156,02","R$ 164,12",4025/3
13/06/2025,AHIG0434 - Preto 127V,1,Mercado Livre - FULL,SP,Beleza,"R$ 507,78","R$ 75,93","R$ 28,45","R$ 72,87","R$ 156,02","R$ 174,51",4027/3
13/06/2025,"ALUP0420 - Lupa 2,5x",5,Mercado Livre - FULL,SP,Biossegurança,"R$ 1.130,55","R$ 157,24","R$ 117,25","R$ 162,23","R$ 172,20","R$ 521,62",4036/3
14/06/2025,AHIG0414 - Roxo 220V,1,Mercado Livre - FULL,SP,Beleza,"R$ 569,00","R$ 96,73","R$ 28,45","R$ 81,65","R$ 156,02","R$ 206,15",4034/3
14/06/2025,AHIG0435 - Preto 220V,1,Mercado Livre - FULL,SP,Beleza,"R$ 569,00","R$ 96,73","R$ 28,45","R$ 81,65","R$ 156,02","R$ 206,15",4032/3
15/06/2025,AHIG0435 - Preto 220V,1,Mercado Livre - FULL,RS,Beleza,"R$ 569,00","R$ 96,73","R$ 28,45","R$ 81,65","R$ 156,02","R$ 206,15",4038/3
15/06/2025,AHIG0435 - Preto 220V,1,Mercado Livre - FULL,PR,Beleza,"R$ 569,00","R$ 96,73","R$ 28,45","R$ 81,65","R$ 156,02","R$ 206,15",4042/3
15/06/2025,AHIG0435 - Preto 220V,1,Mercado Livre - FULL,PE,Beleza,"R$ 569,00","R$ 96,73","R$ 28,45","R$ 81,65","R$ 156,02","R$ 206,15",4040/3
15/06/2025,AHIG0435 - Preto 220V,1,Mercado Livre - FULL,RS,Beleza,"R$ 569,00","R$ 96,73","R$ 28,45","R$ 81,65","R$ 156,02","R$ 206,15",4044/3
16/06/2025,AHIG0434 - Preto 127V,2,Distribuidor,SP,Beleza,"R$ 666,00","R$ 0,00","R$ 0,00","R$ 172,96","R$ 312,04","R$ 181,00",/1
16/06/2025,AHIG0434 - Preto 127V,1,Remessa Bonificada,BA,Beleza,"R$ 426,65","R$ 0,00","R$ 30,00","R$ 61,22","R$ 156,02","R$ 179,41",/1
16/06/2025,AHIG0839 - Branco 127V,1,Mercado Livre - FULL,SP,Beleza,"R$ 569,00","R$ 96,73","R$ 28,45","R$ 81,65","R$ 156,02","R$ 206,15",4046/3
16/06/2025,AHIG0435 - Preto 220V,1,Mercado Livre - FULL,RJ,Beleza,"R$ 569,00","R$ 96,73","R$ 28,45","R$ 81,65","R$ 156,02","R$ 206,15",4050/3
16/06/2025,AHIG0435 - Preto 220V,1,Mercado Livre - FULL,SP,Beleza,"R$ 569,00","R$ 96,73","R$ 28,45","R$ 81,65","R$ 156,02","R$ 206,15",4052/3
16/06/2025,AHIG0414 - Roxo 220V,1,Mercado Livre - FULL,SC,Beleza,"R$ 569,00","R$ 96,73","R$ 28,45","R$ 81,65","R$ 156,02","R$ 206,15",4054/3
16/06/2025,AHIG0434 - Preto 127V,1,Mercado Livre - FULL,MG,Beleza,"R$ 569,00","R$ 96,73","R$ 28,45","R$ 81,65","R$ 156,02","R$ 206,15",4056/3
17/06/2025,AHIG0435 - Preto 220V,2,Distribuidor,SP,Beleza,"R$ 666,00","R$ 0,00","R$ 0,00","R$ 172,96","R$ 312,04","R$ 181,00",/1
17/06/2025,AHIG0412 - Roxo 127V,1,Mercado Livre - Envios,SP,Beleza,"R$ 569,00","R$ 96,73","R$ 28,45","R$ 81,65","R$ 156,02","R$ 206,15",4059/3
17/06/2025,AHIG0435 - Preto 220V,1,Mercado Livre - FULL,RS,Beleza,"R$ 569,00","R$ 96,73","R$ 28,45","R$ 81,65","R$ 156,02","R$ 206,15",4058/3
19/06/2025,AHIG0434 - Preto 127V,1,Mercado Livre - FULL,BA,Beleza,"R$ 502,62","R$ 69,90","R$ 28,45","R$ 72,13","R$ 156,02","R$ 176,13",4061/3
19/06/2025,AHIG0434 - Preto 127V,1,Mercado Livre - FULL,SP,Beleza,"R$ 502,62","R$ 69,90","R$ 28,45","R$ 72,13","R$ 156,02","R$ 176,13",4069/3
19/06/2025,AHIG0434 - Preto 127V,1,Mercado Livre - FULL,MS,Beleza,"R$ 502,62","R$ 69,90","R$ 28,45","R$ 72,13","R$ 156,02","R$ 176,13",4071/3
19/06/2025,AHIG0839 - Branco 127V,1,Mercado Livre - FULL,RJ,Beleza,"R$ 569,00","R$ 96,73","R$ 28,45","R$ 81,65","R$ 156,02","R$ 206,15",4073/3
19/06/2025,AHIG0412 - Roxo 127V,1,Mercado Livre - FULL,RJ,Beleza,"R$ 569,00","R$ 96,73","R$ 28,45","R$ 81,65","R$ 156,02","R$ 206,15",4063/3
20/06/2025,AHIG0435 - Preto 220V,1,Mercado Livre - FULL,TO,Beleza,"R$ 569,00","R$ 96,73","R$ 28,45","R$ 81,65","R$ 156,02","R$ 206,15",4075/3
20/06/2025,AHIG0434 - Preto 127V,1,Mercado Livre - FULL,MG,Beleza,"R$ 502,62","R$ 85,45","R$ 28,45","R$ 72,13","R$ 156,02","R$ 160,58",4077/3
21/06/2025,AHIG0412 - Roxo 127V,1,Mercado Livre - FULL,SP,Beleza,"R$ 502,62","R$ 85,45","R$ 28,45","R$ 72,13","R$ 156,02","R$ 160,58",4081/3
21/06/2025,AHIG0434 - Preto 127V,1,Mercado Livre - FULL,RJ,Beleza,"R$ 502,62","R$ 85,45","R$ 28,45","R$ 72,13","R$ 156,02","R$ 160,58",4085/3
22/06/2025,AHIG0435 - Preto 220V,1,Mercado Livre - FULL,SP,Beleza,"R$ 569,00","R$ 96,73","R$ 28,45","R$ 81,65","R$ 156,02","R$ 206,15",4087/3
22/06/2025,AHIG0414 - Roxo 220V,1,Mercado Livre - FULL,SP,Beleza,"R$ 569,00","R$ 96,73","R$ 28,45","R$ 81,65","R$ 156,02","R$ 206,15",4089/3
23/06/2025,AHIG0435 - Preto 220V,2,Distribuidor,SP,Beleza,"R$ 666,00","R$ 0,00","R$ 0,00","R$ 172,96","R$ 312,04","R$ 181,00",/1
23/06/2025,AHIG0839 - Branco 127V,1,Mercado Livre - FULL,RJ,Beleza,"R$ 569,00","R$ 96,73","R$ 28,45","R$ 81,65","R$ 156,02","R$ 206,15",4092/3
23/06/2025,AHIG0434 - Preto 127V,1,Mercado Livre - FULL,BA,Beleza,"R$ 502,62","R$ 85,45","R$ 28,45","R$ 72,13","R$ 156,02","R$ 160,58",4094/3
23/06/2025,AHIG0435 - Preto 220V,1,Mercado Livre - FULL,RO,Beleza,"R$ 1.178,00","R$ 200,26","R$ 53,90","R$ 169,04","R$ 156,02","R$ 598,78",4103/3
23/06/2025,AHIG0435 - Preto 220V,2,Amazon BR,TO,Beleza,"R$ 935,44","R$ 166,51","R$ 8,90","R$ 134,24","R$ 312,04","R$ 313,76",66/4
24/06/2025,AHIG0434 - Preto 127V,1,Distribuidor,SP,Beleza,"R$ 502,62","R$ 0,00","R$ 0,00","R$ 130,53","R$ 156,02","R$ 216,07",/1
24/06/2025,AHIG0434 - Preto 127V,1,Mercado Livre - FULL,MG,Beleza,"R$ 502,62","R$ 69,90","R$ 28,45","R$ 72,13","R$ 156,02","R$ 176,13",4108/3
24/06/2025,AHIG0434 - Preto 127V,1,Mercado Livre - FULL,ES,Beleza,"R$ 502,62","R$ 69,90","R$ 28,45","R$ 72,13","R$ 156,02","R$ 176,13",4177/3
25/06/2025,CTAP1303 - Tampa Roxa,1,Loja integrada - Pix,MG,Beleza,"R$ 47,32","R$ 0,95","R$ 18,20","R$ 6,79","R$ 30,00","-R$ 8,62",960/2
26/06/2025,AHIG0434 - Preto 127V,1,Distribuidor,SP,Beleza,"R$ 333,00","R$ 0,00","R$ 0,00","R$ 86,48","R$ 156,02","R$ 90,50",/1
26/06/2025,AHIG0435 - Preto 220V,1,Mercado Livre - FULL,MA,Beleza,"R$ 1.138,00","R$ 177,91","R$ 56,90","R$ 163,30","R$ 156,02","R$ 583,87",4209/3
26/06/2025,"APRF0842 - Proface c/ Lupa 3,5",1,Mercado Livre - FULL,BA,Biossegurança,"R$ 251,23","R$ 38,05","R$ 4,66","R$ 36,05","R$ 0,00","R$ 172,47",4234/3
26/06/2025,ADES0574 - Destilador 220V,1,Loja Integrada - PagSeguro,SP,Biossegurança,"R$ 907,22",#N/A,"R$ 18,22","R$ 130,19","R$ 286,24",#N/A,961/2
27/06/2025,AHIG0839 - Branco 127V,1,Mercado Livre - FULL,SP,Beleza,"R$ 589,00","R$ 100,13","R$ 26,95","R$ 84,52","R$ 156,02","R$ 221,38",4218/3
27/06/2025,AHIG0840 - Branco 220V,1,Mercado Livre - FULL,PE,Beleza,"R$ 569,00","R$ 96,73","R$ 28,45","R$ 81,65","R$ 156,02","R$ 206,15",4220/3
28/06/2025,AHIG0839 - Branco 127V,1,Mercado Livre - FULL,MT,Beleza,"R$ 569,00","R$ 96,73","R$ 28,45","R$ 81,65","R$ 156,02","R$ 206,15",4228/3
28/06/2025,AHIG0435 - Preto 220V,1,Mercado Livre - FULL,BA,Beleza,"R$ 569,00","R$ 96,73","R$ 28,45","R$ 81,65","R$ 156,02","R$ 206,15",4230/3
28/06/2025,AHIG0434 - Preto 127V,1,Mercado Livre - FULL,RJ,Beleza,"R$ 502,62","R$ 85,45","R$ 0,00","R$ 72,13","R$ 156,02","R$ 189,03",4232/3
29/06/2025,AHIG0434 - Preto 127V,1,Mercado Livre - FULL,SP,Beleza,"R$ 502,62","R$ 85,45","R$ 28,45","R$ 72,13","R$ 156,02","R$ 160,58",4236/3
29/06/2025,AHIG0414 - Roxo 220V,1,Mercado Livre - FULL,AL,Beleza,"R$ 569,00","R$ 96,73","R$ 0,00","R$ 81,65","R$ 156,02","R$ 234,60",4240/3
30/06/2025,AHIG0435 - Preto 220V,1,Distribuidor,SP,Beleza,"R$ 333,00","R$ 0,00","R$ 0,00","R$ 86,48","R$ 156,02","R$ 90,50",/1
30/06/2025,AHIG0435 - Preto 220V,1,Mercado Livre - FULL,SP,Beleza,"R$ 569,00","R$ 96,73","R$ 28,45","R$ 81,65","R$ 156,02","R$ 206,15",4244/3
30/06/2025,AHIG0840 - Branco 220V,1,Mercado Livre - FULL,RJ,Beleza,"R$ 569,00","R$ 96,73","R$ 28,45","R$ 81,65","R$ 156,02","R$ 206,15",4246/3
30/06/2025,AHIG0435 - Preto 220V,1,Mercado Livre - FULL,SC,Beleza,"R$ 569,00","R$ 96,73","R$ 28,45","R$ 81,65","R$ 156,02","R$ 206,15",4248/3
30/06/2025,AHIG0435 - Preto 220V,1,Mercado Livre - FULL,DF,Beleza,"R$ 569,00","R$ 96,73","R$ 28,45","R$ 81,65","R$ 156,02","R$ 206,15",4250/3
30/06/2025,AHIG0434 - Preto 127V,1,Mercado Livre - FULL,SP,Beleza,"R$ 502,62","R$ 85,45","R$ 28,45","R$ 72,13","R$ 156,02","R$ 160,58",4259/3
30/06/2025,AHIG0435 - Preto 220V,1,Loja integrada - Pix,RJ,Beleza,"R$ 575,02","R$ 11,50","R$ 23,09","R$ 82,52","R$ 156,02","R$ 301,89",962/2
01/07/2025,AHIG0840 - Branco 220V,1,Mercado Livre - FULL,RN,Beleza,"R$ 569,00","R$ 96,73","R$ 28,45","R$ 81,65","R$ 156,02","R$ 206,15",4253/3
01/07/2025,AHIG0435 - Preto 220V,1,Mercado Livre - FULL,SP,Beleza,"R$ 569,00","R$ 96,73","R$ 28,45","R$ 81,65","R$ 156,02","R$ 206,15",4255/3
01/07/2025,AHIG0435 - Preto 220V,1,Amazon BR,CE,Beleza,"R$ 569,00","R$ 101,28","R$ 8,90","R$ 81,65","R$ 156,02","R$ 221,15",68/4
01/07/2025,AHIG0839 - Branco 127V,1,Mercado Livre - FULL,RJ,Beleza,"R$ 569,00","R$ 96,73","R$ 28,45","R$ 81,65","R$ 156,02","R$ 206,15",4257/3
02/07/2025,AHIG0435 - Preto 220V,1,Magalu,PR,Beleza,"R$ 569,00","R$ 84,21","R$ 0,00","R$ 81,65","R$ 156,02","R$ 247,12",963/2
02/07/2025,AHIG0434 - Preto 127V,1,Distribuidor,SP,Beleza,"R$ 333,00","R$ 0,00","R$ 0,00","R$ 86,48","R$ 156,02","R$ 90,50",-
02/07/2025,AHIG0435 - Preto 220V,1,Mercado Livre - FULL,AL,Beleza,"R$ 589,00","R$ 100,13","R$ 26,95","R$ 84,52","R$ 156,02","R$ 221,38",4260/3
02/07/2025,AHIG0840 - Branco 220V,1,Mercado Livre - FULL,SP,Beleza,"R$ 569,00","R$ 96,73","R$ 28,45","R$ 81,65","R$ 156,02","R$ 206,15",4263/3
02/07/2025,AHIG0434 - Preto 127V,1,Mercado Livre - FULL,RJ,Beleza,"R$ 569,00","R$ 96,73","R$ 28,45","R$ 81,65","R$ 156,02","R$ 206,15",4269/3
02/07/2025,AHIG0435 - Preto 220V,1,Mercado Livre - FULL,SC,Beleza,"R$ 569,00","R$ 96,73","R$ 28,45","R$ 81,65","R$ 156,02","R$ 206,15",4271/3
02/07/2025,AHIG0434 - Preto 127V,1,Mercado Livre - FULL,MS,Beleza,"R$ 569,00","R$ 96,73","R$ 28,45","R$ 81,65","R$ 156,02","R$ 206,15",4280/3
03/07/2025,AHIG0435 - Preto 220V,1,Mercado Livre - FULL,PB,Beleza,"R$ 569,00","R$ 96,73","R$ 28,45","R$ 81,65","R$ 156,02","R$ 206,15",4275/3
03/07/2025,AHIG0840 - Branco 220V,1,Mercado Livre - FULL,SP,Beleza,"R$ 569,00","R$ 96,73","R$ 28,45","R$ 81,65","R$ 156,02","R$ 206,15",4278/3
04/07/2025,AHIG0435 - Preto 220V,1,Mercado Livre - FULL,SP,Beleza,"R$ 569,00","R$ 96,73","R$ 28,45","R$ 81,65","R$ 156,02","R$ 206,15",4282/3
04/07/2025,AHIG0435 - Preto 220V,1,Mercado Livre - FULL,SP,Beleza,"R$ 551,93","R$ 93,83","R$ 28,45","R$ 79,20","R$ 156,02","R$ 194,43",4284/3
05/07/2025,AHIG0435 - Preto 220V,2,Mercado Livre - FULL,RO,Beleza,"R$ 1.103,86","R$ 187,66","R$ 28,45","R$ 158,40","R$ 312,04","R$ 417,31",4321/3
06/07/2025,AHIG0840 - Branco 220V,1,Mercado Livre - FULL,RJ,Beleza,"R$ 529,00","R$ 89,93","R$ 28,45","R$ 75,91","R$ 156,02","R$ 178,69",4308/3
06/07/2025,AHIG0434 - Preto 127V,1,Mercado Livre - FULL,PA,Beleza,"R$ 569,00","R$ 96,73","R$ 28,45","R$ 81,65","R$ 156,02","R$ 206,15",4310/3
07/07/2025,AHIG0839 - Branco 127V,1,Mercado Livre - FULL,PR,Beleza,"R$ 529,00","R$ 89,93","R$ 28,45","R$ 75,91","R$ 156,02","R$ 178,69",4312/3
07/07/2025,AHIG0435 - Preto 220V,1,Mercado Livre - FULL,SP,Beleza,"R$ 551,93","R$ 90,37","R$ 28,45","R$ 79,20","R$ 156,02","R$ 197,89",4315/3
07/07/2025,AHIG0840 - Branco 220V,1,Mercado Livre - FULL,SC,Beleza,"R$ 529,00","R$ 89,93","R$ 28,45","R$ 75,91","R$ 156,02","R$ 178,69",4323/3
07/07/2025,AHIG0435 - Preto 220V,1,Mercado Livre - FULL,PA,Beleza,"R$ 551,93","R$ 90,37","R$ 28,45","R$ 79,20","R$ 156,02","R$ 197,89",4317/3
07/07/2025,AHIG0435 - Preto 220V,1,Mercado Livre - FULL,SP,Beleza,"R$ 551,93","R$ 90,37","R$ 28,45","R$ 79,20","R$ 156,02","R$ 197,89",4319/3
08/07/2025,AHIG0434 - Preto 127V,1,Distribuidor,SP,Beleza,"R$ 333,00","R$ 0,00","R$ 0,00","R$ 86,48","R$ 156,02","R$ 90,50",/1
08/07/2025,AHIG0434 - Preto 127V,1,Mercado Livre - FULL,BA,Beleza,"R$ 569,00","R$ 96,73","R$ 28,45","R$ 81,65","R$ 156,02","R$ 206,15",4325/3
08/07/2025,AHIG0840 - Branco 220V,1,Mercado Livre - FULL,SC,Beleza,"R$ 529,00","R$ 89,93","R$ 28,45","R$ 75,91","R$ 156,02","R$ 178,69",4327/3
09/07/2025,AHIG0434 - Preto 127V,1,Mercado Livre - FULL,RO,Beleza,"R$ 569,00","R$ 96,73","R$ 28,45","R$ 81,65","R$ 156,02","R$ 206,15",4329/3
09/07/2025,AHIG0435 - Preto 220V,2,Mercado Livre - FULL,CE,Beleza,"R$ 1.103,86","R$ 187,66","R$ 28,45","R$ 158,40","R$ 312,04","R$ 417,31",4331/3
09/07/2025,AHIG0434 - Preto 127V,1,Mercado Livre - FULL,BA,Beleza,"R$ 569,00","R$ 96,73","R$ 28,45","R$ 81,65","R$ 156,02","R$ 206,15",4335/3
09/07/2025,AHIG0435 - Preto 220V,1,Mercado Livre - FULL,BA,Beleza,"R$ 551,93","R$ 93,83","R$ 28,45","R$ 79,20","R$ 156,02","R$ 194,43",4333/3
09/07/2025,AHIG0839 - Branco 127V,1,Magalu,MS,Beleza,"R$ 529,00","R$ 78,29","R$ 0,00","R$ 75,91","R$ 156,02","R$ 218,78",965/2
09/07/2025,AHIG0839 - Branco 127V,1,Magalu,PA,Beleza,"R$ 529,00","R$ 78,29","R$ 0,00","R$ 75,91","R$ 156,02","R$ 218,78",964/2
10/07/2025,AHIG0839 - Branco 127V,1,Mercado Livre - Envios,MT,Beleza,"R$ 589,00","R$ 100,13","R$ 28,45","R$ 84,52","R$ 156,02","R$ 219,88",4336/3
10/07/2025,AHIG0434 - Preto 127V,1,Mercado Livre - FULL,RS,Beleza,"R$ 569,00","R$ 96,73","R$ 28,45","R$ 81,65","R$ 156,02","R$ 206,15",4338/3
10/07/2025,AHIG0839 - Branco 127V,1,Mercado Livre - FULL,PR,Beleza,"R$ 569,00","R$ 96,73","R$ 28,45","R$ 81,65","R$ 156,02","R$ 206,15",4340/3
10/07/2025,AHIG0435 - Preto 220V,1,Mercado Livre - FULL,SP,Beleza,"R$ 551,93","R$ 93,83","R$ 28,45","R$ 79,20","R$ 156,02","R$ 194,43",4342/3
10/07/2025,AHIG0412 - Roxo 127V,1,Mercado Livre - FULL,SP,Beleza,"R$ 569,00","R$ 96,73","R$ 28,45","R$ 81,65","R$ 156,02","R$ 206,15",4344/3
11/07/2025,"APRF0841 - Proface c/ Lupa 2,5",1,Mercado Livre - FULL,RJ,Biossegurança,"R$ 222,42","R$ 37,81","R$ 23,45","R$ 31,92","R$ 0,00","R$ 129,24",4346/3
11/07/2025,AHIG0839 - Branco 127V,1,Mercado Livre - FULL,ES,Beleza,"R$ 529,00","R$ 89,93","R$ 23,45","R$ 75,91","R$ 156,02","R$ 183,69",4348/3
12/07/2025,AHIG0412 - Roxo 127V,1,Mercado Livre - FULL,RO,Beleza,"R$ 569,00","R$ 96,73","R$ 28,45","R$ 81,65","R$ 156,02","R$ 206,15",4442/3
13/07/2025,AHIG0840 - Branco 220V,1,Mercado Livre - FULL,MG,Beleza,"R$ 529,00","R$ 89,93","R$ 28,45","R$ 75,91","R$ 156,02","R$ 178,69",4350/3
13/07/2025,AHIG0434 - Preto 127V,1,Mercado Livre - FULL,PA,Beleza,"R$ 569,00","R$ 96,73","R$ 28,45","R$ 81,65","R$ 156,02","R$ 206,15",4374/3
13/07/2025,AHIG0435 - Preto 220V,1,Mercado Livre - FULL,MG,Beleza,"R$ 551,93","R$ 93,83","R$ 28,45","R$ 79,20","R$ 156,02","R$ 194,43",4352/3
13/07/2025,AHIG0435 - Preto 220V,1,Mercado Livre - FULL,RS,Beleza,"R$ 551,93","R$ 93,83","R$ 28,45","R$ 79,20","R$ 156,02","R$ 194,43",4355/3
14/07/2025,AHIG0435 - Preto 220V,1,Distribuidor,SP,Beleza,"R$ 333,00","R$ 0,00","R$ 0,00","R$ 86,48","R$ 156,02","R$ 90,50",/1
14/07/2025,AHIG0839 - Branco 127V,1,Mercado Livre - FULL,SP,Beleza,"R$ 529,00","R$ 89,93","R$ 28,45","R$ 75,91","R$ 156,02","R$ 178,69",4357/3
14/07/2025,AHIG0840 - Branco 220V,1,Mercado Livre - FULL,MG,Beleza,"R$ 529,00","R$ 89,93","R$ 28,45","R$ 75,91","R$ 156,02","R$ 178,69",4359/3
14/07/2025,ASEL0484 - Biostamp 220V,1,Mercado Livre - Envios,PE,Biossegurança,"R$ 1.880,00","R$ 319,60","R$ 28,45","R$ 269,78","R$ 365,05","R$ 897,12",4360/3
14/07/2025,AHIG0840 - Branco 220V,1,Mercado Livre - FULL,RS,Beleza,"R$ 529,00","R$ 89,93","R$ 28,45","R$ 75,91","R$ 156,02","R$ 178,69",4366/3
14/07/2025,AHIG0839 - Branco 127V,1,Mercado Livre - FULL,SP,Beleza,"R$ 529,00","R$ 89,93","R$ 28,45","R$ 75,91","R$ 156,02","R$ 178,69",4362/3
14/07/2025,AHIG0435 - Preto 220V,1,Mercado Livre - FULL,MG,Beleza,"R$ 551,93","R$ 93,83","R$ 28,45","R$ 79,20","R$ 156,02","R$ 194,43",4364/3
14/07/2025,AHIG0435 - Preto 220V,1,Mercado Livre - FULL,SP,Beleza,"R$ 551,93","R$ 93,83","R$ 28,45","R$ 79,20","R$ 156,02","R$ 194,43",4368/3
15/07/2025,AHIG0434 - Preto 127V,2,Distribuidor,SP,Beleza,"R$ 666,00","R$ 0,00","R$ 0,00","R$ 172,96","R$ 312,04","R$ 181,00",/1
15/07/2025,AHIG0412 - Roxo 127V,1,Mercado Livre - FULL,MG,Beleza,"R$ 569,00","R$ 96,73","R$ 28,45","R$ 81,65","R$ 156,02","R$ 206,15",4420/3
15/07/2025,AHIG0839 - Branco 127V,1,Mercado Livre - FULL,MA,Beleza,"R$ 529,00","R$ 85,61","R$ 28,45","R$ 75,91","R$ 156,02","R$ 183,01",4434/3
15/07/2025,AHIG0435 - Preto 220V,1,Mercado Livre - FULL,SP,Beleza,"R$ 551,93","R$ 93,83","R$ 28,45","R$ 79,20","R$ 156,02","R$ 194,43",4436/3
16/07/2025,AHIG0435 - Preto 220V,1,Mercado Livre - FULL,SP,Beleza,"R$ 551,93","R$ 93,83","R$ 28,45","R$ 79,20","R$ 156,02","R$ 194,43",4440/3
16/07/2025,AHIG0435 - Preto 220V,1,Mercado Livre - FULL,RJ,Beleza,"R$ 551,93","R$ 93,83","R$ 28,45","R$ 79,20","R$ 156,02","R$ 194,43",4444/3
16/07/2025,AHIG0434 - Preto 127V,1,Mercado Livre - FULL,BA,Beleza,"R$ 569,00","R$ 96,73","R$ 28,45","R$ 81,65","R$ 156,02","R$ 206,15",4446/3
16/07/2025,APRF0843 - Proface sem lupa,1,Mercado Livre - FULL,PR,Biossegurança,"R$ 137,86","R$ 20,31","R$ 18,76","R$ 19,78","R$ 45,72","R$ 33,29",4448/3
16/07/2025,AHIG0839 - Branco 127V,1,Mercado Livre - FULL,SP,Beleza,"R$ 529,00","R$ 89,93","R$ 28,45","R$ 75,91","R$ 156,02","R$ 178,69",4450/3
16/07/2025,"APRF0841 - Proface c/ Lupa 2,5",1,Mercado Livre - FULL,GO,Biossegurança,"R$ 222,42","R$ 34,16","R$ 23,45","R$ 31,92","R$ 0,00","R$ 132,89",4452/3
16/07/2025,AHIG0435 - Preto 220V,1,Mercado Livre - FULL,GO,Beleza,"R$ 551,93","R$ 93,83","R$ 28,45","R$ 79,20","R$ 156,02","R$ 194,43",4454/3
16/07/2025,AHIG0434 - Preto 127V,1,Amazon BR,PA,Beleza,"R$ 559,00","R$ 96,04","R$ 0,00","R$ 80,22","R$ 156,02","R$ 226,72",070/4
17/07/2025,AHIG0434 - Preto 127V,1,Distribuidor,SP,Beleza,"R$ 333,00","R$ 0,00","R$ 0,00","R$ 86,48","R$ 156,02","R$ 90,50",/1
17/07/2025,AHIG0435 - Preto 220V,2,Distribuidor,SP,Beleza,"R$ 666,00","R$ 0,00","R$ 0,00","R$ 172,96","R$ 312,04","R$ 181,00",/1
17/07/2025,AHIG0435 - Preto 220V,1,Mercado Livre - FULL,SP,Beleza,"R$ 551,93","R$ 90,37","R$ 28,45","R$ 79,20","R$ 156,02","R$ 197,89",4456/3
17/07/2025,AHIG0839 - Branco 127V,1,Mercado Livre - FULL,PR,Beleza,"R$ 529,00","R$ 85,61","R$ 28,45","R$ 75,91","R$ 156,02","R$ 183,01",4458/3
17/07/2025,"APRF0842 - Proface c/ Lupa 3,5",1,Mercado Livre - FULL,SP,Biossegurança,"R$ 227,92","R$ 34,43","R$ 28,45","R$ 32,71","R$ 0,00","R$ 132,34",4460/3
17/07/2025,AHIG0839 - Branco 127V,1,Mercado Livre - FULL,SP,Beleza,"R$ 589,00","R$ 95,81","R$ 28,45","R$ 84,52","R$ 156,02","R$ 224,20",4463/3
17/07/2025,AHIG0840 - Branco 220V,1,Mercado Livre - FULL,SC,Beleza,"R$ 529,00","R$ 85,61","R$ 28,45","R$ 75,91","R$ 156,02","R$ 183,01",4476/3
17/07/2025,AHIG0435 - Preto 220V,1,Mercado Livre - FULL,RN,Beleza,"R$ 551,93","R$ 90,37","R$ 28,45","R$ 79,20","R$ 156,02","R$ 197,89",4462/3
17/07/2025,"APRF0841 - Proface c/ Lupa 2,5",1,Mercado Livre - FULL,DF,Biossegurança,"R$ 222,42","R$ 34,16","R$ 23,45","R$ 31,92","R$ 0,00","R$ 132,89",4465/3
18/07/2025,AHIG0840 - Branco 220V,1,Mercado Livre - FULL,RS,Beleza,"R$ 529,00","R$ 85,61","R$ 28,45","R$ 75,91","R$ 156,02","R$ 183,01",4467/3
18/07/2025,ASEL0484 - Biostamp 220V,1,Mercado Livre - Envios,AM,Biossegurança,"R$ 1.890,00","R$ 317,84","R$ 28,45","R$ 271,22","R$ 365,05","R$ 907,45",4468/3
18/07/2025,AHIG0840 - Branco 220V,1,Mercado Livre - FULL,SC,Beleza,"R$ 569,00","R$ 96,73","R$ 28,45","R$ 81,65","R$ 156,02","R$ 206,15",4470/3
20/07/2025,AHIG0435 - Preto 220V,1,Mercado Livre - FULL,SP,Beleza,"R$ 551,93","R$ 93,83","R$ 28,45","R$ 79,20","R$ 156,02","R$ 194,43",4474/3
20/07/2025,AHIG0435 - Preto 220V,1,Mercado Livre - FULL,GO,Beleza,"R$ 551,93","R$ 93,83","R$ 34,65","R$ 79,20","R$ 156,02","R$ 188,23",4487/3
20/07/2025,AHIG0435 - Preto 220V,1,Mercado Livre - FULL,SC,Beleza,"R$ 551,93","R$ 93,83","R$ 28,45","R$ 79,20","R$ 156,02","R$ 194,43",4501/3
20/07/2025,AHIG0435 - Preto 220V,1,Mercado Livre - FULL,RS,Beleza,"R$ 551,93","R$ 93,83","R$ 28,45","R$ 79,20","R$ 156,02","R$ 194,43",4478/3
20/07/2025,AHIG0435 - Preto 220V,2,Mercado Livre - FULL,SP,Beleza,"R$ 1.103,86","R$ 187,66","R$ 187,66","R$ 158,40","R$ 312,04","R$ 258,10",4480/3
20/07/2025,AHIG0434 - Preto 127V,1,Amazon BR,RJ,Beleza,"R$ 559,00","R$ 99,50","R$ 8,90","R$ 80,22","R$ 156,02","R$ 214,36",072/4
21/07/2025,AHIG0435 - Preto 220V,1,Venda direta,AM,Beleza,"R$ 603,65","R$ 0,00","R$ 34,65","R$ 86,62","R$ 156,02","R$ 326,36",/1
21/07/2025,AHIG0434 - Preto 127V,1,Mercado Livre - FULL,RJ,Beleza,"R$ 529,00","R$ 89,93","R$ 28,45","R$ 75,91","R$ 156,02","R$ 178,69",4482/3
21/07/2025,AHIG0435 - Preto 220V,1,Mercado Livre - Envios,SP,Beleza,"R$ 589,00","R$ 96,67","R$ 26,95","R$ 84,52","R$ 156,02","R$ 224,84",4485/3
21/07/2025,AHIG0434 - Preto 127V,1,Distribuidor,SP,Beleza,"R$ 333,00","R$ 0,00","R$ 0,00","R$ 86,48","R$ 156,02","R$ 90,50",/1
21/07/2025,AHIG0435 - Preto 220V,1,Distribuidor,SP,Beleza,"R$ 333,00","R$ 0,00","R$ 0,00","R$ 86,48","R$ 156,02","R$ 90,50",/1
21/07/2025,AHIG0435 - Preto 220V,1,Mercado Livre - FULL,SP,Beleza,"R$ 551,93","R$ 93,83","R$ 28,45","R$ 79,20","R$ 156,02","R$ 194,43",4484/3
21/07/2025,AHIG0435 - Preto 220V,1,Mercado Livre - FULL,PI,Beleza,"R$ 551,93","R$ 93,83","R$ 28,45","R$ 79,20","R$ 156,02","R$ 194,43",4551/3
21/07/2025,AHIG0412 - Roxo 127V,1,Mercado Livre - FULL,SE,Beleza,"R$ 569,00","R$ 96,73","R$ 28,45","R$ 81,65","R$ 156,02","R$ 206,15",4489/3
21/07/2025,"APRF0841 - Proface c/ Lupa 2,5",1,Mercado Livre - FULL,PR,Biossegurança,"R$ 222,42","R$ 37,81","R$ 23,45","R$ 31,92","R$ 0,00","R$ 129,24",4491/3
21/07/2025,AHIG0414 - Roxo 220V,1,Mercado Livre - FULL,PE,Beleza,"R$ 569,00","R$ 96,73","R$ 28,45","R$ 81,65","R$ 156,02","R$ 206,15",4495/3
21/07/2025,AHIG0412 - Roxo 127V,1,Mercado Livre - FULL,MG,Beleza,"R$ 569,00","R$ 96,73","R$ 28,45","R$ 81,65","R$ 156,02","R$ 206,15",4499/3
21/07/2025,AHIG0839 - Branco 127V,1,Mercado Livre - Envios,ES,Beleza,"R$ 589,00","R$ 100,13","R$ 23,45","R$ 84,52","R$ 156,02","R$ 224,88",4504/3
21/07/2025,AHIG0435 - Preto 220V,1,Mercado Livre - FULL,RN,Beleza,"R$ 551,93","R$ 93,83","R$ 28,45","R$ 79,20","R$ 156,02","R$ 194,43",4503/3
22/07/2025,AHIG0414 - Roxo 220V,1,Mercado Livre - FULL,SP,Beleza,"R$ 569,00","R$ 96,73","R$ 28,45","R$ 81,65","R$ 156,02","R$ 206,15",4506/3
22/07/2025,AHIG0435 - Preto 220V,1,Mercado Livre - Envios,SC,Beleza,"R$ 589,00","R$ 100,13","R$ 26,95","R$ 84,52","R$ 156,02","R$ 221,38",4507/3
22/07/2025,AHIG0435 - Preto 220V,1,Mercado Livre - FULL,RS,Beleza,"R$ 551,93","R$ 93,83","R$ 28,45","R$ 79,20","R$ 156,02","R$ 194,43",4509/3
22/07/2025,AHIG0435 - Preto 220V,1,Mercado Livre - Envios,MG,Beleza,"R$ 589,00","R$ 100,13","R$ 26,95","R$ 84,52","R$ 156,02","R$ 221,38",4510/3
23/07/2025,AHIG0412 - Roxo 127V,1,Amazon BR,RJ,Beleza,"R$ 569,00","R$ 101,28","R$ 8,90","R$ 81,65","R$ 156,02","R$ 221,15",076/4
23/07/2025,AHIG0435 - Preto 220V,1,Mercado Livre - FULL,DF,Beleza,"R$ 551,93","R$ 93,83","R$ 28,45","R$ 79,20","R$ 156,02","R$ 194,43",4516/3
23/07/2025,APRF0843 - Proface sem lupa,1,Mercado Livre - FULL,SP,Biossegurança,"R$ 137,89","R$ 23,44","R$ 18,76","R$ 19,79","R$ 45,72","R$ 30,18",4512/3
23/07/2025,AHIG0435 - Preto 220V,1,Mercado Livre - FULL,RS,Beleza,"R$ 551,93","R$ 93,83","R$ 28,45","R$ 79,20","R$ 156,02","R$ 194,43",4514/3
24/07/2025,APRF0843 - Proface sem lupa,1,Mercado Livre - FULL,BA,Biossegurança,"R$ 137,86","R$ 23,44","R$ 18,76","R$ 19,78","R$ 45,72","R$ 30,16",4525/3
24/07/2025,AHIG0435 - Preto 220V,1,Mercado Livre - FULL,BA,Beleza,"R$ 1.103,86","R$ 187,66","R$ 56,90","R$ 158,40","R$ 156,02","R$ 544,88",4523/3
24/07/2025,APRF0843 - Proface sem lupa,1,Mercado Livre - FULL,PR,Biossegurança,"R$ 137,86","R$ 23,44","R$ 18,76","R$ 19,78","R$ 45,72","R$ 30,16",4519/3
24/07/2025,AHIG0839 - Branco 127V,1,Amazon BR,RJ,Beleza,"R$ 569,00","R$ 101,28","R$ 8,90","R$ 81,65","R$ 156,02","R$ 221,15",78/4
24/07/2025,AHIG0435 - Preto 220V,1,Mercado Livre - FULL,SP,Beleza,"R$ 551,93","R$ 93,83","R$ 28,45","R$ 79,20","R$ 156,02","R$ 194,43",4521/3
25/07/2025,AHIG0435 - Preto 220V,1,Mercado Livre - FULL,RJ,Beleza,"R$ 551,93","R$ 93,83","R$ 28,45","R$ 79,20","R$ 156,02","R$ 194,43",4531/3
25/07/2025,AHIG0435 - Preto 220V,1,Mercado Livre - FULL,MG,Beleza,"R$ 551,93","R$ 93,83","R$ 28,45","R$ 79,20","R$ 156,02","R$ 194,43",4527/3
25/07/2025,"APRF0842 - Proface c/ Lupa 3,5",1,Mercado Livre - FULL,RS,Biossegurança,"R$ 227,92","R$ 38,75","R$ 23,45","R$ 32,71","R$ 0,00","R$ 133,02",4529/3
26/07/2025,AHIG0435 - Preto 220V,1,Mercado Livre - FULL,MA,Beleza,"R$ 551,93","R$ 93,83","R$ 28,45","R$ 79,20","R$ 156,02","R$ 194,43",4533/3
28/07/2025,AHIG0434 - Preto 127V,1,Distribuidor,SP,Beleza,"R$ 333,00","R$ 0,00","R$ 0,00","R$ 86,48","R$ 156,02","R$ 90,50",/1
28/07/2025,AHIG0435 - Preto 220V,2,Distribuidor,SP,Beleza,"R$ 666,00","R$ 0,00","R$ 0,00","R$ 172,96","R$ 312,04","R$ 181,00",/1
28/07/2025,APRF0843 - Proface sem lupa,1,Mercado Livre - FULL,RJ,Biossegurança,"R$ 137,86","R$ 23,44","R$ 18,76","R$ 19,78","R$ 45,72","R$ 30,16",4535/3
28/07/2025,"APRF0842 - Proface c/ Lupa 3,5",1,Mercado Livre - FULL,SP,Biossegurança,"R$ 227,92","R$ 38,75","R$ 23,45","R$ 32,71","R$ 0,00","R$ 133,02",4537/3
28/07/2025,AHIG0434 - Preto 127V,1,Magalu,GO,Beleza,"R$ 569,00","R$ 84,21","R$ 0,00","R$ 81,65","R$ 156,02","R$ 247,12",966/2
28/07/2025,AHIG0435 - Preto 220V,1,Magalu,SP,Beleza,"R$ 569,00","R$ 84,21","R$ 0,00","R$ 81,65","R$ 156,02","R$ 247,12",967/2
28/07/2025,AHIG0840 - Branco 220V,1,Mercado Livre - Envios,DF,Beleza,"R$ 589,00","R$ 100,13","R$ 26,95","R$ 84,52","R$ 156,02","R$ 221,38",4541/3
29/07/2025,AHIG0434 - Preto 127V,1,Loja Integrada - PagSeguro,SP,Beleza,"R$ 592,23",#N/A,"R$ 23,23","R$ 84,99","R$ 156,02",#N/A,968/2
29/07/2025,AHIG0839 - Branco 127V,1,Amazon BR,SP,Beleza,"R$ 569,00","R$ 101,28","R$ 27,95","R$ 81,65","R$ 156,02","R$ 202,10",969/2
29/07/2025,AHIG0434 - Preto 127V,1,Mercado Livre - FULL,ES,Beleza,"R$ 569,00","R$ 96,73","R$ 28,45","R$ 81,65","R$ 156,02","R$ 206,15",4540/3
29/07/2025,AHIG0412 - Roxo 127V,1,Mercado Livre - FULL,MG,Beleza,"R$ 569,00","R$ 96,73","R$ 28,45","R$ 81,65","R$ 156,02","R$ 206,15",4543/3
29/07/2025,AHIG0414 - Roxo 220V,1,Mercado Livre - FULL,BA,Beleza,"R$ 569,00","R$ 96,73","R$ 28,45","R$ 81,65","R$ 156,02","R$ 206,15",4545/3
29/07/2025,"APRF0841 - Proface c/ Lupa 2,5",1,Mercado Livre - FULL,MG,Biossegurança,"R$ 222,42","R$ 37,81","R$ 23,45","R$ 31,92","R$ 0,00","R$ 129,24",4547/3
29/07/2025,AHIG0414 - Roxo 220V,1,Mercado Livre - FULL,SP,Beleza,"R$ 569,00","R$ 96,73","R$ 23,45","R$ 81,65","R$ 156,02","R$ 211,15",4549/3
29/07/2025,AHIG0434 - Preto 127V,2,Distribuidor,sp,Beleza,"R$ 666,00","R$ 0,00","R$ 0,00","R$ 172,96","R$ 312,04","R$ 181,00",/1
30/07/2025,AHIG0414 - Roxo 220V,1,Mercado Livre - Envios,RN,Beleza,"R$ 589,00","R$ 100,13","R$ 26,95","R$ 84,52","R$ 156,02","R$ 221,38",4552/3
30/07/2025,AHIG0840 - Branco 220V,1,Mercado Livre - FULL,RN,Beleza,"R$ 569,00","R$ 96,73","R$ 28,45","R$ 81,65","R$ 156,02","R$ 206,15",4554/3
30/07/2025,AHIG0434 - Preto 127V,1,Mercado Livre - FULL,SP,Beleza,"R$ 569,00","R$ 96,73","R$ 28,45","R$ 81,65","R$ 156,02","R$ 206,15",4556/3
30/07/2025,AHIG0414 - Roxo 220V,1,Mercado Livre - FULL,SP,Beleza,"R$ 569,00","R$ 96,73","R$ 28,45","R$ 81,65","R$ 156,02","R$ 206,15",4558/3
30/07/2025,AHIG0434 - Preto 127V,1,Mercado Livre - FULL,PA,Beleza,"R$ 569,00","R$ 96,73","R$ 28,45","R$ 81,65","R$ 156,02","R$ 206,15",4561/3
31/07/2025,AHIG0840 - Branco 220V,1,Mercado Livre - FULL,SP,Beleza,"R$ 569,00","R$ 96,73","R$ 28,45","R$ 81,65","R$ 156,02","R$ 206,15",4563/3
31/07/2025,CTAP1300 - Tampa Cores Shiva,2,Loja integrada - Pix,RJ,Beleza,"R$ 35,46","R$ 0,71","R$ 23,46","R$ 5,09","R$ 0,00","R$ 6,20",970/2
31/07/2025,AHIG0434 - Preto 127V,1,Mercado Livre - FULL,SP,Beleza,"R$ 569,00","R$ 96,73","R$ 28,45","R$ 81,65","R$ 156,02","R$ 206,15",4565/3
31/07/2025,AHIG0434 - Preto 127V,1,Mercado Livre - Envios,SP,Beleza,"R$ 569,00","R$ 96,73","R$ 26,95","R$ 81,65","R$ 156,02","R$ 207,65",4566/3
31/07/2025,AHIG0434 - Preto 127V,1,Mercado Livre - FULL,PA,Beleza,"R$ 569,00","R$ 96,73","R$ 28,45","R$ 81,65","R$ 156,02","R$ 206,15",4569/3
01/08/2025,AHIG0840 - Branco 220V,1,Mercado Livre - Envios,SP,Beleza,"R$ 589,00","R$ 100,13","R$ 26,95","R$ 84,52","R$ 156,02","R$ 221,38",4570/3
01/08/2025,AHIG0434 - Preto 127V,1,Mercado Livre - Envios,PR,Beleza,"R$ 589,00","R$ 100,13","R$ 26,95","R$ 84,52","R$ 156,02","R$ 221,38",4573/3
01/08/2025,AHIG0435 - Preto 220V,2,Mercado Livre - Envios,GO,Beleza,"R$ 1.178,00","R$ 200,26","R$ 53,90","R$ 169,04","R$ 312,04","R$ 442,76",4640/3
01/08/2025,AHIG0435 - Preto 220V,2,Mercado Livre - Envios,MA,Beleza,"R$ 1.178,00","R$ 200,26","R$ 53,90","R$ 169,04","R$ 312,04","R$ 442,76",4641/3
02/08/2025,AHIG0412 - Roxo 127V,1,Mercado Livre - FULL,SP,Beleza,"R$ 569,00","R$ 96,73","R$ 28,45","R$ 81,65","R$ 156,02","R$ 206,15",4595/3
02/08/2025,AHIG0434 - Preto 127V,1,Mercado Livre - FULL,SP,Beleza,"R$ 569,00","R$ 96,73","R$ 28,45","R$ 81,65","R$ 156,02","R$ 206,15",4601/3
02/08/2025,AHIG0434 - Preto 127V,1,Mercado Livre - FULL,SP,Beleza,"R$ 569,00","R$ 96,73","R$ 28,45","R$ 81,65","R$ 156,02","R$ 206,15",4603/3
02/08/2025,AHIG0839 - Branco 127V,1,Mercado Livre - Envios,RJ,Beleza,"R$ 589,00","R$ 100,13","R$ 28,45","R$ 84,52","R$ 156,02","R$ 219,88",4642/3
02/08/2025,AHIG0435 - Preto 220V,1,Mercado Livre - Envios,BA,Beleza,"R$ 589,00","R$ 100,13","R$ 28,45","R$ 84,52","R$ 156,02","R$ 219,88",4643/3
02/08/2025,AHIG0434 - Preto 127V,1,Mercado Livre - FULL,SP,Beleza,"R$ 569,00","R$ 96,73","R$ 28,45","R$ 81,65","R$ 156,02","R$ 206,15",4635/3
02/08/2025,AHIG0435 - Preto 220V,1,Mercado Livre - Envios,GO,Beleza,"R$ 589,00","R$ 100,13","R$ 26,95","R$ 84,52","R$ 156,02","R$ 221,38",4644/3
02/08/2025,AHIG0435 - Preto 220V,1,Mercado Livre - Envios,SC,Beleza,"R$ 589,00","R$ 100,13","R$ 26,95","R$ 84,52","R$ 156,02","R$ 221,38",4645/3
04/08/2025,AHIG0435 - Preto 220V,1,Mercado Livre - Envios,SP,Beleza,"R$ 589,00","R$ 100,13","R$ 26,95","R$ 84,52","R$ 156,02","R$ 221,38",4646/3
04/08/2025,AHIG0435 - Preto 220V,1,Distribuidor,SP,Beleza,"R$ 333,00","R$ 0,00","R$ 0,00","R$ 86,48","R$ 156,02","R$ 90,50",/1
04/08/2025,AHIG0434 - Preto 127V,1,Venda direta,SP,Beleza,"R$ 587,60","R$ 0,00","R$ 18,60","R$ 84,32","R$ 156,02","R$ 328,66",/1
04/08/2025,AHIG0412 - Roxo 127V,1,Mercado Livre - FULL,PR,Beleza,"R$ 569,00","R$ 96,73","R$ 28,45","R$ 81,65","R$ 156,02","R$ 206,15",4648/3
04/08/2025,AHIG0434 - Preto 127V,1,Mercado Livre - FULL,RS,Beleza,"R$ 569,00","R$ 96,73","R$ 28,45","R$ 81,65","R$ 156,02","R$ 206,15",4650/3
04/08/2025,AHIG0435 - Preto 220V,1,Mercado Livre - Envios,SP,Beleza,"R$ 589,00","R$ 100,13","R$ 26,95","R$ 84,52","R$ 156,02","R$ 221,38",4651/3
05/08/2025,AHIG0412 - Roxo 127V,1,Mercado Livre - FULL,RJ,Beleza,"R$ 569,00","R$ 96,73","R$ 28,45","R$ 81,65","R$ 156,02","R$ 206,15",4653/3
05/08/2025,AHIG0435 - Preto 220V,1,Distribuidor,SP,Beleza,"R$ 333,00","R$ 0,00","R$ 0,00","R$ 86,48","R$ 156,02","R$ 90,50",/1
05/08/2025,AHIG0434 - Preto 127V,1,Magalu,SP,Beleza,"R$ 569,00","R$ 84,21","R$ 0,00","R$ 81,65","R$ 156,02","R$ 247,12",971/2
05/08/2025,AHIG0435 - Preto 220V,1,Mercado Livre - FULL,ES,Beleza,"R$ 569,00","R$ 96,73","R$ 28,45","R$ 81,65","R$ 156,02","R$ 206,15",4655/3
05/08/2025,AHIG0435 - Preto 220V,1,Mercado Livre - FULL,MT,Beleza,"R$ 569,00","R$ 96,73","R$ 28,45","R$ 81,65","R$ 156,02","R$ 206,15",4678/3
05/08/2025,AHIG0435 - Preto 220V,1,Mercado Livre - FULL,SP,Beleza,"R$ 569,00","R$ 96,73","R$ 28,45","R$ 81,65","R$ 156,02","R$ 206,15",4657/3
06/08/2025,AHIG0434 - Preto 127V,1,Distribuidor,SP,Beleza,"R$ 333,00","R$ 0,00","R$ 0,00","R$ 86,48","R$ 156,02","R$ 90,50",/1
06/08/2025,AHIG0839 - Branco 127V,1,Amazon BR,AM,Beleza,"R$ 569,00","R$ 101,28","R$ 0,00","R$ 81,65","R$ 156,02","R$ 230,05",81/4
07/08/2025,CTAP1549 - Tampa Fumê,1,Loja integrada - Pix,SP,Beleza,"R$ 47,32","R$ 0,95","R$ 18,22","R$ 6,79","R$ 30,00","-R$ 8,64",972/2
07/08/2025,AHIG0434 - Preto 127V,1,Mercado Livre - Envios,RJ,Beleza,"R$ 589,00","R$ 100,13","R$ 26,95","R$ 84,52","R$ 156,02","R$ 221,38",4659/3
07/08/2025,AHIG0435 - Preto 220V,4,Loja integrada - Pix,SP,Beleza,"R$ 2.276,00","R$ 45,52","R$ 119,80","R$ 326,61","R$ 624,08","R$ 1.159,99",973/2
07/08/2025,AHIG0840 - Branco 220V,1,Mercado Livre - FULL,RS,Beleza,"R$ 569,00","R$ 96,73","R$ 28,45","R$ 81,65","R$ 156,02","R$ 206,15",4661/3
07/08/2025,AHIG0434 - Preto 127V,1,Mercado Livre - FULL,RJ,Beleza,"R$ 569,00","R$ 96,73","R$ 28,45","R$ 81,65","R$ 156,02","R$ 206,15",4665/3
07/08/2025,AHIG0435 - Preto 220V,1,Mercado Livre - FULL,SC,Beleza,"R$ 569,00","R$ 96,73","R$ 28,45","R$ 81,65","R$ 156,02","R$ 206,15",4667/3
07/08/2025,AHIG0434 - Preto 127V,1,Mercado Livre - FULL,SP,Beleza,"R$ 569,00","R$ 96,73","R$ 28,45","R$ 81,65","R$ 156,02","R$ 206,15",4663/3
08/08/2025,AHIG0435 - Preto 220V,1,Mercado Livre - FULL,SP,Beleza,"R$ 569,00","R$ 96,73","R$ 28,45","R$ 81,65","R$ 156,02","R$ 206,15",4673/3
08/08/2025,AHIG0434 - Preto 127V,1,Amazon BR,SP,Beleza,"R$ 559,00","R$ 99,50","R$ 8,90","R$ 80,22","R$ 156,02","R$ 214,36",83/4
08/08/2025,"APRF0841 - Proface c/ Lupa 2,5",1,Mercado Livre - FULL,SP,Biossegurança,"R$ 259,00","R$ 44,03","R$ 23,45","R$ 37,17","R$ 0,00","R$ 154,35",4676/3
08/08/2025,AHIG0435 - Preto 220V,1,Mercado Livre - FULL,MA,Beleza,"R$ 569,00","R$ 96,73","R$ 28,45","R$ 81,65","R$ 156,02","R$ 206,15",4671/3
09/08/2025,AHIG0435 - Preto 220V,1,Mercado Livre - FULL,TO,Beleza,"R$ 569,00","R$ 96,73","R$ 28,45","R$ 81,65","R$ 156,02","R$ 206,15",4678/3
10/08/2025,"APRF0841 - Proface c/ Lupa 2,5",1,Mercado Livre - FULL,RS,Biossegurança,"R$ 259,00","R$ 44,03","R$ 23,45","R$ 37,17","R$ 0,00","R$ 154,35",4683/3
10/08/2025,AHIG0434 - Preto 127V,1,Mercado Livre - FULL,SP,Beleza,"R$ 569,00","R$ 96,73","R$ 28,45","R$ 81,65","R$ 156,02","R$ 206,15",4680/3
11/08/2025,AHIG0435 - Preto 220V,1,Mercado Livre - Envios,SP,Beleza,"R$ 589,00","R$ 100,13","R$ 26,95","R$ 84,52","R$ 156,02","R$ 221,38",4684/3
11/08/2025,AHIG0435 - Preto 220V,1,Distribuidor,SP,Beleza,"R$ 333,00","R$ 0,00","R$ 0,00","R$ 86,48","R$ 156,02","R$ 90,50",/1
12/08/2025,AHIG0434 - Preto 127V,1,Distribuidor,SP,Beleza,"R$ 333,00","R$ 0,00","R$ 0,00","R$ 86,48","R$ 156,02","R$ 90,50",/1
12/08/2025,AHIG0435 - Preto 220V,1,Mercado Livre - Envios,SC,Beleza,"R$ 589,00","R$ 100,13","R$ 26,95","R$ 84,52","R$ 156,02","R$ 221,38",4685/3
12/08/2025,AHIG0434 - Preto 127V,1,Mercado Livre - FULL,BA,Beleza,"R$ 569,00","R$ 96,73","R$ 28,45","R$ 81,65","R$ 156,02","R$ 206,15",4734/3
13/08/2025,AHIG0839 - Branco 127V,1,Mercado Livre - FULL,RJ,Beleza,"R$ 569,00","R$ 96,73","R$ 28,45","R$ 81,65","R$ 156,02","R$ 206,15",4724/3
13/08/2025,AHIG0434 - Preto 127V,1,Mercado Livre - FULL,SP,Beleza,"R$ 551,93","R$ 93,83","R$ 28,45","R$ 79,20","R$ 156,02","R$ 194,43",4719/3
13/08/2025,AHIG0435 - Preto 220V,1,Mercado Livre - Envios,SP,Beleza,"R$ 589,00","R$ 100,13","R$ 26,95","R$ 84,52","R$ 156,02","R$ 221,38",4706/3
13/08/2025,"APRF0842 - Proface c/ Lupa 3,5",1,Mercado Livre - FULL,SP,Biossegurança,"R$ 259,00","R$ 44,03","R$ 23,45","R$ 37,17","R$ 0,00","R$ 154,35",4718/3
13/08/2025,AHIG0435 - Preto 220V,1,Mercado Livre - FULL,PB,Beleza,"R$ 569,00","R$ 96,73","R$ 28,45","R$ 81,65","R$ 156,02","R$ 206,15",4722/3
13/08/2025,AHIG0840 - Branco 220V,1,Mercado Livre - FULL,SC,Beleza,"R$ 569,00","R$ 96,73","R$ 28,45","R$ 81,65","R$ 156,02","R$ 206,15",4782/3
14/08/2025,AHIG0434 - Preto 127V,1,Mercado Livre - Envios,MG,Beleza,"R$ 589,00","R$ 100,13","R$ 26,95","R$ 84,52","R$ 156,02","R$ 221,38",4818/3
15/08/2025,APRF0843 - Proface sem lupa,1,Mercado Livre - FULL,RS,Biossegurança,"R$ 136,76","R$ 23,25","R$ 18,76","R$ 19,63","R$ 45,72","R$ 29,41",4788/3
15/08/2025,AHIG0435 - Preto 220V,1,Mercado Livre - FULL,GO,Beleza,"R$ 569,00","R$ 96,73","R$ 18,76","R$ 81,65","R$ 156,02","R$ 215,84",4790/3
15/08/2025,AHIG0434 - Preto 127V,1,Mercado Livre - FULL,SP,Beleza,"R$ 551,93","R$ 93,83","R$ 18,76","R$ 79,20","R$ 156,02","R$ 204,12",4794/3
15/08/2025,AHIG0840 - Branco 220V,1,Mercado Livre - FULL,PE,Beleza,"R$ 569,00","R$ 96,73","R$ 18,76","R$ 81,65","R$ 156,02","R$ 215,84",4813/3
15/08/2025,AHIG0435 - Preto 220V,1,Mercado Livre - FULL,MG,Beleza,"R$ 569,00","R$ 96,73","R$ 18,76","R$ 81,65","R$ 156,02","R$ 215,84",4809/3
16/08/2025,AHIG0435 - Preto 220V,1,Mercado Livre - FULL,SP,Beleza,"R$ 569,00","R$ 96,73","R$ 18,76","R$ 81,65","R$ 156,02","R$ 215,84",4811/3
17/08/2025,AHIG0840 - Branco 220V,1,Mercado Livre - FULL,CE,Beleza,"R$ 569,00","R$ 96,73","R$ 18,76","R$ 81,65","R$ 156,02","R$ 215,84",4815/3
17/08/2025,AHIG0435 - Preto 220V,1,Mercado Livre - FULL,MG,Beleza,"R$ 569,00","R$ 96,73","R$ 28,45","R$ 81,65","R$ 156,02","R$ 206,15",4817/3
18/08/2025,AHIG0839 - Branco 127V,1,Mercado Livre - FULL,SC,Beleza,"R$ 569,00","R$ 96,73","R$ 28,45","R$ 81,65","R$ 156,02","R$ 206,15",4826/3
18/08/2025,AHIG0435 - Preto 220V,1,Mercado Livre - FULL,SP,Beleza,"R$ 569,00","R$ 96,73","R$ 28,45","R$ 81,65","R$ 156,02","R$ 206,15",4820/3
18/08/2025,AHIG0435 - Preto 220V,20,Distribuidor,SP,Beleza,"R$ 3.400,00","R$ 0,00","R$ 320,00","R$ 882,98","R$ 3.120,40","-R$ 923,38",102263/1
18/08/2025,AHIG0412 - Roxo 127V,1,Mercado Livre - FULL,RJ,Beleza,"R$ 551,93","R$ 93,83","R$ 28,45","R$ 79,20","R$ 156,02","R$ 194,43",4822/3
19/08/2025,AHIG0839 - Branco 127V,1,Mercado Livre - FULL,MS,Beleza,"R$ 569,00","R$ 96,73","R$ 28,45","R$ 81,65","R$ 156,02","R$ 206,15",4824/3
20/08/2025,AHIG0435 - Preto 220V,1,Mercado Livre - FULL,RJ,Beleza,"R$ 569,00","R$ 96,73","R$ 28,45","R$ 81,65","R$ 156,02","R$ 206,15",4829/3
20/08/2025,"APRF0842 - Proface c/ Lupa 3,5",1,Mercado Livre - FULL,AC,Biossegurança,"R$ 226,11","R$ 38,44","R$ 23,45","R$ 32,45","R$ 0,00","R$ 131,77",4836/3
20/08/2025,AHIG0840 - Branco 220V,1,Mercado Livre - FULL,SP,Beleza,"R$ 569,00","R$ 96,73","R$ 28,45","R$ 81,65","R$ 156,02","R$ 206,15",4831/3
20/08/2025,AHIG0435 - Preto 220V,1,Mercado Livre - FULL,PE,Beleza,"R$ 569,00","R$ 96,73","R$ 28,45","R$ 81,65","R$ 156,02","R$ 206,15",4833/3
21/08/2025,AHIG0435 - Preto 220V,1,Distribuidor,SP,Beleza,"R$ 333,00","R$ 0,00","R$ 0,00","R$ 86,48","R$ 156,02","R$ 90,50",/1
21/08/2025,CTAP1300 - Tampa Cores Shiva,2,Loja integrada - Pix,SP,Beleza,"R$ 28,10","R$ 0,56","R$ 16,47","R$ 4,03","R$ 0,00","R$ 7,04",974/2
21/08/2025,AHIG0434 - Preto 127V,2,Distribuidor,SP,Beleza,"R$ 666,00","R$ 0,00","R$ 0,00","R$ 172,96","R$ 312,04","R$ 181,00",/1
21/08/2025,"APRF0842 - Proface c/ Lupa 3,5",1,Mercado Livre - FULL,SP,Biossegurança,"R$ 259,00","R$ 44,03","R$ 23,45","R$ 37,17","R$ 0,00","R$ 154,35",4844/3
22/08/2025,AHIG0435 - Preto 220V,1,Mercado Livre - FULL,PB,Beleza,"R$ 569,00","R$ 96,73","R$ 28,45","R$ 81,65","R$ 156,02","R$ 206,15",4838/3
22/08/2025,AHIG0840 - Branco 220V,1,Mercado Livre - FULL,SP,Beleza,"R$ 540,55","R$ 91,89","R$ 28,45","R$ 77,57","R$ 156,02","R$ 186,62",4842/3
22/08/2025,AHIG0840 - Branco 220V,1,Amazon BR,GO,Beleza,"R$ 569,00","R$ 101,28","R$ 28,45","R$ 81,65","R$ 156,02","R$ 201,60",85/4
23/08/2025,AHIG0435 - Preto 220V,1,Mercado Livre - FULL,GO,Beleza,"R$ 569,00","R$ 96,73","R$ 28,45","R$ 81,65","R$ 156,02","R$ 206,15",4846/3
23/08/2025,AHIG0435 - Preto 220V,1,Amazon BR,RJ,Beleza,"R$ 569,00","R$ 101,28","R$ 0,00","R$ 81,65","R$ 156,02","R$ 230,05",87/4
25/08/2025,AHIG0435 - Preto 220V,3,Distribuidor,SP,Beleza,"R$ 999,00","R$ 0,00","R$ 0,00","R$ 259,44","R$ 468,06","R$ 271,50",/1
25/08/2025,AHIG0435 - Preto 220V,1,Mercado Livre - FULL,SC,Beleza,"R$ 569,00","R$ 96,73","R$ 28,45","R$ 81,65","R$ 156,02","R$ 206,15",4852/3
25/08/2025,"APRF0841 - Proface c/ Lupa 2,5",1,Mercado Livre - FULL,SP,Biossegurança,"R$ 259,00","R$ 44,03","R$ 23,45","R$ 37,17","R$ 0,00","R$ 154,35",4848/3
25/08/2025,AHIG0435 - Preto 220V,1,Mercado Livre - FULL,CE,Beleza,"R$ 569,00","R$ 96,73","R$ 28,45","R$ 81,65","R$ 156,02","R$ 206,15",4850/3
25/08/2025,"APRF0842 - Proface c/ Lupa 3,5",1,Mercado Livre - FULL,SP,Biossegurança,"R$ 226,11","R$ 38,44","R$ 23,45","R$ 32,45","R$ 0,00","R$ 131,77",4854/3
25/08/2025,AHIG0839 - Branco 127V,1,Mercado Livre - FULL,SP,Beleza,"R$ 569,00","R$ 96,73","R$ 28,45","R$ 81,65","R$ 156,02","R$ 206,15",4856/3
27/08/2025,AHIG0435 - Preto 220V,1,Mercado Livre - FULL,SP,Beleza,"R$ 569,00","R$ 96,73","R$ 28,45","R$ 81,65","R$ 156,02","R$ 206,15",4861/3
27/08/2025,ASEL0484 - Biostamp 220V,1,Mercado Livre - Envios,RJ,Biossegurança,"R$ 1.769,00","R$ 300,73","R$ 28,45","R$ 253,85","R$ 365,05","R$ 820,92",4859/3
27/08/2025,AHIG0434 - Preto 127V,2,Amazon BR,DF,Beleza,"R$ 1.118,00","R$ 199,00","R$ 0,00","R$ 160,43","R$ 312,04","R$ 446,52",89/4
27/08/2025,ALAV0378 - Cuba Ultrassonica 220V,1,Magalu,MS,Biossegurança,"R$ 1.205,00","R$ 178,34","R$ 0,00","R$ 172,92","R$ 343,77","R$ 509,97",975/2
28/08/2025,AHIG0435 - Preto 220V,1,Distribuidor,SP,Beleza,"R$ 333,00","R$ 0,00","R$ 0,00","R$ 86,48","R$ 156,02","R$ 90,50",/1
28/08/2025,AHIG0414 - Roxo 220V,1,Mercado Livre - FULL,SP,Beleza,"R$ 551,93","R$ 93,83","R$ 28,45","R$ 79,20","R$ 156,02","R$ 194,43",4863/3
29/08/2025,AHIG0434 - Preto 127V,1,Mercado Livre - FULL,PA,Beleza,"R$ 551,93","R$ 93,83","R$ 28,45","R$ 79,20","R$ 156,02","R$ 194,43",4866/3
29/08/2025,AHIG0435 - Preto 220V,1,Mercado Livre - FULL,CE,Beleza,"R$ 569,00","R$ 96,73","R$ 28,45","R$ 81,65","R$ 156,02","R$ 206,15",4874/3
29/08/2025,AHIG0435 - Preto 220V,1,Mercado Livre - FULL,RS,Beleza,"R$ 569,00","R$ 96,73","R$ 28,45","R$ 81,65","R$ 156,02","R$ 206,15",4868/3
29/08/2025,AHIG0435 - Preto 220V,1,Loja Integrada - PagSeguro,MT,Beleza,"R$ 594,85",#N/A,"R$ 28,45","R$ 85,36","R$ 156,02",#N/A,976/2
30/08/2025,AHIG0434 - Preto 127V,1,Mercado Livre - FULL,ES,Beleza,"R$ 551,93","R$ 93,83","R$ 28,45","R$ 79,20","R$ 156,02","R$ 194,43",4872/3
31/08/2025,AHIG0840 - Branco 220V,1,Mercado Livre - FULL,SP,Beleza,"R$ 569,00","R$ 96,73","R$ 28,45","R$ 81,65","R$ 156,02","R$ 206,15",4876/3
31/08/2025,AHIG0435 - Preto 220V,1,Mercado Livre - FULL,MG,Beleza,"R$ 569,00","R$ 96,73","R$ 28,45","R$ 81,65","R$ 156,02","R$ 206,15",4878/3
01/09/2025,AHIG0435 - Preto 220V,1,Mercado Livre - Envios,CE,Beleza,"R$ 589,00","R$ 100,13","R$ 28,45","R$ 84,52","R$ 156,02","R$ 219,88",4881/3
01/09/2025,AHIG0435 - Preto 220V,1,Mercado Livre - FULL,MG,Beleza,"R$ 569,00","R$ 96,73","R$ 28,45","R$ 81,65","R$ 156,02","R$ 206,15",4880/3
01/09/2025,AHIG0840 - Branco 220V,1,Mercado Livre - FULL,PB,Beleza,"R$ 569,00","R$ 96,73","R$ 28,45","R$ 81,65","R$ 156,02","R$ 206,15",4885/3
01/09/2025,AHIG0435 - Preto 220V,2,Mercado Livre - FULL,SP,Beleza,"R$ 1.138,00","R$ 193,46","R$ 56,90","R$ 163,30","R$ 312,04","R$ 412,30",4888/3
02/09/2025,AHIG0414 - Roxo 220V,1,Magalu,RS,Beleza,"R$ 569,00","R$ 84,21","R$ 0,00","R$ 81,65","R$ 156,02","R$ 247,12",977/2
02/09/2025,AHIG0434 - Preto 127V,1,Mercado Livre - FULL,SP,Beleza,"R$ 569,00","R$ 96,73","R$ 28,45","R$ 81,65","R$ 156,02","R$ 206,15",4890/3
03/09/2025,AHIG0839 - Branco 127V,1,Loja integrada - Pix,SP,Beleza,"R$ 569,00","R$ 11,38","R$ 23,23","R$ 81,65","R$ 156,02","R$ 296,72",978/2
03/09/2025,AHIG0434 - Preto 127V,1,Mercado Livre - Envios,SP,Beleza,"R$ 569,00","R$ 96,73","R$ 26,95","R$ 81,65","R$ 156,02","R$ 207,65",4909/3
03/09/2025,AHIG0839 - Branco 127V,1,Mercado Livre - FULL,MG,Beleza,"R$ 569,00","R$ 96,73","R$ 28,45","R$ 81,65","R$ 156,02","R$ 206,15",4892/3
03/09/2025,AHIG0435 - Preto 220V,1,Mercado Livre - FULL,RS,Beleza,"R$ 569,00","R$ 96,73","R$ 28,45","R$ 81,65","R$ 156,02","R$ 206,15",4931/3
03/09/2025,AHIG0434 - Preto 127V,1,Mercado Livre - FULL,SP,Beleza,"R$ 569,00","R$ 96,73","R$ 28,45","R$ 81,65","R$ 156,02","R$ 206,15",4914/3
03/09/2025,AHIG0434 - Preto 127V,1,Mercado Livre - FULL,PR,Beleza,"R$ 569,00","R$ 96,73","R$ 28,45","R$ 81,65","R$ 156,02","R$ 206,15",4933/3
04/09/2025,AHIG0434 - Preto 127V,1,Mercado Livre - FULL,RJ,Beleza,"R$ 569,00","R$ 96,73","R$ 28,45","R$ 81,65","R$ 156,02","R$ 206,15",4955/3
04/09/2025,AHIG0434 - Preto 127V,1,Mercado Livre - FULL,PA,Beleza,"R$ 569,00","R$ 96,73","R$ 28,45","R$ 81,65","R$ 156,02","R$ 206,15",4957/3
05/09/2025,ALAV0378 - Cuba Ultrassonica 220V,1,Mercado Livre - Envios,DF,Biossegurança,"R$ 1.289,00","R$ 219,13","R$ 28,45","R$ 184,97","R$ 343,77","R$ 512,68",4981/3
05/09/2025,"APRF0841 - Proface c/ Lupa 2,5",1,Mercado Livre - FULL,SC,Biossegurança,"R$ 259,00","R$ 44,03","R$ 23,45","R$ 37,17","R$ 0,00","R$ 154,35",4967/3
06/09/2025,AHIG0435 - Preto 220V,1,Mercado Livre - FULL,SP,Beleza,"R$ 569,00","R$ 96,73","R$ 23,45","R$ 81,65","R$ 156,02","R$ 211,15",4959/3
06/09/2025,AHIG0434 - Preto 127V,1,Mercado Livre - FULL,SP,Beleza,"R$ 569,00","R$ 96,73","R$ 28,45","R$ 81,65","R$ 156,02","R$ 206,15",4963/3
07/09/2025,APRF0843 - Proface sem lupa,1,Mercado Livre - FULL,BA,Biossegurança,"R$ 156,65","R$ 26,63","R$ 26,63","R$ 22,48","R$ 45,72","R$ 35,19",4965/3
07/09/2025,AHIG0840 - Branco 220V,1,Mercado Livre - FULL,SC,Beleza,"R$ 569,00","R$ 96,73","R$ 28,45","R$ 81,65","R$ 156,02","R$ 206,15",4971/3
08/09/2025,AHIG0435 - Preto 220V,1,Mercado Livre - FULL,SP,Beleza,"R$ 569,00","R$ 96,73","R$ 28,45","R$ 81,65","R$ 156,02","R$ 206,15",4973/3
08/09/2025,AHIG0434 - Preto 127V,1,Mercado Livre - FULL,SP,Beleza,"R$ 569,00","R$ 96,73","R$ 28,45","R$ 81,65","R$ 156,02","R$ 206,15",4977/3
09/09/2025,AHIG0434 - Preto 127V,2,Distribuidor,SP,Beleza,"R$ 666,00","R$ 0,00","R$ 0,00","R$ 172,96","R$ 312,04","R$ 181,00",/1
09/09/2025,AHIG0434 - Preto 127V,1,Mercado Livre - Envios,RJ,Beleza,"R$ 589,00","R$ 100,13","R$ 26,95","R$ 84,52","R$ 156,02","R$ 221,38",4980/3
09/09/2025,AHIG0435 - Preto 220V,1,Mercado Livre - FULL,PE,Beleza,"R$ 569,00","R$ 96,73","R$ 28,45","R$ 81,65","R$ 156,02","R$ 206,15",4985/3
09/09/2025,AHIG0434 - Preto 127V,1,Mercado Livre - FULL,RJ,Beleza,"R$ 569,00","R$ 96,73","R$ 28,45","R$ 81,65","R$ 156,02","R$ 206,15",4983/3
09/09/2025,AHIG0435 - Preto 220V,1,Mercado Livre - FULL,SP,Beleza,"R$ 569,00","R$ 96,73","R$ 28,45","R$ 81,65","R$ 156,02","R$ 206,15",4991/3
09/09/2025,AHIG0840 - Branco 220V,1,Amazon BR,RJ,Beleza,"R$ 569,00","R$ 101,28","R$ 0,00","R$ 81,65","R$ 156,02","R$ 230,05",91/4
09/09/2025,AHIG0435 - Preto 220V,1,Mercado Livre - FULL,SC,Beleza,"R$ 538,73","R$ 91,58","R$ 28,45","R$ 77,31","R$ 156,02","R$ 185,37",4989/3
10/09/2025,AHIG0435 - Preto 220V,2,Mercado Livre - FULL,SP,Beleza,"R$ 1.077,46","R$ 183,17","R$ 28,45","R$ 154,62","R$ 312,04","R$ 399,19",4987/3
10/09/2025,AHIG0435 - Preto 220V,1,Mercado Livre - FULL,SP,Beleza,"R$ 538,73","R$ 91,58","R$ 28,45","R$ 77,31","R$ 156,02","R$ 185,37",4995/3
10/09/2025,AHIG0434 - Preto 127V,1,Mercado Livre - FULL,,Beleza,"R$ 545,11","R$ 92,67","R$ 28,45","R$ 78,22","R$ 156,02","R$ 189,75",4999/3
10/09/2025,AHIG0435 - Preto 220V,1,Mercado Livre - FULL,DF,Beleza,"R$ 545,11","R$ 92,67","R$ 28,45","R$ 78,22","R$ 156,02","R$ 189,75",4997/3
10/09/2025,AHIG0840 - Branco 220V,1,Mercado Livre - FULL,SC,Beleza,"R$ 545,11","R$ 92,67","R$ 28,45","R$ 78,22","R$ 156,02","R$ 189,75",5003/3
10/09/2025,AHIG0840 - Branco 220V,1,Mercado Livre - FULL,SC,Beleza,"R$ 545,11","R$ 92,67","R$ 28,45","R$ 78,22","R$ 156,02","R$ 189,75",5005/3
11/09/2025,AHIG0434 - Preto 127V,1,Mercado Livre - Envios,RJ,Beleza,"R$ 589,00","R$ 100,13","R$ 26,95","R$ 84,52","R$ 156,02","R$ 221,38",5009/3
11/09/2025,AHIG0434 - Preto 127V,1,Mercado Livre - Envios,ES,Beleza,"R$ 589,00","R$ 100,13","R$ 26,95","R$ 84,52","R$ 156,02","R$ 221,38",5008/3
11/09/2025,AHIG0435 - Preto 220V,1,Mercado Livre - FULL,PB,Beleza,"R$ 538,73","R$ 91,58","R$ 28,45","R$ 77,31","R$ 156,02","R$ 185,37",5001/3
11/09/2025,AHIG0435 - Preto 220V,1,Mercado Livre - FULL,GO,Beleza,"R$ 538,73","R$ 91,58","R$ 28,45","R$ 77,31","R$ 156,02","R$ 185,37",5007/3
11/09/2025,AHIG0435 - Preto 220V,1,Mercado Livre - FULL,SP,Beleza,"R$ 538,73","R$ 91,58","R$ 28,45","R$ 77,31","R$ 156,02","R$ 185,37",5011/3
11/09/2025,AHIG0435 - Preto 220V,1,Magalu,SP,Beleza,"R$ 569,00","R$ 84,21","R$ 28,45","R$ 81,65","R$ 156,02","R$ 218,67",979/2
11/09/2025,AHIG0435 - Preto 220V,1,Mercado Livre - FULL,RJ,Beleza,"R$ 538,73","R$ 91,58","R$ 28,45","R$ 77,31","R$ 156,02","R$ 185,37",5013/3
11/09/2025,"APRF0842 - Proface c/ Lupa 3,5",1,Mercado Livre - FULL,MT,Biossegurança,"R$ 259,00","R$ 44,03","R$ 23,45","R$ 37,17","R$ 0,00","R$ 154,35",5015/3
11/09/2025,AHIG0435 - Preto 220V,1,Mercado Livre - FULL,SP,Beleza,"R$ 538,73","R$ 91,58","R$ 28,45","R$ 77,31","R$ 156,02","R$ 185,37",5017/3
12/09/2025,AHIG0435 - Preto 220V,1,Mercado Livre - FULL,MT,Beleza,"R$ 538,73","R$ 91,58","R$ 28,45","R$ 77,31","R$ 156,02","R$ 185,37",5029/3
12/09/2025,AHIG0435 - Preto 220V,1,Mercado Livre - FULL,PB,Beleza,"R$ 538,73","R$ 91,58","R$ 28,45","R$ 77,31","R$ 156,02","R$ 185,37",5019/3
12/09/2025,AHIG0435 - Preto 220V,1,Mercado Livre - FULL,DF,Beleza,"R$ 1.077,46","R$ 183,17","R$ 56,90","R$ 154,62","R$ 156,02","R$ 526,76",5021/3
12/09/2025,AHIG0434 - Preto 127V,1,Mercado Livre - FULL,MG,Beleza,"R$ 545,11","R$ 92,67","R$ 28,45","R$ 78,22","R$ 156,02","R$ 189,75",5025/3
12/09/2025,AHIG0434 - Preto 127V,1,Mercado Livre - FULL,MG,Beleza,"R$ 545,11","R$ 92,67","R$ 28,45","R$ 78,22","R$ 156,02","R$ 189,75",5023/3
13/09/2025,AHIG0434 - Preto 127V,1,Mercado Livre - FULL,RJ,Beleza,"R$ 545,11","R$ 92,67","R$ 28,45","R$ 78,22","R$ 156,02","R$ 189,75",5027/3
13/09/2025,AHIG0435 - Preto 220V,1,Mercado Livre - FULL,PR,Beleza,"R$ 538,73","R$ 91,58","R$ 28,45","R$ 77,31","R$ 156,02","R$ 185,37",5031/3
13/09/2025,"APRF0842 - Proface c/ Lupa 3,5",1,Mercado Livre - FULL,SP,Biossegurança,"R$ 226,11","R$ 38,44","R$ 23,45","R$ 32,45","R$ 0,00","R$ 131,77",5033/3
14/09/2025,AHIG0435 - Preto 220V,1,Mercado Livre - FULL,SP,Beleza,"R$ 538,73","R$ 91,58","R$ 28,45","R$ 77,31","R$ 156,02","R$ 185,37",5044/3
14/09/2025,AHIG0839 - Branco 127V,1,Mercado Livre - FULL,MG,Beleza,"R$ 569,00","R$ 96,73","R$ 28,45","R$ 81,65","R$ 156,02","R$ 206,15",5047/3
15/09/2025,AHIG0434 - Preto 127V,1,Mercado Livre - FULL,SP,Beleza,"R$ 545,11","R$ 92,67","R$ 28,45","R$ 78,22","R$ 156,02","R$ 189,75",5049/3
15/09/2025,AHIG0435 - Preto 220V,1,Mercado Livre - FULL,PE,Beleza,"R$ 538,73","R$ 91,58","R$ 28,45","R$ 77,31","R$ 156,02","R$ 185,37",5051/3
15/09/2025,AHIG0435 - Preto 220V,1,Mercado Livre - FULL,SP,Beleza,"R$ 538,73","R$ 91,58","R$ 28,45","R$ 77,31","R$ 156,02","R$ 185,37",5061/3
15/09/2025,AHIG0435 - Preto 220V,1,Magalu,CE,Beleza,"R$ 569,00","R$ 84,21","R$ 0,00","R$ 81,65","R$ 156,02","R$ 247,12",980/2
16/09/2025,AHIG0434 - Preto 127V,1,Mercado Livre - FULL,PR,Beleza,"R$ 545,11","R$ 92,67","R$ 28,45","R$ 78,22","R$ 156,02","R$ 189,75",5053/3
16/09/2025,AHIG0434 - Preto 127V,1,Mercado Livre - FULL,RJ,Beleza,"R$ 545,11","R$ 92,67","R$ 28,45","R$ 78,22","R$ 156,02","R$ 189,75",5059/3
16/09/2025,AHIG0435 - Preto 220V,1,Mercado Livre - FULL,,Beleza,"R$ 538,73","R$ 91,58","R$ 28,45","R$ 77,31","R$ 156,02","R$ 185,37",
16/09/2025,AHIG0839 - Branco 127V,1,Mercado Livre - FULL,SP,Beleza,"R$ 569,00","R$ 96,73","R$ 28,45","R$ 81,65","R$ 156,02","R$ 206,15",5063/3
16/09/2025,AHIG0839 - Branco 127V,1,Mercado Livre - FULL,PA,Beleza,"R$ 569,00","R$ 96,73","R$ 28,45","R$ 81,65","R$ 156,02","R$ 206,15",5065/3
16/09/2025,AHIG0435 - Preto 220V,1,Mercado Livre - FULL,,Beleza,"R$ 538,73","R$ 91,58","R$ 28,45","R$ 77,31","R$ 156,02","R$ 185,37",
16/09/2025,AHIG0435 - Preto 220V,2,Distribuidor,SP,Beleza,"R$ 666,00","R$ 0,00","R$ 0,00","R$ 172,96","R$ 312,04","R$ 181,00",/1
16/09/2025,AHIG0434 - Preto 127V,1,Distribuidor,SP,Beleza,"R$ 333,00","R$ 0,00","R$ 0,00","R$ 86,48","R$ 156,02","R$ 90,50",/1
17/09/2025,AHIG0435 - Preto 220V,1,Mercado Livre - FULL,SP,Beleza,"R$ 538,73","R$ 91,58","R$ 28,45","R$ 77,31","R$ 156,02","R$ 185,37",5067/3
17/09/2025,"APRF0841 - Proface c/ Lupa 2,5",1,Mercado Livre - FULL,SP,Biossegurança,"R$ 259,00","R$ 44,03","R$ 23,45","R$ 37,17","R$ 0,00","R$ 154,35",5069/3
18/09/2025,AHIG0435 - Preto 220V,1,Mercado Livre - FULL,RJ,Beleza,"R$ 569,00","R$ 96,73","R$ 28,45","R$ 81,65","R$ 156,02","R$ 206,15",5073/3
19/09/2025,AHIG0434 - Preto 127V,1,Mercado Livre - Envios,MT,Beleza,"R$ 589,00","R$ 100,13","R$ 26,95","R$ 84,52","R$ 156,02","R$ 221,38",5074/3
19/09/2025,AHIG0434 - Preto 127V,1,Mercado Livre - FULL,RJ,Beleza,"R$ 545,11","R$ 92,67","R$ 28,45","R$ 78,22","R$ 156,02","R$ 189,75",5076/3
19/09/2025,"APRF0842 - Proface c/ Lupa 3,5",1,Mercado Livre - FULL,RS,Biossegurança,"R$ 259,00","R$ 44,03","R$ 23,45","R$ 37,17","R$ 0,00","R$ 154,35",5078/3
19/09/2025,AHIG0435 - Preto 220V,1,Mercado Livre - FULL,MG,Beleza,"R$ 538,73","R$ 91,58","R$ 28,45","R$ 77,31","R$ 156,02","R$ 185,37",5080/3
20/09/2025,AHIG0435 - Preto 220V,1,Magalu,PR,Beleza,"R$ 569,00","R$ 84,21","R$ 0,00","R$ 81,65","R$ 156,02","R$ 247,12",984/2
21/09/2025,AHIG0840 - Branco 220V,1,Mercado Livre - FULL,,Beleza,"R$ 538,73","R$ 91,58","R$ 28,45","R$ 77,31","R$ 156,02","R$ 185,37",
21/09/2025,AHIG0435 - Preto 220V,1,Mercado Livre - FULL,AC,Beleza,"R$ 538,73","R$ 91,58","R$ 28,45","R$ 77,31","R$ 156,02","R$ 185,37",5088/3
22/09/2025,AHIG0434 - Preto 127V,1,Mercado Livre - FULL,MS,Beleza,"R$ 545,11","R$ 92,67","R$ 28,45","R$ 78,22","R$ 156,02","R$ 189,75",5090/3
22/09/2025,AHIG0435 - Preto 220V,1,Mercado Livre - FULL,DF,Beleza,"R$ 538,73","R$ 91,58","R$ 28,45","R$ 77,31","R$ 156,02","R$ 185,37",5092/3
22/09/2025,AHIG0435 - Preto 220V,1,Mercado Livre - FULL,SP,Beleza,"R$ 538,73","R$ 91,58","R$ 28,45","R$ 77,31","R$ 156,02","R$ 185,37","5094,/3"
23/09/2025,CTAP1549 - Tampa Fumê,1,Loja integrada - Pix,SP,Beleza,"R$ 47,21","R$ 0,94","R$ 18,22","R$ 6,77","R$ 30,00","-R$ 8,73",986/2
23/09/2025,AHIG0839 - Branco 127V,1,Mercado Livre - FULL,,Beleza,"R$ 569,00","R$ 96,73","R$ 28,45","R$ 81,65","R$ 156,02","R$ 206,15",5096/3
23/09/2025,AHIG0434 - Preto 127V,1,Mercado Livre - FULL,PA,Beleza,"R$ 545,11","R$ 92,67","R$ 28,45","R$ 78,22","R$ 156,02","R$ 189,75",5098/3
24/09/2025,AHIG0434 - Preto 127V,1,Distribuidor,SP,Beleza,"R$ 333,00","R$ 0,00","R$ 0,00","R$ 86,48","R$ 156,02","R$ 90,50",/1
24/09/2025,"ALUP0420 - Lupa 2,5x",1,Mercado Livre - Envios,RJ,Biossegurança,"R$ 304,00","R$ 51,68","R$ 22,45","R$ 43,62","R$ 34,44","R$ 151,81",5099/3
24/09/2025,AHIG0435 - Preto 220V,1,Mercado Livre - FULL,PI,Beleza,"R$ 538,73","R$ 91,58","R$ 22,45","R$ 77,31","R$ 156,02","R$ 191,37",5101/3
24/09/2025,AHIG0434 - Preto 127V,1,Mercado Livre - FULL,RR,Beleza,"R$ 545,11","R$ 92,67","R$ 28,45","R$ 78,22","R$ 156,02","R$ 189,75",5103/3
25/09/2025,AHIG0435 - Preto 220V,1,Distribuidor,SP,Beleza,"R$ 333,00","R$ 0,00","R$ 0,00","R$ 86,48","R$ 156,02","R$ 90,50",/1
25/09/2025,AHIG0434 - Preto 127V,1,Loja Integrada - PagSeguro,SP,Beleza,"R$ 455,20",#N/A,"R$ 18,59","R$ 65,32","R$ 156,02",#N/A,989/2
25/09/2025,AHIG0412 - Roxo 127V,1,Remessa Bonificada,SP,Beleza,"R$ 499,00","R$ 0,00","R$ 0,00","R$ 71,61","R$ 156,02","R$ 271,37",/1
25/09/2025,AHIG0839 - Branco 127V,1,Remessa Bonificada,SP,Beleza,"R$ 499,00","R$ 0,00","R$ 0,00","R$ 71,61","R$ 156,02","R$ 271,37",/1
25/09/2025,AHIG0434 - Preto 127V,1,Remessa Bonificada,SP,Beleza,"R$ 499,00","R$ 0,00","R$ 0,00","R$ 71,61","R$ 156,02","R$ 271,37",/1
25/09/2025,AHIG0840 - Branco 220V,1,Mercado Livre - FULL,GO,Beleza,"R$ 569,00","R$ 96,73","R$ 28,45","R$ 81,65","R$ 156,02","R$ 206,15",5105/3
25/09/2025,AHIG0434 - Preto 127V,1,Mercado Livre - FULL,MG,Beleza,"R$ 545,11","R$ 92,67","R$ 28,45","R$ 78,22","R$ 156,02","R$ 189,75",5107/3
26/09/2025,AHIG0434 - Preto 127V,1,Distribuidor,SP,Beleza,"R$ 333,00","R$ 0,00","R$ 0,00","R$ 86,48","R$ 156,02","R$ 90,50",/1
26/09/2025,AHIG0434 - Preto 127V,1,Mercado Livre - FULL,SP,Beleza,"R$ 545,11","R$ 92,67","R$ 28,45","R$ 78,22","R$ 156,02","R$ 189,75",5109/3
26/09/2025,AHIG0414 - Roxo 220V,1,Mercado Livre - FULL,SP,Beleza,"R$ 545,30","R$ 92,70","R$ 28,45","R$ 78,25","R$ 156,02","R$ 189,88",5111/3
26/09/2025,AHIG0434 - Preto 127V,1,Mercado Livre - FULL,MG,Beleza,"R$ 545,30","R$ 92,70","R$ 28,45","R$ 78,25","R$ 156,02","R$ 189,88",5121/3
26/09/2025,AHIG0840 - Branco 220V,1,Mercado Livre - FULL,GO,Beleza,"R$ 569,00","R$ 96,73","R$ 28,45","R$ 81,65","R$ 156,02","R$ 206,15",5117/3
26/09/2025,AHIG0412 - Roxo 127V,1,Mercado Livre - FULL,PR,Beleza,"R$ 569,00","R$ 96,73","R$ 28,45","R$ 81,65","R$ 156,02","R$ 206,15",5113/3
26/09/2025,AHIG0434 - Preto 127V,1,Mercado Livre - FULL,SP,Beleza,"R$ 545,11","R$ 92,67","R$ 28,45","R$ 78,22","R$ 156,02","R$ 189,75",5115/3
27/09/2025,AHIG0840 - Branco 220V,1,Mercado Livre - FULL,TO,Beleza,"R$ 569,00","R$ 96,73","R$ 28,45","R$ 81,65","R$ 156,02","R$ 206,15",5119/3
27/09/2025,AHIG0435 - Preto 220V,1,Mercado Livre - FULL,AL,Beleza,"R$ 538,73","R$ 91,58","R$ 28,45","R$ 77,31","R$ 156,02","R$ 185,37",5127/3
27/09/2025,AHIG0435 - Preto 220V,1,Mercado Livre - FULL,AM,Beleza,"R$ 538,73","R$ 91,58","R$ 28,45","R$ 77,31","R$ 156,02","R$ 185,37",5135/3
27/09/2025,AHIG0435 - Preto 220V,1,Mercado Livre - FULL,BA,Beleza,"R$ 538,73","R$ 91,58","R$ 28,45","R$ 77,31","R$ 156,02","R$ 185,37",5123/3
27/09/2025,AHIG0434 - Preto 127V,1,Mercado Livre - FULL,MG,Beleza,"R$ 569,00","R$ 96,73","R$ 28,45","R$ 81,65","R$ 156,02","R$ 206,15",5125/3
28/09/2025,AHIG0412 - Roxo 127V,1,Mercado Livre - FULL,RJ,Beleza,"R$ 535,14","R$ 90,97","R$ 28,45","R$ 76,79","R$ 156,02","R$ 182,90",5129/3
28/09/2025,AHIG0434 - Preto 127V,1,Mercado Livre - FULL,SP,Beleza,"R$ 545,11","R$ 92,67","R$ 28,45","R$ 78,22","R$ 156,02","R$ 189,75",5131/3
28/09/2025,AHIG0435 - Preto 220V,1,Mercado Livre - FULL,BA,Beleza,"R$ 538,73","R$ 91,58","R$ 28,45","R$ 77,31","R$ 156,02","R$ 185,37",5133/3
29/09/2025,AHIG0434 - Preto 127V,2,Distribuidor,SP,Beleza,"R$ 666,00","R$ 0,00","R$ 0,00","R$ 172,96","R$ 312,04","R$ 181,00",/1
29/09/2025,AHIG0434 - Preto 127V,1,Mercado Livre - FULL,TO,Beleza,"R$ 545,11","R$ 92,67","R$ 28,45","R$ 78,22","R$ 156,02","R$ 189,75",5137/3
29/09/2025,AHIG0434 - Preto 127V,1,Mercado Livre - FULL,RO,Beleza,"R$ 545,11","R$ 92,67","R$ 28,45","R$ 78,22","R$ 156,02","R$ 189,75",5139/3
30/09/2025,ACLV0851 - Autoclave 21L 220V,1,Loja Integrada - PagSeguro,PR,Biossegurança,"R$ 8.889,39",#N/A,"R$ 199,26","R$ 1.275,63","R$ 2.616,45",#N/A,990/2
30/09/2025,AHIG0435 - Preto 220V,1,Mercado Livre - FULL,SC,Beleza,"R$ 538,73","R$ 91,58","R$ 28,45","R$ 77,31","R$ 156,02","R$ 185,37",5145/3
30/09/2025,AHIG0435 - Preto 220V,2,Mercado Livre - FULL,SP,Beleza,"R$ 1.077,46","R$ 183,17","R$ 28,45","R$ 154,62","R$ 312,04","R$ 399,19",5147/3
30/09/2025,AHIG0435 - Preto 220V,1,Mercado Livre - FULL,RS,Beleza,"R$ 538,73","R$ 91,58","R$ 28,45","R$ 77,31","R$ 156,02","R$ 185,37",5149/3
30/09/2025,AHIG0434 - Preto 127V,1,Mercado Livre - FULL,RJ,Beleza,"R$ 545,11","R$ 92,67","R$ 28,45","R$ 78,22","R$ 156,02","R$ 189,75",5153/3
30/09/2025,AHIG0435 - Preto 220V,1,Mercado Livre - FULL,SP,Beleza,"R$ 538,73","R$ 91,58","R$ 28,45","R$ 77,31","R$ 156,02","R$ 185,37",5151/3
30/09/2025,AHIG0839 - Branco 127V,1,Mercado Livre - FULL,SP,Beleza,"R$ 569,00","R$ 96,73","R$ 28,45","R$ 81,65","R$ 156,02","R$ 206,15",5155/3
01/10/2025,ALAV0378 - Cuba Ultrassonica 220V,1,Mercado Livre - Envios,PE,Biossegurança,"R$ 1.280,00","R$ 217,60","R$ 44,45","R$ 183,68","R$ 343,77","R$ 490,50",5178/3
01/10/2025,AHIG0435 - Preto 220V,2,Loja Integrada - PagSeguro,MG,Beleza,"R$ 1.086,86",#N/A,"R$ 62,66","R$ 155,96","R$ 312,04",#N/A,991/2
01/10/2025,AHIG0840 - Branco 220V,2,Mercado Livre - FULL,CE,Beleza,"R$ 1.138,00","R$ 193,46","R$ 56,90","R$ 163,30","R$ 312,04","R$ 412,30",5184/3
01/10/2025,AHIG0435 - Preto 220V,1,Magalu,PR,Beleza,"R$ 569,00","R$ 84,21","R$ 28,45","R$ 81,65","R$ 156,02","R$ 218,67",992/2
02/10/2025,AHIG0435 - Preto 220V,1,Mercado Livre - Envios,SP,Beleza,"R$ 589,00","R$ 100,13","R$ 26,95","R$ 84,52","R$ 156,02","R$ 221,38",5206/3
02/10/2025,AHIG0435 - Preto 220V,1,Mercado Livre - Envios,PE,Beleza,"R$ 589,00","R$ 100,13","R$ 28,45","R$ 84,52","R$ 156,02","R$ 219,88",5207/3
02/10/2025,AHIG0435 - Preto 220V,1,Mercado Livre - FULL,SP,Beleza,"R$ 569,00","R$ 96,73","R$ 28,45","R$ 81,65","R$ 156,02","R$ 206,15",5205/3
02/10/2025,AHIG0434 - Preto 127V,1,Mercado Livre - FULL,SP,Beleza,"R$ 542,66","R$ 92,25","R$ 28,45","R$ 77,87","R$ 156,02","R$ 188,07",5209/3
02/10/2025,AHIG0414 - Roxo 220V,1,Mercado Livre - FULL,PE,Beleza,"R$ 569,00","R$ 96,73","R$ 28,45","R$ 81,65","R$ 156,02","R$ 206,15",5211/3
02/10/2025,AHIG0435 - Preto 220V,1,Mercado Livre - FULL,SP,Beleza,"R$ 569,00","R$ 96,73","R$ 28,45","R$ 81,65","R$ 156,02","R$ 206,15",5213/3
03/10/2025,AHIG0434 - Preto 127V,1,Amazon BR,MG,Beleza,"R$ 589,00","R$ 104,84","R$ 28,45","R$ 84,52","R$ 156,02","R$ 215,17",993/2
03/10/2025,AHIG0435 - Preto 220V,1,Amazon BR,RS,Beleza,"R$ 589,00","R$ 104,84","R$ 28,45","R$ 84,52","R$ 156,02","R$ 215,17",994/2
03/10/2025,AHIG0434 - Preto 127V,1,Mercado Livre - Envios,RJ,Beleza,"R$ 589,00","R$ 100,13","R$ 28,45","R$ 84,52","R$ 156,02","R$ 219,88",5216/3
03/10/2025,APRF0843 - Proface sem lupa,1,Mercado Livre - FULL,MS,Biossegurança,"R$ 156,65","R$ 26,63","R$ 28,45","R$ 22,48","R$ 45,72","R$ 33,37",5223/3
03/10/2025,ALAV0379 - Cuba Ultrassonica 127V,1,Mercado Livre - Envios,SP,Biossegurança,"R$ 1.289,00","R$ 219,13","R$ 28,45","R$ 184,97","R$ 343,77","R$ 512,68",5217/3
03/10/2025,AHIG0839 - Branco 127V,1,Mercado Livre - Envios,SP,Beleza,"R$ 589,00","R$ 100,13","R$ 28,45","R$ 84,52","R$ 156,02","R$ 219,88",5228/3
04/10/2025,AHIG0435 - Preto 220V,2,Mercado Livre - FULL,CE,Beleza,"R$ 1.138,00","R$ 193,46","R$ 56,90","R$ 163,30","R$ 312,04","R$ 412,30",5219/3
04/10/2025,AHIG0839 - Branco 127V,1,Mercado Livre - FULL,MG,Beleza,"R$ 569,00","R$ 96,73","R$ 28,45","R$ 81,65","R$ 156,02","R$ 206,15",5221/3
05/10/2025,AHIG0435 - Preto 220V,1,Mercado Livre - FULL,PI,Beleza,"R$ 569,00","R$ 96,73","R$ 28,45","R$ 81,65","R$ 156,02","R$ 206,15",5225/3
05/10/2025,AHIG0435 - Preto 220V,1,Mercado Livre - FULL,PI,Beleza,"R$ 569,00","R$ 96,73","R$ 28,45","R$ 81,65","R$ 156,02","R$ 206,15",5232/3
05/10/2025,AHIG0434 - Preto 127V,1,Mercado Livre - FULL,BA,Beleza,"R$ 542,66","R$ 92,25","R$ 28,45","R$ 77,87","R$ 156,02","R$ 188,07",5227/3
06/10/2025,AHIG0840 - Branco 220V,1,Mercado Livre - FULL,SC,Beleza,"R$ 569,00","R$ 96,73","R$ 28,45","R$ 81,65","R$ 156,02","R$ 206,15",5230/3
06/10/2025,AHIG0434 - Preto 127V,1,Distribuidor,SP,Beleza,"R$ 333,00","R$ 0,00","R$ 0,00","R$ 86,48","R$ 156,02","R$ 90,50",/1
06/10/2025,"APRF0842 - Proface c/ Lupa 3,5",1,Mercado Livre - FULL,MG,Biossegurança,"R$ 259,00","R$ 44,03","R$ 28,45","R$ 37,17","R$ 0,00","R$ 149,35",5234/3
06/10/2025,ALAV0379 - Cuba Ultrassonica 127V,2,Venda direta,MG,Biossegurança,"R$ 1.571,15","R$ 0,00","R$ 63,41","R$ 225,46","R$ 687,54","R$ 594,74",103241/1
06/10/2025,ALAV0378 - Cuba Ultrassonica 220V,1,Venda direta,MG,Biossegurança,"R$ 815,00","R$ 0,00","R$ 0,00","R$ 116,95","R$ 343,77","R$ 354,28",103241/1
06/10/2025,AHIG0434 - Preto 127V,1,Loja Integrada - PagSeguro,SE,Beleza,"R$ 644,93",#N/A,"R$ 75,93","R$ 92,55","R$ 156,02",#N/A,995/2
07/10/2025,AHIG0435 - Preto 220V,1,Distribuidor,SP,Beleza,"R$ 333,00","R$ 0,00","R$ 0,00","R$ 86,48","R$ 156,02","R$ 90,50",/1
07/10/2025,AHIG0840 - Branco 220V,1,Mercado Livre - FULL,PE,Beleza,"R$ 569,00","R$ 96,73","R$ 28,45","R$ 81,65","R$ 156,02","R$ 206,15",5236/3
07/10/2025,AHIG0434 - Preto 127V,1,Mercado Livre - FULL,CE,Beleza,"R$ 542,66","R$ 92,25","R$ 28,45","R$ 77,87","R$ 156,02","R$ 188,07",5280/3
07/10/2025,APRF0843 - Proface sem lupa,1,Mercado Livre - FULL,MG,Biossegurança,"R$ 156,65","R$ 26,63","R$ 21,10","R$ 22,48","R$ 45,72","R$ 40,72",5240/3
07/10/2025,"APRF0841 - Proface c/ Lupa 2,5",1,Mercado Livre - FULL,MG,Biossegurança,"R$ 259,00","R$ 44,03","R$ 23,45","R$ 37,17","R$ 0,00","R$ 154,35",5238/3
07/10/2025,ASEL0484 - Biostamp 220V,1,Casas Bahia,MT,Biossegurança,"R$ 1.954,21","R$ 332,22","R$ 155,21","R$ 280,43","R$ 365,05","R$ 821,31",996/2
08/10/2025,AHIG0435 - Preto 220V,1,Distribuidor,SP,Beleza,"R$ 333,00","R$ 0,00","R$ 0,00","R$ 86,48","R$ 156,02","R$ 90,50",/1
08/10/2025,AHIG0839 - Branco 127V,1,Mercado Livre - FULL,RJ,Beleza,"R$ 569,00","R$ 96,73","R$ 28,45","R$ 81,65","R$ 156,02","R$ 206,15",5243/3
08/10/2025,AHIG0434 - Preto 127V,1,Mercado Livre - Envios,MG,Beleza,"R$ 589,00","R$ 100,13","R$ 26,95","R$ 84,52","R$ 156,02","R$ 221,38",5244/3
08/10/2025,AHIG0434 - Preto 127V,1,Mercado Livre - FULL,TO,Beleza,"R$ 542,66","R$ 92,25","R$ 28,45","R$ 77,87","R$ 156,02","R$ 188,07",5247/3
08/10/2025,AHIG0434 - Preto 127V,1,Magalu,RJ,Beleza,"R$ 569,00","R$ 84,21","R$ 39,83","R$ 81,65","R$ 156,02","R$ 207,29",997/2
08/10/2025,AHIG0434 - Preto 127V,1,Mercado Livre - FULL,ES,Beleza,"R$ 542,66","R$ 92,25","R$ 28,45","R$ 77,87","R$ 156,02","R$ 188,07",5251/3
08/10/2025,AHIG0434 - Preto 127V,1,Mercado Livre - FULL,ES,Beleza,"R$ 542,66","R$ 92,25","R$ 28,45","R$ 77,87","R$ 156,02","R$ 188,07",5253/3
09/10/2025,"APRF0841 - Proface c/ Lupa 2,5",1,Mercado Livre - FULL,AL,Biossegurança,"R$ 259,00","R$ 44,03","R$ 23,45","R$ 37,17","R$ 0,00","R$ 154,35",5261/3
09/10/2025,AHIG0435 - Preto 220V,1,Mercado Livre - FULL,PI,Beleza,"R$ 569,00","R$ 96,73","R$ 28,45","R$ 81,65","R$ 156,02","R$ 206,15",5257/3
09/10/2025,AHIG0839 - Branco 127V,1,Mercado Livre - FULL,MG,Beleza,"R$ 569,00","R$ 96,73","R$ 28,45","R$ 81,65","R$ 156,02","R$ 206,15",5263/3
09/10/2025,ALAV0379 - Cuba Ultrassonica 127V,1,Mercado Livre - Envios,MG,Biossegurança,"R$ 992,53","R$ 168,73","R$ 28,45","R$ 142,43","R$ 343,77","R$ 309,15",5268/3
09/10/2025,AHIG0435 - Preto 220V,1,Mercado Livre - FULL,PA,Beleza,"R$ 569,00","R$ 96,73","R$ 28,45","R$ 81,65","R$ 156,02","R$ 206,15",5270/3
09/10/2025,AHIG0434 - Preto 127V,1,Mercado Livre - FULL,RJ,Beleza,"R$ 542,66","R$ 92,25","R$ 28,45","R$ 77,87","R$ 156,02","R$ 188,07",5267/3
09/10/2025,AHIG0412 - Roxo 127V,1,Mercado Livre - FULL,SP,Beleza,"R$ 569,00","R$ 96,73","R$ 28,45","R$ 81,65","R$ 156,02","R$ 206,15",5265/3
10/10/2025,AHIG0839 - Branco 127V,1,Mercado Livre - FULL,PR,Beleza,"R$ 569,00","R$ 96,73","R$ 28,45","R$ 81,65","R$ 156,02","R$ 206,15",5272/3
10/10/2025,AHIG0434 - Preto 127V,1,Mercado Livre - FULL,MG,Beleza,"R$ 542,66","R$ 92,25","R$ 28,45","R$ 77,87","R$ 156,02","R$ 188,07",5276/3
10/10/2025,AHIG0434 - Preto 127V,1,Mercado Livre - FULL,SP,Beleza,"R$ 542,66","R$ 92,25","R$ 28,45","R$ 77,87","R$ 156,02","R$ 188,07",5274/3
10/10/2025,AHIG0412 - Roxo 127V,1,Mercado Livre - FULL,SC,Beleza,"R$ 551,93","R$ 93,83","R$ 28,45","R$ 79,20","R$ 156,02","R$ 194,43",5284/3
11/10/2025,AHIG0414 - Roxo 220V,1,Mercado Livre - FULL,SC,Beleza,"R$ 569,00","R$ 96,73","R$ 28,45","R$ 81,65","R$ 156,02","R$ 206,15",5278/3
11/10/2025,AHIG0412 - Roxo 127V,1,Mercado Livre - FULL,AP,Beleza,"R$ 551,93","R$ 93,83","R$ 28,45","R$ 79,20","R$ 156,02","R$ 194,43",5282/3
12/10/2025,ALAV0379 - Cuba Ultrassonica 127V,1,Mercado Livre - Envios,BA,Biossegurança,"R$ 1.280,00","R$ 217,60","R$ 44,45","R$ 183,68","R$ 343,77","R$ 490,50",5289/3
12/10/2025,AHIG0412 - Roxo 127V,1,Mercado Livre - FULL,RJ,Beleza,"R$ 551,93","R$ 93,83","R$ 28,45","R$ 79,20","R$ 156,02","R$ 194,43",5286/3
13/10/2025,AHIG0434 - Preto 127V,1,Mercado Livre - Envios,SP,Beleza,"R$ 589,00","R$ 100,13","R$ 28,45","R$ 84,52","R$ 156,02","R$ 219,88",5290/3
13/10/2025,AHIG0839 - Branco 127V,1,Amazon BR,ES,Beleza,"R$ 569,00","R$ 101,28","R$ 0,00","R$ 81,65","R$ 156,02","R$ 230,05",998/2
13/10/2025,"APRF0842 - Proface c/ Lupa 3,5",1,Mercado Livre - FULL,BA,Biossegurança,"R$ 259,00","R$ 44,03","R$ 23,45","R$ 37,17","R$ 0,00","R$ 154,35",5292/3
13/10/2025,AHIG0434 - Preto 127V,2,Distribuidor,SP,Beleza,"R$ 666,00","R$ 0,00","R$ 0,00","R$ 172,96","R$ 312,04","R$ 181,00",/1
14/10/2025,AHIG0435 - Preto 220V,1,Distribuidor,SP,Beleza,"R$ 333,00","R$ 0,00","R$ 0,00","R$ 86,48","R$ 156,02","R$ 90,50",/1
14/10/2025,ALAV0379 - Cuba Ultrassonica 127V,1,Mercado Livre - Envios,SP,Biossegurança,"R$ 992,53","R$ 168,73","R$ 28,45","R$ 142,43","R$ 343,77","R$ 309,15",5295/3
14/10/2025,AHIG0412 - Roxo 127V,1,Mercado Livre - FULL,RJ,Beleza,"R$ 551,93","R$ 93,83","R$ 28,45","R$ 79,20","R$ 156,02","R$ 194,43",5294/3
14/10/2025,AHIG0840 - Branco 220V,1,Mercado Livre - FULL,SC,Beleza,"R$ 569,00","R$ 96,73","R$ 28,45","R$ 81,65","R$ 156,02","R$ 206,15",5297/3
14/10/2025,AHIG0435 - Preto 220V,2,Loja Integrada - PagSeguro,BA,Beleza,"R$ 1.138,00",#N/A,"R$ 48,28","R$ 163,30","R$ 312,04",#N/A,999/2
14/10/2025,AHIG0412 - Roxo 127V,1,Mercado Livre - FULL,SP,Beleza,"R$ 551,93","R$ 93,83","R$ 28,45","R$ 79,20","R$ 156,02","R$ 194,43",5299/3
14/10/2025,ALAV0379 - Cuba Ultrassonica 127V,1,Mercado Livre - Envios,GO,Biossegurança,"R$ 992,53","R$ 168,73","R$ 28,45","R$ 142,43","R$ 343,77","R$ 309,15",5300/3
14/10/2025,AHIG0839 - Branco 127V,1,Mercado Livre - FULL,RJ,Beleza,"R$ 569,00","R$ 96,73","R$ 28,45","R$ 81,65","R$ 156,02","R$ 206,15",5302/3
14/10/2025,ALAV0379 - Cuba Ultrassonica 127V,1,Mercado Livre - Envios,RJ,Biossegurança,"R$ 992,53","R$ 168,73","R$ 28,45","R$ 142,43","R$ 343,77","R$ 309,15",5303/3
14/10/2025,AHIG0435 - Preto 220V,1,Mercado Livre - Envios,MT,Beleza,"R$ 589,00","R$ 100,13","R$ 26,95","R$ 84,52","R$ 156,02","R$ 221,38",5304/3
14/10/2025,AHIG0839 - Branco 127V,1,Mercado Livre - Envios,RR,Beleza,"R$ 589,00","R$ 100,13","R$ 28,45","R$ 84,52","R$ 156,02","R$ 219,88",5305/3
15/10/2025,AHIG0840 - Branco 220V,2,Loja integrada - Pix,MG,Beleza,"R$ 1.066,17","R$ 21,32","R$ 41,97","R$ 153,00","R$ 312,04","R$ 537,84",1000/2
15/10/2025,AHIG0435 - Preto 220V,1,Loja Integrada - PagSeguro,RS,Beleza,"R$ 626,75",#N/A,"R$ 57,74","R$ 89,94","R$ 156,02",#N/A,1001/2
16/10/2025,AHIG0839 - Branco 127V,1,Magalu,MS,Beleza,"R$ 569,00","R$ 84,21","R$ 0,00","R$ 81,65","R$ 156,02","R$ 247,12",1003/2
16/10/2025,AHIG0434 - Preto 127V,1,Magalu,SP,Beleza,"R$ 569,00","R$ 84,21","R$ 0,00","R$ 81,65","R$ 156,02","R$ 247,12",1002/2
16/10/2025,AHIG0840 - Branco 220V,1,Mercado Livre - FULL,SP,Beleza,"R$ 569,00","R$ 96,73","R$ 28,45","R$ 81,65","R$ 156,02","R$ 206,15",5307/3
17/10/2025,AHIG0435 - Preto 220V,1,Magalu,RS,Beleza,"R$ 569,00","R$ 84,21","R$ 0,00","R$ 81,65","R$ 156,02","R$ 247,12",985/2
17/10/2025,AHIG0434 - Preto 127V,3,Distribuidor,SP,Beleza,"R$ 999,00","R$ 0,00","R$ 0,00","R$ 259,44","R$ 468,06","R$ 271,50",/1
18/10/2025,AHIG0435 - Preto 220V,1,Mercado Livre - Envios,SC,Beleza,"R$ 589,00","R$ 100,13","R$ 28,45","R$ 84,52","R$ 156,02","R$ 219,88",5407/3
18/10/2025,ALAV0378 - Cuba Ultrassonica 220V,1,Mercado Livre - Envios,RN,Biossegurança,"R$ 992,53","R$ 168,73","R$ 28,45","R$ 142,43","R$ 343,77","R$ 309,15",5408/3
19/10/2025,AHIG0434 - Preto 127V,1,Mercado Livre - Envios,RO,Beleza,"R$ 589,00","R$ 100,13","R$ 28,45","R$ 84,52","R$ 156,02","R$ 219,88",
19/10/2025,AHIG0840 - Branco 220V,1,Mercado Livre - FULL,RO,Beleza,"R$ 569,00","R$ 96,73","R$ 28,45","R$ 81,65","R$ 156,02","R$ 206,15",5402/3
19/10/2025,AHIG0412 - Roxo 127V,1,Mercado Livre - FULL,SP,Beleza,"R$ 551,93","R$ 93,83","R$ 28,45","R$ 79,20","R$ 156,02","R$ 194,43",5404/3
20/10/2025,CTAP1549 - Tampa Fumê,1,Loja integrada - Pix,MG,Beleza,"R$ 52,56","R$ 1,05","R$ 23,46","R$ 7,54","R$ 30,00","-R$ 9,49",1004/2
20/10/2025,AHIG0435 - Preto 220V,1,Casas Bahia,BA,Beleza,"R$ 634,32","R$ 107,83","R$ 45,32","R$ 91,02","R$ 156,02","R$ 234,12",1005/2
20/10/2025,AHIG0434 - Preto 127V,2,Distribuidor,SP,Beleza,"R$ 666,00","R$ 0,00","R$ 0,00","R$ 172,96","R$ 312,04","R$ 181,00",/1
20/10/2025,"APRF0842 - Proface c/ Lupa 3,5",1,Mercado Livre - FULL,SP,Biossegurança,"R$ 259,00","R$ 44,03","R$ 23,45","R$ 37,17","R$ 0,00","R$ 154,35",5410/3
20/10/2025,AHIG0434 - Preto 127V,1,Mercado Livre - FULL,RO,Beleza,"R$ 542,60","R$ 92,24","R$ 28,45","R$ 77,86","R$ 156,02","R$ 188,02",5412/3
20/10/2025,AHIG0434 - Preto 127V,1,Mercado Livre - FULL,SP,Beleza,"R$ 542,66","R$ 92,25","R$ 28,45","R$ 77,87","R$ 156,02","R$ 188,07",5420/3
21/10/2025,AHIG0434 - Preto 127V,1,Distribuidor,SP,Beleza,"R$ 333,00","R$ 0,00","R$ 0,00","R$ 86,48","R$ 156,02","R$ 90,50",/1
21/10/2025,AHIG0435 - Preto 220V,1,Magalu,GO,Beleza,"R$ 569,00","R$ 84,21","R$ 0,00","R$ 81,65","R$ 156,02","R$ 247,12",1007/2
21/10/2025,AHIG0434 - Preto 127V,1,Magalu,SP,Beleza,"R$ 569,00","R$ 84,21","R$ 0,00","R$ 81,65","R$ 156,02","R$ 247,12",1006/2
21/10/2025,AHIG0434 - Preto 127V,1,Amazon BR,RN,Beleza,"R$ 589,00","R$ 104,84","R$ 0,00","R$ 84,52","R$ 156,02","R$ 243,62",1008/2
21/10/2025,"APRF0841 - Proface c/ Lupa 2,5",1,Mercado Livre - FULL,PR,Biossegurança,"R$ 259,00","R$ 44,03","R$ 23,45","R$ 37,17","R$ 0,00","R$ 154,35",5428/3
21/10/2025,AHIG0435 - Preto 220V,1,Mercado Livre - FULL,RS,Beleza,"R$ 569,00","R$ 96,73","R$ 28,45","R$ 81,65","R$ 156,02","R$ 206,15",5414/3
22/10/2025,AHIG0435 - Preto 220V,1,Mercado Livre - FULL,MG,Beleza,"R$ 569,00","R$ 96,73","R$ 28,45","R$ 81,65","R$ 156,02","R$ 206,15",5422/3
22/10/2025,AHIG0434 - Preto 127V,1,Mercado Livre - FULL,SC,Beleza,"R$ 542,66","R$ 92,25","R$ 28,45","R$ 77,87","R$ 156,02","R$ 188,07",5430/3
22/10/2025,AHIG0839 - Branco 127V,1,Amazon BR,AM,Beleza,"R$ 569,00","R$ 101,28","R$ 0,00","R$ 81,65","R$ 156,02","R$ 230,05",1009/2
22/10/2025,CTAP1303 - Tampa Roxa,1,Loja integrada - Pix,MG,Beleza,"R$ 52,56","R$ 1,05","R$ 23,46","R$ 7,54","R$ 30,00","-R$ 9,49",1010/2
22/10/2025,AHIG0434 - Preto 127V,1,Loja Integrada - PagSeguro,BA,Beleza,"R$ 591,19",#N/A,"R$ 50,64","R$ 84,84","R$ 156,02",#N/A,1011/2
22/10/2025,AHIG0435 - Preto 220V,1,Mercado Livre - FULL,SP,Beleza,"R$ 569,00","R$ 96,73","R$ 28,45","R$ 81,65","R$ 156,02","R$ 206,15",5432/3
23/10/2025,AHIG0435 - Preto 220V,1,Distribuidor,SP,Beleza,"R$ 333,00","R$ 0,00","R$ 0,00","R$ 86,48","R$ 156,02","R$ 90,50",/1
23/10/2025,AHIG0412 - Roxo 127V,1,Mercado Livre - FULL,MT,Beleza,"R$ 551,93","R$ 93,83","R$ 28,45","R$ 79,20","R$ 156,02","R$ 194,43",5440/3
23/10/2025,AHIG0435 - Preto 220V,1,Mercado Livre - FULL,SP,Beleza,"R$ 569,00","R$ 96,73","R$ 28,45","R$ 81,65","R$ 156,02","R$ 206,15",5434/3
24/10/2025,AHIG0435 - Preto 220V,1,Distribuidor,SP,Beleza,"R$ 333,00","R$ 0,00","R$ 0,00","R$ 86,48","R$ 156,02","R$ 90,50",/1
25/10/2025,AHIG0412 - Roxo 127V,1,Mercado Livre - FULL,SP,Beleza,"R$ 551,93","R$ 93,83","R$ 28,45","R$ 79,20","R$ 156,02","R$ 194,43",5446/3
25/10/2025,AHIG0840 - Branco 220V,1,Mercado Livre - FULL,PE,Beleza,"R$ 569,00","R$ 96,73","R$ 28,45","R$ 81,65","R$ 156,02","R$ 206,15",5448/3
26/10/2025,AHIG0840 - Branco 220V,1,Mercado Livre - FULL,MA,Beleza,"R$ 569,00","R$ 96,73","R$ 28,45","R$ 81,65","R$ 156,02","R$ 206,15",5451/3
26/10/2025,AHIG0840 - Branco 220V,1,Mercado Livre - FULL,RN,Beleza,"R$ 569,00","R$ 96,73","R$ 28,45","R$ 81,65","R$ 156,02","R$ 206,15",5452/3
26/10/2025,AHIG0435 - Preto 220V,1,Magalu,SP,Beleza,"R$ 569,00","R$ 84,21","R$ 52,90","R$ 81,65","R$ 156,02","R$ 194,22",1012/2
27/10/2025,AHIG0840 - Branco 220V,1,Mercado Livre - FULL,RJ,Beleza,"R$ 569,00","R$ 96,73","R$ 28,45","R$ 81,65","R$ 156,02","R$ 206,15",5454/3
27/10/2025,ALAV0379 - Cuba Ultrassonica 127V,1,Mercado Livre - Envios,MS,Biossegurança,"R$ 1.216,00","R$ 206,72","R$ 44,45","R$ 174,50","R$ 343,77","R$ 446,56",5457/3
27/10/2025,AHIG0435 - Preto 220V,1,Mercado Livre - FULL,GO,Beleza,"R$ 569,00","R$ 96,73","R$ 28,45","R$ 81,65","R$ 156,02","R$ 206,15",5456/3
28/10/2025,ASEL0484 - Biostamp 220V,1,Mercado Livre - Envios,SC,Biossegurança,"R$ 1.823,60","R$ 310,01","R$ 28,45","R$ 261,69","R$ 365,05","R$ 858,40",5460/3
28/10/2025,AHIG0434 - Preto 127V,1,Mercado Livre - FULL,SE,Beleza,"R$ 531,60","R$ 90,37","R$ 28,45","R$ 76,28","R$ 156,02","R$ 180,47",5459/3
28/10/2025,AHIG0435 - Preto 220V,1,Mercado Livre - FULL,MG,Beleza,"R$ 569,00","R$ 96,73","R$ 28,45","R$ 81,65","R$ 156,02","R$ 206,15",5462/3
28/10/2025,AHIG0435 - Preto 220V,1,Mercado Livre - FULL,DF,Beleza,"R$ 569,00","R$ 96,73","R$ 28,45","R$ 81,65","R$ 156,02","R$ 206,15",5464/3
28/10/2025,AHIG0435 - Preto 220V,1,Mercado Livre - FULL,SC,Beleza,"R$ 1.138,00","R$ 193,46","R$ 28,45","R$ 163,30","R$ 156,02","R$ 596,77",5469/3
28/10/2025,AHIG0435 - Preto 220V,1,Distribuidor,SP,Beleza,"R$ 609,90","R$ 0,00","R$ 0,00","R$ 158,39","R$ 156,02","R$ 295,49",/1
29/10/2025,AHIG0414 - Roxo 220V,1,Mercado Livre - FULL,MS,Beleza,"R$ 569,00","R$ 96,73","R$ 28,45","R$ 81,65","R$ 156,02","R$ 206,15",5471/3
30/10/2025,AHIG0435 - Preto 220V,1,Amazon BR,PE,Beleza,"R$ 589,00","R$ 104,84","R$ 0,00","R$ 84,52","R$ 156,02","R$ 243,62",1013/2
30/10/2025,AHIG0840 - Branco 220V,1,Mercado Livre - FULL,PR,Beleza,"R$ 551,93","R$ 93,83","R$ 28,45","R$ 79,20","R$ 156,02","R$ 194,43",5477/3
30/10/2025,AHIG0434 - Preto 127V,1,Mercado Livre - FULL,RS,Beleza,"R$ 542,66","R$ 92,25","R$ 28,45","R$ 77,87","R$ 156,02","R$ 188,07",5479/3
30/10/2025,AHIG0435 - Preto 220V,1,Mercado Livre - FULL,AL,Beleza,"R$ 569,00","R$ 96,73","R$ 28,45","R$ 81,65","R$ 156,02","R$ 206,15",5483/3
30/10/2025,AHIG0435 - Preto 220V,1,Distribuidor,SP,Beleza,"R$ 609,90","R$ 0,00","R$ 0,00","R$ 158,39","R$ 156,02","R$ 295,49",/1
31/10/2025,AHIG0435 - Preto 220V,1,Mercado Livre - FULL,BA,Beleza,"R$ 551,93","R$ 93,83","R$ 28,45","R$ 79,20","R$ 156,02","R$ 194,43",5491/3
31/10/2025,AHIG0839 - Branco 127V,1,Mercado Livre - FULL,PA,Beleza,"R$ 569,00","R$ 96,73","R$ 28,45","R$ 81,65","R$ 156,02","R$ 206,15",5487/3
31/10/2025,AHIG0435 - Preto 220V,1,Mercado Livre - FULL,PR,Beleza,"R$ 569,00","R$ 96,73","R$ 28,45","R$ 81,65","R$ 156,02","R$ 206,15",5485/3
01/11/2025,"APRF0842 - Proface c/ Lupa 3,5",1,Mercado Livre - FULL,SP,Biossegurança,"R$ 259,00","R$ 44,03","R$ 23,45","R$ 37,17","R$ 0,00","R$ 154,35",5493/3
01/11/2025,AHIG0414 - Roxo 220V,1,Mercado Livre - FULL,AL,Beleza,"R$ 569,00","R$ 96,73","R$ 28,45","R$ 81,65","R$ 156,02","R$ 206,15",5495/3
02/11/2025,AHIG0414 - Roxo 220V,1,Mercado Livre - FULL,MT,Beleza,"R$ 569,00","R$ 96,73","R$ 28,45","R$ 81,65","R$ 156,02","R$ 206,15",5501/3
02/11/2025,AHIG0435 - Preto 220V,1,Mercado Livre - FULL,BA,Beleza,"R$ 569,00","R$ 96,73","R$ 28,45","R$ 81,65","R$ 156,02","R$ 206,15",5503/3
03/11/2025,AHIG0434 - Preto 127V,1,Mercado Livre - FULL,MG,Beleza,"R$ 569,00","R$ 96,73","R$ 28,45","R$ 81,65","R$ 156,02","R$ 206,15",5506/3
03/11/2025,"APRF0842 - Proface c/ Lupa 3,5",1,Mercado Livre - FULL,RS,Biossegurança,"R$ 259,00","R$ 44,03","R$ 23,45","R$ 37,17","R$ 0,00","R$ 154,35",5510/3
03/11/2025,AHIG0434 - Preto 127V,2,Loja Integrada - PagSeguro,,Beleza,"R$ 1.047,98",#N/A,"R$ 28,45","R$ 150,39","R$ 312,04",#N/A,
04/11/2025,AHIG0840 - Branco 220V,1,Mercado Livre - FULL,RS,Beleza,"R$ 551,93","R$ 93,83","R$ 28,45","R$ 79,20","R$ 156,02","R$ 194,43",5532/3
04/11/2025,AHIG0840 - Branco 220V,1,Mercado Livre - FULL,SP,Beleza,"R$ 551,93","R$ 93,83","R$ 28,45","R$ 79,20","R$ 156,02","R$ 194,43",5563/3
04/11/2025,AHIG0434 - Preto 127V,2,Loja integrada - Pix,,Beleza,"R$ 1.145,83","R$ 22,92","R$ 28,45","R$ 164,43","R$ 312,04","R$ 618,00",
05/11/2025,AHIG0839 - Branco 127V,1,Mercado Livre - FULL,SP,Beleza,"R$ 569,00","R$ 96,73","R$ 28,45","R$ 81,65","R$ 156,02","R$ 206,15",5516/3
05/11/2025,AHIG0840 - Branco 220V,1,Loja integrada - Pix,SC,Beleza,"R$ 569,00","R$ 11,38","R$ 36,15","R$ 81,65","R$ 156,02","R$ 283,80",1020/2
06/11/2025,AHIG0435 - Preto 220V,1,Mercado Livre - FULL,PA,Beleza,"R$ 569,00","R$ 96,73","R$ 28,45","R$ 81,65","R$ 156,02","R$ 206,15",5518/3
06/11/2025,AHIG0435 - Preto 220V,1,Mercado Livre - FULL,PA,Beleza,"R$ 569,00","R$ 96,73","R$ 28,45","R$ 81,65","R$ 156,02","R$ 206,15",5520/3
07/11/2025,AHIG0434 - Preto 127V,1,Distribuidor,SP,Beleza,"R$ 333,00","R$ 0,00","R$ 0,00","R$ 86,48","R$ 156,02","R$ 90,50",/1
07/11/2025,AHIG0412 - Roxo 127V,1,Mercado Livre - FULL,MG,Beleza,"R$ 569,00","R$ 96,73","R$ 28,45","R$ 81,65","R$ 156,02","R$ 206,15",5522/3
07/11/2025,AHIG0412 - Roxo 127V,1,Mercado Livre - FULL,PA,Beleza,"R$ 569,00","R$ 96,73","R$ 28,45","R$ 81,65","R$ 156,02","R$ 206,15",5526/3
07/11/2025,"APRF0842 - Proface c/ Lupa 3,5",2,Mercado Livre - FULL,DF,Biossegurança,"R$ 518,00","R$ 88,06","R$ 46,90","R$ 74,33","R$ 0,00","R$ 308,71",5528/3
08/11/2025,AHIG0435 - Preto 220V,1,Mercado Livre - FULL,CE,Beleza,"R$ 569,00","R$ 96,73","R$ 28,45","R$ 81,65","R$ 156,02","R$ 206,15",5530/3
09/11/2025,AHIG0839 - Branco 127V,1,Mercado Livre - FULL,PR,Beleza,"R$ 569,00","R$ 96,73","R$ 28,45","R$ 81,65","R$ 156,02","R$ 206,15",5538//3
09/11/2025,AHIG0435 - Preto 220V,1,Mercado Livre - FULL,SP,Beleza,"R$ 569,00","R$ 96,73","R$ 28,45","R$ 81,65","R$ 156,02","R$ 206,15",5534/3
09/11/2025,AHIG0434 - Preto 127V,1,Mercado Livre - FULL,RJ,Beleza,"R$ 569,00","R$ 96,73","R$ 28,45","R$ 81,65","R$ 156,02","R$ 206,15",5536/3
10/11/2025,AHIG0412 - Roxo 127V,1,Mercado Livre - FULL,ES,Beleza,"R$ 569,00","R$ 96,73","R$ 28,45","R$ 81,65","R$ 156,02","R$ 206,15",5542/3
11/11/2025,AHIG0434 - Preto 127V,2,Distribuidor,SP,Beleza,"R$ 666,00","R$ 0,00","R$ 0,00","R$ 172,96","R$ 312,04","R$ 181,00",/1
11/11/2025,AHIG0412 - Roxo 127V,1,Mercado Livre - Envios,RO,Beleza,"R$ 530,10","R$ 90,12","R$ 26,95","R$ 76,07","R$ 156,02","R$ 180,94",5559/3
11/11/2025,AHIG0414 - Roxo 220V,1,Mercado Livre - FULL,MA,Beleza,"R$ 569,00","R$ 96,73","R$ 28,45","R$ 81,65","R$ 156,02","R$ 206,15",5546/3
11/11/2025,AHIG0840 - Branco 220V,1,Mercado Livre - FULL,PB,Beleza,"R$ 569,00","R$ 96,73","R$ 28,45","R$ 81,65","R$ 156,02","R$ 206,15",5548/3
11/11/2025,AHIG0435 - Preto 220V,1,Mercado Livre - FULL,PE,Beleza,"R$ 569,00","R$ 96,73","R$ 28,45","R$ 81,65","R$ 156,02","R$ 206,15",5550/3
11/11/2025,"APRF0842 - Proface c/ Lupa 3,5",1,Mercado Livre - FULL,PI,Biossegurança,"R$ 569,00","R$ 96,73","R$ 28,45","R$ 81,65","R$ 0,00","R$ 362,17",5552/3
11/11/2025,AHIG0434 - Preto 127V,1,Mercado Livre - FULL,PR,Beleza,"R$ 569,00","R$ 96,73","R$ 28,45","R$ 81,65","R$ 156,02","R$ 206,15",5554/3
11/11/2025,AHIG0434 - Preto 127V,1,Mercado Livre - FULL,SP,Beleza,"R$ 569,00","R$ 96,73","R$ 28,45","R$ 81,65","R$ 156,02","R$ 206,15",5556/3
11/11/2025,AHIG0412 - Roxo 127V,1,Mercado Livre - FULL,BA,Beleza,"R$ 569,00","R$ 96,73","R$ 28,45","R$ 81,65","R$ 156,02","R$ 206,15",5561/3
11/11/2025,AHIG0839 - Branco 127V,1,Mercado Livre - FULL,SP,Beleza,"R$ 569,00","R$ 96,73","R$ 28,45","R$ 81,65","R$ 156,02","R$ 206,15",5558/3
11/11/2025,ALAV0379 - Cuba Ultrassonica 127V,1,Loja Integrada - PagSeguro,SP,Biossegurança,"R$ 881,30",#N/A,"R$ 23,71","R$ 126,47","R$ 343,77",#N/A,1021/2
11/11/2025,ALAV0379 - Cuba Ultrassonica 127V,1,Loja Integrada - PagSeguro,SP,Biossegurança,"R$ 881,30",#N/A,"R$ 0,00","R$ 126,47","R$ 343,77",#N/A,1022/2
11/11/2025,ALAV0379 - Cuba Ultrassonica 127V,1,Loja Integrada - PagSeguro,SP,Biossegurança,"R$ 881,30",#N/A,"R$ 0,00","R$ 126,47","R$ 343,77",#N/A,1023/2
11/11/2025,ALAV0379 - Cuba Ultrassonica 127V,1,Loja Integrada - PagSeguro,SP,Biossegurança,"R$ 881,30",#N/A,"R$ 0,00","R$ 126,47","R$ 343,77",#N/A,1024/2
12/11/2025,AHIG0434 - Preto 127V,1,Mercado Livre - FULL,MT,Beleza,"R$ 569,00","R$ 96,73","R$ 28,45","R$ 81,65","R$ 156,02","R$ 206,15",5567/3
12/11/2025,AHIG0435 - Preto 220V,1,Loja integrada - Pix,SP,Beleza,"R$ 569,00","R$ 11,38","R$ 23,23","R$ 81,65","R$ 156,02","R$ 296,72",1025/2
12/11/2025,AHIG0839 - Branco 127V,1,Mercado Livre - FULL,SP,Beleza,"R$ 569,00","R$ 96,73","R$ 28,45","R$ 81,65","R$ 156,02","R$ 206,15",5563/3
12/11/2025,AHIG0434 - Preto 127V,1,Mercado Livre - FULL,PA,Beleza,"R$ 533,20","R$ 90,64","R$ 28,45","R$ 76,51","R$ 156,02","R$ 181,57",5565/3
13/11/2025,AHIG0434 - Preto 127V,1,Mercado Livre - FULL,SP,Beleza,"R$ 533,20","R$ 90,64","R$ 28,45","R$ 76,51","R$ 156,02","R$ 181,57",5571/3
13/11/2025,AHIG0839 - Branco 127V,1,Mercado Livre - FULL,MT,Beleza,"R$ 569,00","R$ 96,73","R$ 28,45","R$ 81,65","R$ 156,02","R$ 206,15",5581/3
13/11/2025,AHIG0414 - Roxo 220V,1,Amazon BR,SP,Beleza,"R$ 569,00","R$ 101,28","R$ 0,00","R$ 81,65","R$ 156,02","R$ 230,05",117/4
14/11/2025,AHIG0435 - Preto 220V,1,Mercado Livre - FULL,SP,Beleza,"R$ 525,50","R$ 89,34","R$ 28,45","R$ 75,41","R$ 156,02","R$ 176,29",5573/3
14/11/2025,AHIG0434 - Preto 127V,1,Distribuidor,SP,Beleza,"R$ 333,00","R$ 0,00","R$ 0,00","R$ 86,48","R$ 156,02","R$ 90,50",/1
14/11/2025,AHIG0434 - Preto 127V,1,Mercado Livre - FULL,SE,Beleza,"R$ 533,20","R$ 90,64","R$ 28,45","R$ 76,51","R$ 156,02","R$ 181,57",5575/3
14/11/2025,AHIG0435 - Preto 220V,1,Mercado Livre - FULL,CE,Beleza,"R$ 525,50","R$ 89,34","R$ 28,45","R$ 75,41","R$ 156,02","R$ 176,29",5595/3
14/11/2025,AHIG0435 - Preto 220V,1,Mercado Livre - FULL,SP,Beleza,"R$ 525,50","R$ 89,34","R$ 28,45","R$ 75,41","R$ 156,02","R$ 176,29",5583/3
14/11/2025,AHIG0435 - Preto 220V,1,Mercado Livre - FULL,SP,Beleza,"R$ 525,50","R$ 89,34","R$ 28,45","R$ 75,41","R$ 156,02","R$ 176,29",5579/3
14/11/2025,AHIG0435 - Preto 220V,1,Amazon BR,CE,Beleza,"R$ 569,00","R$ 101,28","R$ 0,00","R$ 81,65","R$ 156,02","R$ 230,05",119/4
15/11/2025,AHIG0434 - Preto 127V,1,Mercado Livre - FULL,SP,Beleza,"R$ 533,20","R$ 90,64","R$ 28,45","R$ 76,51","R$ 156,02","R$ 181,57",5585/3
15/11/2025,AHIG0412 - Roxo 127V,1,Mercado Livre - FULL,SP,Beleza,"R$ 541,53","R$ 92,06","R$ 28,45","R$ 77,71","R$ 156,02","R$ 187,29",5587/3
15/11/2025,AHIG0435 - Preto 220V,2,Mercado Livre - FULL,DF,Beleza,"R$ 1.051,00","R$ 178,67","R$ 56,90","R$ 150,82","R$ 312,04","R$ 352,57",5589/3
16/11/2025,AHIG0434 - Preto 127V,1,Mercado Livre - FULL,RJ,Beleza,"R$ 533,20","R$ 90,64","R$ 28,45","R$ 76,51","R$ 156,02","R$ 181,57",5591/3
16/11/2025,AHIG0435 - Preto 220V,1,Mercado Livre - FULL,SP,Beleza,"R$ 525,50","R$ 89,34","R$ 28,45","R$ 75,41","R$ 156,02","R$ 176,29",5599/3
16/11/2025,AHIG0414 - Roxo 220V,1,Mercado Livre - FULL,RN,Beleza,"R$ 524,33","R$ 89,14","R$ 28,45","R$ 75,24","R$ 156,02","R$ 175,48",5597/3
16/11/2025,AHIG0434 - Preto 127V,2,Loja integrada - Pix,GO,Beleza,"R$ 1.174,63","R$ 23,49","R$ 70,77","R$ 168,56","R$ 312,04","R$ 599,77",1026/2
16/11/2025,AHIG0840 - Branco 220V,1,Amazon BR,CE,Beleza,"R$ 569,00","R$ 101,28","R$ 0,00","R$ 81,65","R$ 156,02","R$ 230,05",121/4
17/11/2025,AHIG0434 - Preto 127V,1,Distribuidor,SP,Beleza,"R$ 333,00","R$ 0,00","R$ 0,00","R$ 86,48","R$ 156,02","R$ 90,50",/1
17/11/2025,AHIG0434 - Preto 127V,1,Magalu,SP,Beleza,"R$ 529,17","R$ 78,32","R$ 0,00","R$ 75,94","R$ 156,02","R$ 218,90",1027/2
17/11/2025,AHIG0434 - Preto 127V,1,Loja Integrada - PagSeguro,SP,Beleza,"R$ 569,00",#N/A,"R$ 0,00","R$ 81,65","R$ 156,02",#N/A,1028/2
17/11/2025,AHIG0839 - Branco 127V,1,Amazon BR,MG,Beleza,"R$ 569,00","R$ 101,28","R$ 0,00","R$ 81,65","R$ 156,02","R$ 230,05",123/4
17/11/2025,AHIG0435 - Preto 220V,2,Mercado Livre - FULL,SP,Beleza,"R$ 1.051,00","R$ 178,67","R$ 56,90","R$ 150,82","R$ 312,04","R$ 352,57",5605/3
17/11/2025,AHIG0412 - Roxo 127V,1,Mercado Livre - FULL,SP,Beleza,"R$ 541,53","R$ 92,06","R$ 28,45","R$ 77,71","R$ 156,02","R$ 187,29",5601/3
18/11/2025,AHIG0435 - Preto 220V,1,Mercado Livre - FULL,ES,Beleza,"R$ 525,50","R$ 89,34","R$ 28,45","R$ 75,41","R$ 156,02","R$ 176,29",5609/3
18/11/2025,AHIG0435 - Preto 220V,1,Mercado Livre - FULL,GO,Beleza,"R$ 525,50","R$ 89,34","R$ 28,45","R$ 75,41","R$ 156,02","R$ 176,29",5607/3
20/11/2025,AHIG0839 - Branco 127V,1,Mercado Livre - FULL,PA,Beleza,"R$ 569,00","R$ 96,73","R$ 28,45","R$ 81,65","R$ 156,02","R$ 206,15",5614/3
20/11/2025,AHIG0435 - Preto 220V,1,Mercado Livre - FULL,RS,Beleza,"R$ 525,50","R$ 89,34","R$ 28,45","R$ 75,41","R$ 156,02","R$ 176,29",5616/3
21/11/2025,AHIG0435 - Preto 220V,1,Mercado Livre - FULL,SP,Beleza,"R$ 525,50","R$ 89,34","R$ 28,45","R$ 75,41","R$ 156,02","R$ 176,29",5618/3
21/11/2025,AHIG0435 - Preto 220V,1,Mercado Livre - FULL,TO,Beleza,"R$ 525,50","R$ 89,34","R$ 28,45","R$ 75,41","R$ 156,02","R$ 176,29",5620/3
21/11/2025,AHIG0840 - Branco 220V,1,Mercado Livre - FULL,GO,Beleza,"R$ 569,00","R$ 96,73","R$ 28,45","R$ 81,65","R$ 156,02","R$ 206,15",5692/3
22/11/2025,AHIG0412 - Roxo 127V,1,Mercado Livre - FULL,SP,Beleza,"R$ 524,33","R$ 89,14","R$ 28,45","R$ 75,24","R$ 156,02","R$ 175,48",5676/3
24/11/2025,AHIG0412 - Roxo 127V,1,Mercado Livre - FULL,AM,Beleza,"R$ 541,53","R$ 92,06","R$ 28,45","R$ 77,71","R$ 156,02","R$ 187,29",5686/3
24/11/2025,AHIG0839 - Branco 127V,1,Mercado Livre - FULL,PA,Beleza,"R$ 569,00","R$ 96,73","R$ 28,45","R$ 81,65","R$ 156,02","R$ 206,15",5688/3
24/11/2025,AHIG0435 - Preto 220V,1,Mercado Livre - FULL,GO,Beleza,"R$ 525,50","R$ 89,34","R$ 28,45","R$ 75,41","R$ 156,02","R$ 176,29",5704/3
24/11/2025,AHIG0412 - Roxo 127V,1,Mercado Livre - FULL,PR,Beleza,"R$ 524,33","R$ 89,14","R$ 28,45","R$ 75,24","R$ 156,02","R$ 175,48",5690/3
24/11/2025,AHIG0435 - Preto 220V,2,Distribuidor,SP,Beleza,"R$ 666,00","R$ 0,00","R$ 0,00","R$ 172,96","R$ 312,04","R$ 181,00",/1
24/11/2025,AHIG0434 - Preto 127V,1,Distribuidor,SP,Beleza,"R$ 333,00","R$ 0,00","R$ 0,00","R$ 86,48","R$ 156,02","R$ 90,50",/1
24/11/2025,ALAV0378 - Cuba Ultrassonica 220V,3,Venda direta,MG,Biossegurança,"R$ 2.445,00","R$ 0,00","R$ 0,00","R$ 350,86","R$ 1.031,31","R$ 1.062,83",104175/1
24/11/2025,ALAV0379 - Cuba Ultrassonica 127V,1,Venda direta,MG,Biossegurança,"R$ 815,00","R$ 0,00","R$ 0,00","R$ 116,95","R$ 343,77","R$ 354,28",104175/1
25/11/2025,AHIG0435 - Preto 220V,1,Mercado Livre - FULL,MG,Beleza,"R$ 525,50","R$ 89,34","R$ 28,45","R$ 75,41","R$ 156,02","R$ 176,29",5694/3
25/11/2025,AHIG0435 - Preto 220V,1,Mercado Livre - FULL,SP,Beleza,"R$ 525,50","R$ 89,34","R$ 28,45","R$ 75,41","R$ 156,02","R$ 176,29",5696/3
25/11/2025,AHIG0435 - Preto 220V,1,Mercado Livre - FULL,SP,Beleza,"R$ 525,50","R$ 89,34","R$ 28,45","R$ 75,41","R$ 156,02","R$ 176,29",5698/3
25/11/2025,AHIG0435 - Preto 220V,1,Distribuidor,SP,Beleza,"R$ 333,00","R$ 0,00","R$ 0,00","R$ 86,48","R$ 156,02","R$ 90,50",/1
26/11/2025,CTAP1303 - Tampa Roxa,1,Loja integrada - Pix,SP,Beleza,"R$ 29,10","R$ 0,58","R$ 0,00","R$ 4,18","R$ 30,00","-R$ 5,66",/1
26/11/2025,AHIG0435 - Preto 220V,1,Mercado Livre - FULL,PE,Beleza,"R$ 525,50","R$ 89,34","R$ 28,45","R$ 75,41","R$ 156,02","R$ 176,29",5706/3
27/11/2025,AHIG0434 - Preto 127V,1,Mercado Livre - FULL,SP,Beleza,"R$ 533,20","R$ 90,64","R$ 28,45","R$ 76,51","R$ 156,02","R$ 181,57",5708/3
27/11/2025,AHIG0434 - Preto 127V,1,Mercado Livre - FULL,RJ,Beleza,"R$ 533,20","R$ 90,64","R$ 28,45","R$ 76,51","R$ 156,02","R$ 181,57",5712/3
27/11/2025,AHIG0435 - Preto 220V,1,Mercado Livre - FULL,SP,Beleza,"R$ 525,50","R$ 89,34","R$ 28,45","R$ 75,41","R$ 156,02","R$ 176,29",5710/3
27/11/2025,AHIG0434 - Preto 127V,1,Mercado Livre - FULL,RJ,Beleza,"R$ 533,20","R$ 90,64","R$ 28,45","R$ 76,51","R$ 156,02","R$ 181,57",5718/3
28/11/2025,AHIG0434 - Preto 127V,1,Distribuidor,SP,Beleza,"R$ 333,00","R$ 0,00","R$ 0,00","R$ 86,48","R$ 156,02","R$ 90,50",/1
28/11/2025,AHIG0414 - Roxo 220V,1,Mercado Livre - FULL,SP,Beleza,"R$ 524,33","R$ 89,14","R$ 28,45","R$ 75,24","R$ 156,02","R$ 175,48",5716/3
28/11/2025,AHIG0412 - Roxo 127V,1,Mercado Livre - FULL,MG,Beleza,"R$ 524,33","R$ 89,14","R$ 28,45","R$ 75,24","R$ 156,02","R$ 175,48",5720/3
28/11/2025,AHIG0434 - Preto 127V,1,Mercado Livre - FULL,SP,Beleza,"R$ 533,20","R$ 90,64","R$ 28,45","R$ 76,51","R$ 156,02","R$ 181,57",5722/3
28/11/2025,AHIG0434 - Preto 127V,1,Mercado Livre - FULL,SP,Beleza,"R$ 533,20","R$ 90,64","R$ 28,45","R$ 76,51","R$ 156,02","R$ 181,57",5724/3
28/11/2025,AHIG0435 - Preto 220V,1,Mercado Livre - FULL,SP,Beleza,"R$ 525,50","R$ 89,34","R$ 28,45","R$ 75,41","R$ 156,02","R$ 176,29",5740/3
28/11/2025,AHIG0414 - Roxo 220V,1,Mercado Livre - FULL,BA,Beleza,"R$ 524,33","R$ 89,14","R$ 28,45","R$ 75,24","R$ 156,02","R$ 175,48",5738/3
28/11/2025,AHIG0435 - Preto 220V,1,Mercado Livre - FULL,SP,Beleza,"R$ 525,50","R$ 89,34","R$ 28,45","R$ 75,41","R$ 156,02","R$ 176,29",5728/3
29/11/2025,AHIG0435 - Preto 220V,1,Mercado Livre - FULL,SP,Beleza,"R$ 525,50","R$ 89,34","R$ 28,45","R$ 75,41","R$ 156,02","R$ 176,29",5726/3
30/11/2025,"APRF0842 - Proface c/ Lupa 3,5",1,Mercado Livre - FULL,RJ,Biossegurança,"R$ 259,00","R$ 44,03","R$ 23,45","R$ 37,17","R$ 0,00","R$ 154,35",5754/3
30/11/2025,AHIG0435 - Preto 220V,1,Mercado Livre - FULL,SP,Beleza,"R$ 525,50","R$ 89,34","R$ 23,45","R$ 75,41","R$ 156,02","R$ 181,29",5732/3
30/11/2025,AHIG0412 - Roxo 127V,1,Mercado Livre - FULL,MT,Beleza,"R$ 524,33","R$ 89,14","R$ 28,45","R$ 75,24","R$ 156,02","R$ 175,48",5752/3
30/11/2025,AHIG0434 - Preto 127V,1,Mercado Livre - FULL,PI,Beleza,"R$ 533,20","R$ 90,64","R$ 28,45","R$ 76,51","R$ 156,02","R$ 181,57",5747/3
01/12/2025,AHIG0434 - Preto 127V,1,Mercado Livre - FULL,PR,Beleza,"R$ 533,20","R$ 90,64","R$ 28,45","R$ 76,51","R$ 156,02","R$ 181,57",5743/3
01/12/2025,AHIG0412 - Roxo 127V,1,Mercado Livre - FULL,SP,Beleza,"R$ 524,33","R$ 89,14","R$ 28,45","R$ 75,24","R$ 156,02","R$ 175,48",5745/3
01/12/2025,AHIG0414 - Roxo 220V,1,Mercado Livre - FULL,SP,Beleza,"R$ 524,33","R$ 89,14","R$ 28,45","R$ 75,24","R$ 156,02","R$ 175,48",5750/3
01/12/2025,AHIG0434 - Preto 127V,2,Mercado Livre - FULL,MT,Beleza,"R$ 1.066,40","R$ 181,29","R$ 32,98","R$ 153,03","R$ 312,04","R$ 387,06",5849/3
03/12/2025,AHIG0434 - Preto 127V,1,Distribuidor,SP,Beleza,"R$ 333,00","R$ 0,00","R$ 0,00","R$ 86,48","R$ 156,02","R$ 90,50",/1
03/12/2025,AHIG0435 - Preto 220V,1,Distribuidor,SP,Beleza,"R$ 333,00","R$ 0,00","R$ 0,00","R$ 86,48","R$ 156,02","R$ 90,50",/1
03/12/2025,AHIG0435 - Preto 220V,1,Mercado Livre - FULL,MG,Beleza,"R$ 525,50","R$ 89,34","R$ 28,45","R$ 75,41","R$ 156,02","R$ 176,29",5821/3
03/12/2025,AHIG0435 - Preto 220V,1,Mercado Livre - FULL,SP,Beleza,"R$ 525,50","R$ 89,34","R$ 28,45","R$ 75,41","R$ 156,02","R$ 176,29",5843/3
03/12/2025,AHIG0435 - Preto 220V,1,Mercado Livre - FULL,PE,Beleza,"R$ 525,50","R$ 89,34","R$ 28,45","R$ 75,41","R$ 156,02","R$ 176,29",5845/3
04/12/2025,AHIG0434 - Preto 127V,1,Distribuidor,SP,Beleza,"R$ 333,00","R$ 0,00","R$ 0,00","R$ 86,48","R$ 156,02","R$ 90,50",/1
04/12/2025,AHIG0412 - Roxo 127V,1,Mercado Livre - FULL,RJ,Beleza,"R$ 569,00","R$ 96,73","R$ 28,45","R$ 81,65","R$ 156,02","R$ 206,15",5851/3
04/12/2025,AHIG0434 - Preto 127V,1,Mercado Livre - FULL,SP,Beleza,"R$ 533,20","R$ 90,64","R$ 28,45","R$ 76,51","R$ 156,02","R$ 181,57",5853/3
05/12/2025,AHIG0414 - Roxo 220V,1,Mercado Livre - FULL,MG,Beleza,"R$ 569,00","R$ 96,73","R$ 28,45","R$ 81,65","R$ 156,02","R$ 206,15",5855/3
05/12/2025,AHIG0434 - Preto 127V,1,Mercado Livre - FULL,MA,Beleza,"R$ 533,20","R$ 90,64","R$ 28,45","R$ 76,51","R$ 156,02","R$ 181,57",5861/3
05/12/2025,AHIG0435 - Preto 220V,1,Mercado Livre - FULL,RJ,Beleza,"R$ 569,00","R$ 96,73","R$ 28,45","R$ 81,65","R$ 156,02","R$ 206,15",5859/3
05/12/2025,AHIG0435 - Preto 220V,1,Mercado Livre - FULL,BA,Beleza,"R$ 569,00","R$ 96,73","R$ 28,45","R$ 81,65","R$ 156,02","R$ 206,15",5857/3
06/12/2025,"APRF0841 - Proface c/ Lupa 2,5",1,Mercado Livre - FULL,SP,Biossegurança,"R$ 246,05","R$ 41,83","R$ 23,45","R$ 35,31","R$ 0,00","R$ 145,46",5920/3
06/12/2025,AHIG0435 - Preto 220V,1,Mercado Livre - FULL,DF,Beleza,"R$ 569,00","R$ 96,73","R$ 28,45","R$ 81,65","R$ 156,02","R$ 206,15",5918/3
06/12/2025,AHIG0840 - Branco 220V,1,Mercado Livre - FULL,,Beleza,"R$ 540,55","R$ 91,89","R$ 28,45","R$ 77,57","R$ 156,02","R$ 186,62",
07/12/2025,AHIG0434 - Preto 127V,1,Mercado Livre - FULL,MT,Beleza,"R$ 569,00","R$ 96,73","R$ 28,45","R$ 81,65","R$ 156,02","R$ 206,15",5924/3
07/12/2025,AHIG0434 - Preto 127V,1,Mercado Livre - FULL,MT,Beleza,"R$ 569,00","R$ 96,73","R$ 28,45","R$ 81,65","R$ 156,02","R$ 206,15",5926/3
07/12/2025,AHIG0435 - Preto 220V,1,Mercado Livre - FULL,MG,Beleza,"R$ 569,00","R$ 96,73","R$ 28,45","R$ 81,65","R$ 156,02","R$ 206,15",5928/3
07/12/2025,AHIG0840 - Branco 220V,1,Mercado Livre - FULL,PE,Beleza,"R$ 540,55","R$ 91,89","R$ 28,45","R$ 77,57","R$ 156,02","R$ 186,62",5930/3
08/12/2025,AHIG0840 - Branco 220V,1,Mercado Livre - FULL,MG,Beleza,"R$ 540,55","R$ 91,89","R$ 28,45","R$ 77,57","R$ 156,02","R$ 186,62",5935/3
09/12/2025,AHIG0435 - Preto 220V,1,Mercado Livre - FULL,RS,Beleza,"R$ 569,00","R$ 96,73","R$ 28,45","R$ 81,65","R$ 156,02","R$ 206,15",5932/3
09/12/2025,AHIG0435 - Preto 220V,1,Distribuidor,SP,Beleza,"R$ 333,00","R$ 0,00","R$ 0,00","R$ 86,48","R$ 156,02","R$ 90,50",/1
09/12/2025,AHIG0435 - Preto 220V,1,Loja integrada - Pix,SP,Beleza,"R$ 569,00","R$ 11,38","R$ 23,20","R$ 81,65","R$ 156,02","R$ 296,75",1030/2
09/12/2025,AHIG0840 - Branco 220V,1,Mercado Livre - FULL,MA,Beleza,"R$ 540,55","R$ 91,89","R$ 28,45","R$ 77,57","R$ 156,02","R$ 186,62",5943/3
09/12/2025,AHIG0839 - Branco 127V,1,Mercado Livre - FULL,SP,Beleza,"R$ 540,55","R$ 91,89","R$ 28,45","R$ 77,57","R$ 156,02","R$ 186,62",5937/3
10/12/2025,AHIG0434 - Preto 127V,1,Distribuidor,SP,Beleza,"R$ 333,00","R$ 0,00","R$ 0,00","R$ 86,48","R$ 156,02","R$ 90,50",/1
10/12/2025,AHIG0414 - Roxo 220V,1,Mercado Livre - FULL,MT,Beleza,"R$ 540,55","R$ 91,89","R$ 28,45","R$ 77,57","R$ 156,02","R$ 186,62",5941/3
10/12/2025,AHIG0840 - Branco 220V,1,Mercado Livre - FULL,SP,Beleza,"R$ 540,55","R$ 91,89","R$ 28,45","R$ 77,57","R$ 156,02","R$ 186,62",5947/3
11/12/2025,AHIG0435 - Preto 220V,1,Mercado Livre - FULL,GO,Beleza,"R$ 569,00","R$ 96,73","R$ 28,45","R$ 81,65","R$ 156,02","R$ 206,15",5945/3
11/12/2025,AHIG0434 - Preto 127V,8,Distribuidor,SP,Beleza,"R$ 2.664,00","R$ 0,00","R$ 0,00","R$ 691,84","R$ 1.248,16","R$ 724,00",104500/1
11/12/2025,AHIG0435 - Preto 220V,8,Distribuidor,SP,Beleza,"R$ 2.664,00","R$ 0,00","R$ 0,00","R$ 691,84","R$ 1.248,16","R$ 724,00",104500/1
12/12/2025,AHIG0434 - Preto 127V,1,Distribuidor,SP,Beleza,"R$ 333,00","R$ 0,00","R$ 0,00","R$ 86,48","R$ 156,02","R$ 90,50",104503/1
12/12/2025,AHIG0414 - Roxo 220V,1,Mercado Livre - FULL,RN,Beleza,"R$ 540,55","R$ 91,89","R$ 28,45","R$ 77,57","R$ 156,02","R$ 186,62",5955/3
12/12/2025,AHIG0435 - Preto 220V,1,Mercado Livre - FULL,PE,Beleza,"R$ 569,00","R$ 96,73","R$ 28,45","R$ 81,65","R$ 156,02","R$ 206,15",5953/3
13/12/2025,AHIG0435 - Preto 220V,1,Mercado Livre - FULL,DF,Beleza,"R$ 569,00","R$ 96,73","R$ 28,45","R$ 81,65","R$ 156,02","R$ 206,15",5959/3
13/12/2025,AHIG0839 - Branco 127V,1,Mercado Livre - FULL,MT,Beleza,"R$ 540,55","R$ 91,89","R$ 28,45","R$ 77,57","R$ 156,02","R$ 186,62",5957/3
13/12/2025,AHIG0840 - Branco 220V,1,Mercado Livre - FULL,SP,Beleza,"R$ 540,55","R$ 91,89","R$ 28,45","R$ 77,57","R$ 156,02","R$ 186,62",5970/3
13/12/2025,AHIG0839 - Branco 127V,1,Amazon BR,AM,Beleza,"R$ 569,00","R$ 101,28","R$ 0,00","R$ 81,65","R$ 156,02","R$ 230,05",125/4
14/12/2025,AHIG0839 - Branco 127V,1,Mercado Livre - FULL,PR,Beleza,"R$ 540,55","R$ 91,89","R$ 28,45","R$ 77,57","R$ 156,02","R$ 186,62",5964/3
15/12/2025,AHIG0434 - Preto 127V,1,Mercado Livre - FULL,SP,Beleza,"R$ 569,00","R$ 96,73","R$ 28,45","R$ 81,65","R$ 156,02","R$ 206,15",5966/3
15/12/2025,AHIG0840 - Branco 220V,1,Mercado Livre - FULL,SP,Beleza,"R$ 540,55","R$ 91,89","R$ 28,45","R$ 77,57","R$ 156,02","R$ 186,62",5968/3
16/12/2025,AHIG0434 - Preto 127V,1,Mercado Livre - FULL,ES,Beleza,"R$ 569,00","R$ 96,73","R$ 28,45","R$ 81,65","R$ 156,02","R$ 206,15",5972/3
16/12/2025,AHIG0435 - Preto 220V,1,Mercado Livre - FULL,SP,Beleza,"R$ 569,00","R$ 96,73","R$ 28,45","R$ 81,65","R$ 156,02","R$ 206,15",5979/3
16/12/2025,AHIG0435 - Preto 220V,1,Mercado Livre - FULL,SP,Beleza,"R$ 569,00","R$ 96,73","R$ 28,45","R$ 81,65","R$ 156,02","R$ 206,15",5980/3
16/12/2025,AHIG0840 - Branco 220V,2,Mercado Livre - FULL,MA,Beleza,"R$ 1.081,10","R$ 183,79","R$ 56,90","R$ 155,14","R$ 312,04","R$ 373,24",5976/3
16/12/2025,AHIG0840 - Branco 220V,2,Mercado Livre - FULL,SC,Beleza,"R$ 540,55","R$ 91,89","R$ 25,45","R$ 77,57","R$ 312,04","R$ 33,60",5986/3
17/12/2025,AHIG0839 - Branco 127V,1,Mercado Livre - FULL,RO,Beleza,"R$ 540,55","R$ 91,89","R$ 28,45","R$ 77,57","R$ 156,02","R$ 186,62",6000/3
17/12/2025,AHIG0412 - Roxo 127V,1,Mercado Livre - FULL,SP,Beleza,"R$ 569,00","R$ 96,73","R$ 28,45","R$ 81,65","R$ 156,02","R$ 206,15",5982/3
17/12/2025,AHIG0435 - Preto 220V,1,Mercado Livre - FULL,SP,Beleza,"R$ 569,00","R$ 96,73","R$ 28,45","R$ 81,65","R$ 156,02","R$ 206,15",5988/3
17/12/2025,AHIG0840 - Branco 220V,1,Mercado Livre - FULL,DF,Beleza,"R$ 540,55","R$ 91,89","R$ 28,45","R$ 77,57","R$ 156,02","R$ 186,62",5984/3
18/12/2025,AHIG0434 - Preto 127V,1,Mercado Livre - FULL,SP,Beleza,"R$ 569,00","R$ 96,73","R$ 28,45","R$ 81,65","R$ 156,02","R$ 206,15",5990/3
18/12/2025,AHIG0414 - Roxo 220V,1,Amazon BR,SP,Beleza,"R$ 569,00","R$ 101,28","R$ 0,00","R$ 81,65","R$ 156,02","R$ 230,05",127/4
19/12/2025,AHIG0414 - Roxo 220V,1,Mercado Livre - FULL,MG,Beleza,"R$ 540,55","R$ 91,89","R$ 28,45","R$ 77,57","R$ 156,02","R$ 186,62",5992/3
20/12/2025,AHIG0839 - Branco 127V,1,Mercado Livre - FULL,SP,Beleza,"R$ 540,55","R$ 91,89","R$ 28,45","R$ 77,57","R$ 156,02","R$ 186,62",5994/3
20/12/2025,AHIG0434 - Preto 127V,1,Mercado Livre - FULL,SP,Beleza,"R$ 569,00","R$ 96,73","R$ 28,45","R$ 81,65","R$ 156,02","R$ 206,15",6014/3
21/12/2025,AHIG0414 - Roxo 220V,1,Mercado Livre - FULL,SP,Beleza,"R$ 540,55","R$ 91,89","R$ 28,45","R$ 77,57","R$ 156,02","R$ 186,62",5996/3
21/12/2025,AHIG0434 - Preto 127V,1,Mercado Livre - FULL,SP,Beleza,"R$ 569,00","R$ 96,73","R$ 28,45","R$ 81,65","R$ 156,02","R$ 206,15",5998/3
21/12/2025,AHIG0434 - Preto 127V,1,Mercado Livre - FULL,MG,Beleza,"R$ 569,00","R$ 96,73","R$ 28,45","R$ 81,65","R$ 156,02","R$ 206,15",6004/3
22/12/2025,AHIG0434 - Preto 127V,1,Mercado Livre - FULL,AC,Beleza,"R$ 569,00","R$ 96,73","R$ 28,45","R$ 81,65","R$ 156,02","R$ 206,15",6039/3
22/12/2025,AHIG0840 - Branco 220V,1,Mercado Livre - FULL,AL,Beleza,"R$ 540,55","R$ 91,89","R$ 28,45","R$ 77,57","R$ 156,02","R$ 186,62",6006/3
22/12/2025,AHIG0840 - Branco 220V,1,Mercado Livre - FULL,GO,Beleza,"R$ 540,55","R$ 91,89","R$ 28,45","R$ 77,57","R$ 156,02","R$ 186,62",6016/3
22/12/2025,AHIG0414 - Roxo 220V,1,Mercado Livre - FULL,PE,Beleza,"R$ 540,55","R$ 91,89","R$ 28,45","R$ 77,57","R$ 156,02","R$ 186,62",6037/3
23/12/2025,AHIG0435 - Preto 220V,2,Mercado Livre - FULL,SP,Beleza,"R$ 1.138,00","R$ 193,46","R$ 56,90","R$ 163,30","R$ 312,04","R$ 412,30",6002/3
24/12/2025,AHIG0435 - Preto 220V,1,Mercado Livre - FULL,PR,Beleza,"R$ 569,00","R$ 96,73","R$ 56,90","R$ 81,65","R$ 156,02","R$ 177,70",6012/3
25/12/2025,AHIG0840 - Branco 220V,1,Mercado Livre - FULL,PE,Beleza,"R$ 540,55","R$ 91,89","R$ 28,45","R$ 77,57","R$ 156,02","R$ 186,62",6008/3
28/12/2025,AHIG0435 - Preto 220V,2,Mercado Livre - FULL,SP,Beleza,"R$ 1.138,00","R$ 193,46","R$ 56,90","R$ 163,30","R$ 312,04","R$ 412,30",6018/3
28/12/2025,AHIG0435 - Preto 220V,1,Mercado Livre - FULL,BA,Beleza,"R$ 569,00","R$ 96,73","R$ 28,45","R$ 81,65","R$ 156,02","R$ 206,15",6022/3
29/12/2025,AHIG0840 - Branco 220V,1,Mercado Livre - FULL,CE,Beleza,"R$ 569,00","R$ 96,73","R$ 28,45","R$ 81,65","R$ 156,02","R$ 206,15",6020/3
30/12/2025,AHIG0434 - Preto 127V,1,Mercado Livre - FULL,SP,Beleza,"R$ 569,00","R$ 96,73","R$ 28,45","R$ 81,65","R$ 156,02","R$ 206,15",6024/3
30/12/2025,AHIG0839 - Branco 127V,2,Mercado Livre - FULL,SP,Beleza,"R$ 1.138,00","R$ 193,46","R$ 56,90","R$ 163,30","R$ 312,04","R$ 412,30",6031/3
30/12/2025,AHIG0840 - Branco 220V,1,Mercado Livre - FULL,RS,Beleza,"R$ 569,00","R$ 96,73","R$ 56,90","R$ 81,65","R$ 156,02","R$ 177,70",6035/3
30/12/2025,AHIG0435 - Preto 220V,1,Amazon BR,SC,Beleza,"R$ 569,00","R$ 101,28","R$ 0,00","R$ 81,65","R$ 156,02","R$ 230,05",129/4
01/01/2026,AHIG0434 - Preto 127V,1,Mercado Livre - FULL,MG,Beleza,"R$ 569,00","R$ 96,73","R$ 28,45","R$ 81,65","R$ 0,00","R$ 362,17",6043/3
02/01/2026,AHIG0434 - Preto 127V,1,Mercado Livre - FULL,RJ,Beleza,"R$ 569,00","R$ 96,73","R$ 28,45","R$ 81,03","R$ 156,02","R$ 206,77",6045/3
02/01/2026,AHIG0839 - Branco 127V,1,Mercado Livre - FULL,RJ,Beleza,"R$ 569,00","R$ 96,73","R$ 28,45","R$ 81,03","R$ 156,02","R$ 206,77",6051/3
02/01/2026,AHIG0434 - Preto 127V,1,Mercado Livre - FULL,MG,Beleza,"R$ 569,00","R$ 96,73","R$ 28,45","R$ 81,03","R$ 156,02","R$ 206,77",6053/3
02/01/2026,AHIG0414 - Roxo 220V,1,Mercado Livre - FULL,GO,Beleza,"R$ 569,00","R$ 96,73","R$ 28,45","R$ 81,03","R$ 156,02","R$ 206,77",6057/3
02/01/2026,AHIG0434 - Preto 127V,2,Mercado Livre - FULL,MG,Beleza,"R$ 1.138,00","R$ 193,46","R$ 56,90","R$ 162,05","R$ 312,04","R$ 413,55",6047/3
03/01/2026,AHIG0435 - Preto 220V,1,Mercado Livre - FULL,PA,Beleza,"R$ 569,00","R$ 96,73","R$ 28,45","R$ 81,03","R$ 156,02","R$ 206,77",6049/3
03/01/2026,AHIG0839 - Branco 127V,1,Mercado Livre - FULL,RJ,Beleza,"R$ 569,00","R$ 96,73","R$ 28,45","R$ 81,03","R$ 156,02","R$ 206,77",6055/3
04/01/2026,AHIG0434 - Preto 127V,1,Mercado Livre - FULL,MG,Beleza,"R$ 569,00","R$ 96,73","R$ 28,45","R$ 81,03","R$ 156,02","R$ 206,77",6070/3
05/01/2026,AHIG0839 - Branco 127V,1,Mercado Livre - FULL,SP,Beleza,"R$ 569,00","R$ 96,73","R$ 28,45","R$ 81,03","R$ 156,02","R$ 206,77",6059/3
05/01/2026,AHIG0434 - Preto 127V,2,Mercado Livre - FULL,AC,Beleza,"R$ 1.138,00","R$ 193,46","R$ 56,90","R$ 162,05","R$ 312,04","R$ 413,55",6105/3
05/01/2026,AHIG0434 - Preto 127V,1,Mercado Livre - FULL,PR,Beleza,"R$ 569,00","R$ 96,73","R$ 28,45","R$ 81,03","R$ 156,02","R$ 206,77",6061/3
05/01/2026,AHIG0435 - Preto 220V,1,Mercado Livre - FULL,SC,Beleza,"R$ 569,00","R$ 96,73","R$ 28,45","R$ 81,03","R$ 156,02","R$ 206,77",6065/3
06/01/2026,APRF0843 - Procafe Sem lupa,1,Mercado Livre - FULL,SC,Biossegurança,"R$ 119,25","R$ 20,27","R$ 16,41","R$ 16,98","R$ 0,00","R$ 65,59",6067/3
06/01/2026,CTAP1303 - Tampa Roxa,1,Loja integrada - Pix,SP,Biossegurança,"R$ 45,57","R$ 0,91","R$ 16,47","R$ 6,49","R$ 3,38","R$ 18,32",1031/2
07/01/2026,AHIG0435 - Preto 220V,1,Venda direta,SP,Beleza,"R$ 549,00","R$ 0,00","R$ 0,00","R$ 78,18","R$ 156,02","R$ 314,80",/1
07/01/2026,AHIG0435 - Preto 220V,1,Amazon BR,TO,Beleza,"R$ 569,00","R$ 101,28","R$ 28,45","R$ 81,03","R$ 156,02","R$ 202,22",136/4
07/01/2026,AHIG0435 - Preto 220V,1,Amazon BR,TO,Beleza,"R$ 569,00","R$ 101,28","R$ 28,45","R$ 81,03","R$ 156,02","R$ 202,22",135/4
07/01/2026,AHIG0839 - Branco 127V,1,Mercado Livre - FULL,MG,Beleza,"R$ 569,00","R$ 96,73","R$ 28,45","R$ 81,03","R$ 156,02","R$ 206,77",6072/3
07/01/2026,AHIG0435 - Preto 220V,1,Mercado Livre - FULL,GO,Beleza,"R$ 569,00","R$ 96,73","R$ 28,45","R$ 81,03","R$ 156,02","R$ 206,77",6074/3
07/01/2026,AHIG0839 - Branco 127V,1,Mercado Livre - FULL,RO,Beleza,"R$ 569,00","R$ 96,73","R$ 28,45","R$ 81,03","R$ 156,02","R$ 206,77",6177/3
07/01/2026,AHIG0839 - Branco 127V,1,Mercado Livre - FULL,SP,Beleza,"R$ 569,00","R$ 96,73","R$ 28,45","R$ 81,03","R$ 156,02","R$ 206,77",6084/3
08/01/2026,AHIG0435 - Preto 220V,1,Mercado Livre - FULL,SC,Beleza,"R$ 569,00","R$ 96,73","R$ 28,45","R$ 81,03","R$ 156,02","R$ 206,77",6076/3
08/01/2026,"APRF0842 - Proface 3,5x",1,Mercado Livre - FULL,SP,Biossegurança,"R$ 259,00","R$ 44,03","R$ 28,45","R$ 36,88","R$ 64,03","R$ 85,61",6080/3
08/01/2026,AHIG0435 - Preto 220V,1,Mercado Livre - FULL,SC,Beleza,"R$ 569,00","R$ 96,73","R$ 28,45","R$ 81,03","R$ 156,02","R$ 206,77",6086/3
08/01/2026,AHIG0435 - Preto 220V,1,Mercado Livre - FULL,SP,Beleza,"R$ 569,00","R$ 96,73","R$ 28,45","R$ 81,03","R$ 156,02","R$ 206,77",6078/3
08/01/2026,"APRF0841 - Proface 2,5x",1,Mercado Livre - Envios,DF,Biossegurança,"R$ 254,00","R$ 43,18","R$ 23,45","R$ 36,17","R$ 68,28","R$ 82,92",6111/3
09/01/2026,AHIG0435 - Preto 220V,1,Mercado Livre - FULL,MS,Beleza,"R$ 569,00","R$ 96,73","R$ 28,45","R$ 81,03","R$ 156,02","R$ 206,77",6082/3
09/01/2026,AHIG0435 - Preto 220V,2,Mercado Livre - FULL,GO,Beleza,"R$ 1.138,00","R$ 193,46","R$ 56,90","R$ 162,05","R$ 312,04","R$ 413,55",6088/3
09/01/2026,AHIG0840 - Branco 220V,1,Mercado Livre - FULL,PI,Beleza,"R$ 569,00","R$ 96,73","R$ 28,45","R$ 81,03","R$ 156,02","R$ 206,77",6090/3
09/01/2026,AHIG0434 - Preto 127V,1,Mercado Livre - FULL,BA,Beleza,"R$ 569,00","R$ 96,73","R$ 28,45","R$ 81,03","R$ 156,02","R$ 206,77",6094/3
09/01/2026,AHIG0435 - Preto 220V,1,Mercado Livre - FULL,SC,Beleza,"R$ 569,00","R$ 96,73","R$ 28,45","R$ 81,03","R$ 156,02","R$ 206,77",6181/3
09/01/2026,AHIG0839 - Branco 127V,1,Mercado Livre - FULL,SE,Beleza,"R$ 569,00","R$ 96,73","R$ 28,45","R$ 81,03","R$ 156,02","R$ 206,77",6097/3
10/01/2026,AHIG0435 - Preto 220V,1,Mercado Livre - FULL,SP,Beleza,"R$ 569,00","R$ 96,73","R$ 28,45","R$ 81,03","R$ 156,02","R$ 206,77",6108/3
10/01/2026,AHIG0435 - Preto 220V,1,Mercado Livre - FULL,TO,Beleza,"R$ 569,00","R$ 96,73","R$ 28,45","R$ 81,03","R$ 156,02","R$ 206,77",6110/3
10/01/2026,AHIG0840 - Branco 220V,1,Mercado Livre - FULL,SC,Beleza,"R$ 544,00","R$ 92,48","R$ 28,45","R$ 77,47","R$ 156,02","R$ 189,58",6103/3
10/01/2026,AHIG0435 - Preto 220V,1,Mercado Livre - FULL,RS,Beleza,"R$ 569,00","R$ 96,73","R$ 28,45","R$ 81,03","R$ 156,02","R$ 206,77",6099/3
10/01/2026,AHIG0434 - Preto 127V,1,Mercado Livre - FULL,MG,Beleza,"R$ 569,00","R$ 96,73","R$ 28,45","R$ 81,03","R$ 156,02","R$ 206,77",6101/3
10/01/2026,ALAV0379 - Cuba Ultrassonica 127V,1,Mercado Livre - Envios,PA,Biossegurança,"R$ 1.280,00","R$ 217,60","R$ 44,45","R$ 182,27","R$ 343,77","R$ 491,91",6114/3
12/01/2026,AHIG0434 - Preto 127V,1,Mercado Livre - FULL,MG,Beleza,"R$ 551,93","R$ 93,83","R$ 28,45","R$ 78,59","R$ 156,02","R$ 195,04",6113/3
12/01/2026,"APRF0841 - Proface 2,5x",1,Mercado Livre - FULL,SC,Biossegurança,"R$ 569,00","R$ 96,73","R$ 28,45","R$ 81,03","R$ 68,28","R$ 294,51",6122/3
12/01/2026,AHIG0435 - Preto 220V,1,Mercado Livre - FULL,GO,Beleza,"R$ 569,00","R$ 96,73","R$ 28,45","R$ 81,03","R$ 156,02","R$ 206,77",6169/3
12/01/2026,AHIG0414 - Roxo 220V,1,Mercado Livre - FULL,MA,Beleza,"R$ 569,00","R$ 96,73","R$ 28,45","R$ 81,03","R$ 156,02","R$ 206,77",6116/3
12/01/2026,"APRF0841 - Proface 2,5x",1,Mercado Livre - FULL,MS,Biossegurança,"R$ 259,00","R$ 44,03","R$ 28,45","R$ 36,88","R$ 68,28","R$ 81,36",6167/3
12/01/2026,AHIG0435 - Preto 220V,1,Mercado Livre - FULL,RN,Beleza,"R$ 544,00","R$ 92,48","R$ 28,45","R$ 77,47","R$ 156,02","R$ 189,58",6118/3
12/01/2026,AHIG0435 - Preto 220V,1,Mercado Livre - FULL,SP,Beleza,"R$ 569,00","R$ 96,73","R$ 28,45","R$ 81,03","R$ 156,02","R$ 206,77",6140/3
12/01/2026,AHIG0434 - Preto 127V,1,Mercado Livre - FULL,RO,Beleza,"R$ 551,93","R$ 93,83","R$ 28,45","R$ 78,59","R$ 156,02","R$ 195,04",6191/3
12/01/2026,AHIG0435 - Preto 220V,1,Mercado Livre - FULL,SP,Beleza,"R$ 544,00","R$ 92,48","R$ 28,45","R$ 77,47","R$ 156,02","R$ 189,58",6120/3
13/01/2026,ALAV0379 - Cuba Ultrassonica 127V,1,Mercado Livre - Envios,SP,Biossegurança,"R$ 1.280,00","R$ 217,60","R$ 44,45","R$ 182,27","R$ 343,77","R$ 491,91",6149/3
13/01/2026,AHIG0434 - Preto 127V,1,Mercado Livre - FULL,SP,Beleza,"R$ 551,93","R$ 93,83","R$ 28,45","R$ 78,59","R$ 156,02","R$ 195,04",6124/3
13/01/2026,AHIG0434 - Preto 127V,1,Mercado Livre - FULL,MG,Beleza,"R$ 551,93","R$ 93,83","R$ 28,45","R$ 78,59","R$ 156,02","R$ 195,04",6165/3
13/01/2026,AHIG0412 - Roxo 127V,1,Mercado Livre - FULL,PI,Beleza,"R$ 569,00","R$ 96,73","R$ 28,45","R$ 81,03","R$ 156,02","R$ 206,77",6155/3
10/01/2026,AHIG0435 - Preto 220V,1,Amazon BR,CE,Beleza,"R$ 569,00","R$ 101,28","R$ 0,00","R$ 81,03","R$ 156,02","R$ 230,67",138/4
14/01/2026,AHIG0414 - Roxo 220V,1,Mercado Livre - FULL,SP,Beleza,"R$ 569,00","R$ 96,73","R$ 28,45","R$ 81,03","R$ 156,02","R$ 206,77",6171/3
14/01/2026,AHIG0839 - Branco 127V,1,Mercado Livre - FULL,RJ,Beleza,"R$ 569,00","R$ 96,73","R$ 28,45","R$ 81,03","R$ 156,02","R$ 206,77",6173/3
14/01/2026,AHIG0840 - Branco 220V,1,Mercado Livre - FULL,RN,Beleza,"R$ 569,00","R$ 96,73","R$ 28,45","R$ 81,03","R$ 156,02","R$ 206,77",6175/3
15/01/2026,AHIG0840 - Branco 220V,1,Mercado Livre - FULL,SP,Beleza,"R$ 569,00","R$ 96,73","R$ 28,45","R$ 81,03","R$ 156,02","R$ 206,77",6189/3
15/01/2026,AHIG0434 - Preto 127V,2,Mercado Livre - FULL,ES,Beleza,"R$ 1.103,86","R$ 187,66","R$ 56,90","R$ 157,19","R$ 312,04","R$ 390,07",6179/3
15/01/2026,AHIG0839 - Branco 127V,1,Mercado Livre - FULL,RJ,Beleza,"R$ 569,00","R$ 96,73","R$ 28,45","R$ 81,03","R$ 156,02","R$ 206,77",6183/3
16/01/2026,AHIG0434 - Preto 127V,1,Mercado Livre - FULL,SP,Beleza,"R$ 551,93","R$ 93,83","R$ 28,45","R$ 78,59","R$ 156,02","R$ 195,04",6185/3
16/01/2026,AHIG0434 - Preto 127V,1,Mercado Livre - FULL,SP,Beleza,"R$ 551,93","R$ 93,83","R$ 28,45","R$ 78,59","R$ 156,02","R$ 195,04",6187/3
17/01/2026,AHIG0839 - Branco 127V,1,Mercado Livre - Envios,MG,Beleza,"R$ 589,00","R$ 100,13","R$ 26,95","R$ 83,87","R$ 156,02","R$ 222,03",6202/3
17/01/2026,AHIG0840 - Branco 220V,1,Mercado Livre - FULL,SP,Beleza,"R$ 569,00","R$ 96,73","R$ 28,45","R$ 81,03","R$ 156,02","R$ 206,77",6201/3
17/01/2026,AHIG0434 - Preto 127V,1,Mercado Livre - FULL,MT,Beleza,"R$ 569,00","R$ 96,73","R$ 28,45","R$ 81,03","R$ 156,02","R$ 206,77",6193/3
18/01/2026,AHIG0434 - Preto 127V,1,Mercado Livre - FULL,SP,Beleza,"R$ 569,00","R$ 96,73","R$ 28,45","R$ 81,03","R$ 156,02","R$ 206,77",6195/3
19/01/2026,"APRF0841 - Proface 2,5x",1,Mercado Livre - FULL,SP,Biossegurança,"R$ 259,00","R$ 44,03","R$ 23,45","R$ 36,88","R$ 68,28","R$ 86,36",6197/3
20/01/2026,AHIG0434 - Preto 127V,1,Mercado Livre - FULL,SP,Beleza,"R$ 551,93","R$ 93,83","R$ 28,45","R$ 78,59","R$ 156,02","R$ 195,04",6204/3
21/01/2026,AHIG0435 - Preto 220V,2,Distribuidor,SP,Beleza,"R$ 768,14","R$ 0,00","R$ 340,91","R$ 198,64","R$ 312,04","-R$ 83,45",/1
21/01/2026,AHIG0840 - Branco 220V,1,Distribuidor,SP,Beleza,"R$ 384,07","R$ 0,00","R$ 0,00","R$ 99,32","R$ 156,02","R$ 128,73",/1
21/01/2026,AHIG0414 - Roxo 220V,3,Distribuidor,SP,Beleza,"R$ 1.152,21","R$ 0,00","R$ 0,00","R$ 297,96","R$ 468,06","R$ 386,19",/1
21/01/2026,AHIG0412 - Roxo 127V,1,Mercado Livre - FULL,SP,Beleza,"R$ 569,00","R$ 96,73","R$ 28,45","R$ 81,03","R$ 156,02","R$ 206,77",6208/3
21/01/2026,AHIG0412 - Roxo 127V,1,Mercado Livre - FULL,MG,Beleza,"R$ 569,00","R$ 96,73","R$ 28,45","R$ 81,03","R$ 156,02","R$ 206,77",6206/3
21/01/2026,AHIG0434 - Preto 127V,1,Mercado Livre - FULL,PE,Beleza,"R$ 551,93","R$ 93,83","R$ 28,45","R$ 78,59","R$ 156,02","R$ 195,04",6210/3
16/01/2026,AHIG0434 - Preto 127V,1,Amazon BR,SP,Beleza,"R$ 559,00","R$ 99,50","R$ 8,90","R$ 79,60","R$ 156,02","R$ 214,98",140/4
18/01/2026,AHIG0840 - Branco 220V,1,Amazon BR,SP,Beleza,"R$ 569,00","R$ 101,28","R$ 8,90","R$ 81,03","R$ 156,02","R$ 221,77",142/4
19/01/2026,AHIG0435 - Preto 220V,1,Amazon BR,PR,Beleza,"R$ 569,00","R$ 101,28","R$ 8,90","R$ 81,03","R$ 156,02","R$ 221,77",144/4
22/01/2026,AHIG0412 - Roxo 127V,1,Mercado Livre - FULL,SP,Beleza,"R$ 569,00","R$ 96,73","R$ 28,73","R$ 81,03","R$ 156,02","R$ 206,49",6212/3
23/01/2026,AHIG0434 - Preto 127V,1,Mercado Livre - FULL,SP,Beleza,"R$ 551,93","R$ 93,83","R$ 28,45","R$ 78,59","R$ 156,02","R$ 195,04",6220/3
23/01/2026,ALAV0378 - Cuba Ultrassonica 220V,1,Mercado Livre - Envios,SP,Biossegurança,"R$ 1.289,00","R$ 219,13","R$ 44,45","R$ 183,55","R$ 343,77","R$ 498,10",6222/3
23/01/2026,"ALUP0420 - Lupa 2,5x",2,Mercado Livre - Envios,SC,Biossegurança,"R$ 609,80","R$ 103,67","R$ 42,90","R$ 86,84","R$ 69,04","R$ 307,36",6229/3
23/01/2026,AHIG0435 - Preto 220V,1,Mercado Livre - FULL,SP,Beleza,"R$ 569,00","R$ 96,73","R$ 28,45","R$ 81,03","R$ 156,02","R$ 206,77",6235/3
23/01/2026,AHIG0840 - Branco 220V,1,Amazon BR,RJ,Beleza,"R$ 569,00","R$ 101,28","R$ 0,00","R$ 81,03","R$ 156,02","R$ 230,67",146/4
25/01/2026,AHIG0434 - Preto 127V,1,Mercado Livre - FULL,SP,Beleza,"R$ 551,93","R$ 93,83","R$ 28,45","R$ 78,59","R$ 156,02","R$ 195,04",6224/3
26/01/2026,AHIG0435 - Preto 220V,2,Distribuidor,SP,Beleza,"R$ 666,00","R$ 0,00","R$ 0,00","R$ 172,23","R$ 312,04","R$ 181,73",/1
25/01/2026,AHIG0434 - Preto 127V,1,Mercado Livre - FULL,PI,Beleza,"R$ 551,93","R$ 93,83","R$ 28,45","R$ 78,59","R$ 156,02","R$ 195,04",6226/3
26/01/2026,AHIG0435 - Preto 220V,1,Mercado Livre - FULL,DF,Beleza,"R$ 569,00","R$ 96,73","R$ 28,45","R$ 81,03","R$ 156,02","R$ 206,77",6228/3
26/01/2026,AHIG0435 - Preto 220V,1,Mercado Livre - FULL,CE,Beleza,"R$ 569,00","R$ 96,73","R$ 28,45","R$ 81,03","R$ 156,02","R$ 206,77",6231/3
26/01/2026,AHIG0434 - Preto 127V,1,Mercado Livre - FULL,SP,Beleza,"R$ 551,93","R$ 93,83","R$ 28,45","R$ 78,59","R$ 156,02","R$ 195,04",6233/3
27/01/2026,AHIG0414 - Roxo 220V,1,Mercado Livre - FULL,PA,Beleza,"R$ 551,93","R$ 93,83","R$ 28,45","R$ 78,59","R$ 156,02","R$ 195,04",6237/3
29/01/2026,AHIG0435 - Preto 220V,2,Distribuidor,SP,Beleza,"R$ 666,00","R$ 0,00","R$ 0,00","R$ 172,23","R$ 312,04","R$ 181,73",/1
28/01/2026,CTAP1549 - Tampa Fumê,1,Loja integrada - Pix,MG,Biossegurança,"R$ 53,46","R$ 1,07","R$ 23,46","R$ 7,61","R$ 3,75","R$ 17,57",1032/2
28/01/2026,"APRF0841 - Proface 2,5x",1,Mercado Livre - FULL,SP,Biossegurança,"R$ 259,00","R$ 44,03","R$ 23,45","R$ 36,88","R$ 68,28","R$ 86,36",6240/3
28/01/2026,AHIG0434 - Preto 127V,1,Mercado Livre - FULL,MG,Beleza,"R$ 551,93","R$ 93,83","R$ 28,45","R$ 78,59","R$ 156,02","R$ 195,04",6242/3
28/01/2026,AHIG0434 - Preto 127V,1,Mercado Livre - FULL,AM,Beleza,"R$ 551,93","R$ 93,83","R$ 28,45","R$ 78,59","R$ 156,02","R$ 195,04",6308/3
28/01/2026,AHIG0435 - Preto 220V,1,Amazon BR,CE,Beleza,"R$ 569,00","R$ 101,28","R$ 0,00","R$ 81,03","R$ 156,02","R$ 230,67",148/4
28/01/2026,AHIG0434 - Preto 127V,1,Mercado Livre - FULL,MG,Beleza,"R$ 551,93","R$ 93,83","R$ 28,45","R$ 78,59","R$ 156,02","R$ 195,04",6246/3
29/01/2026,AHIG0435 - Preto 220V,1,Mercado Livre - FULL,RJ,Beleza,"R$ 551,93","R$ 93,83","R$ 28,45","R$ 78,59","R$ 156,02","R$ 195,04",6248/3
30/01/2026,AHIG0435 - Preto 220V,1,Mercado Livre - FULL,SP,Beleza,"R$ 551,93","R$ 93,83","R$ 28,45","R$ 78,59","R$ 156,02","R$ 195,04",6254/3
01/02/2026,AHIG0435 - Preto 220V,1,Mercado Livre - FULL,PE,Beleza,"R$ 551,93","R$ 93,83","R$ 28,45","R$ 78,59","R$ 156,02","R$ 195,04",6274/3
02/02/2026,AHIG0435 - Preto 220V,1,Distribuidor,SP,Beleza,"R$ 333,00","R$ 0,00","R$ 0,00","R$ 86,11","R$ 156,02","R$ 90,87",/1
02/02/2026,"APRF0842 - Proface 3,5x",1,Mercado Livre - FULL,BA,Biossegurança,"R$ 259,00","R$ 44,03","R$ 23,45","R$ 36,88","R$ 64,03","R$ 90,61",6300/3
03/02/2026,ALAV0379 - Cuba Ultrassonica 127V,1,Mercado Livre - FULL,MS,Biossegurança,"R$ 1.280,00","R$ 217,60","R$ 44,45","R$ 182,27","R$ 343,77","R$ 491,91",6309/3
03/02/2026,AHIG0840 - Branco 220V,1,Mercado Livre - FULL,TO,Beleza,"R$ 551,93","R$ 93,83","R$ 28,45","R$ 78,59","R$ 156,02","R$ 195,04",6311/3
04/02/2026,AHIG0435 - Preto 220V,1,Distribuidor,SP,Beleza,"R$ 333,00","R$ 0,00","R$ 0,00","R$ 86,11","R$ 156,02","R$ 90,87",/1
04/02/2026,AHIG0434 - Preto 127V,1,Amazon BR,SP,Beleza,"R$ 559,00","R$ 99,50","R$ 0,00","R$ 79,60","R$ 156,02","R$ 223,88",
05/02/2026,"APRF0842 - Proface 3,5x",1,Mercado Livre - FULL,MG,Biossegurança,"R$ 259,00","R$ 44,03","R$ 23,45","R$ 36,88","R$ 64,03","R$ 90,61",6313/3
05/02/2026,AHIG0435 - Preto 220V,1,Mercado Livre - FULL,TO,Beleza,"R$ 551,93","R$ 93,83","R$ 28,45","R$ 78,59","R$ 156,02","R$ 195,04",6317/3
05/02/2026,AHIG0435 - Preto 220V,1,Mercado Livre - FULL,RS,Beleza,"R$ 551,93","R$ 93,83","R$ 28,45","R$ 78,59","R$ 156,02","R$ 195,04",6319/3
06/02/2026,ALAV0379 - Cuba Ultrassonica 127V,1,Mercado Livre - Envios,PE,Biossegurança,"R$ 1.280,00","R$ 217,60","R$ 44,45","R$ 182,27","R$ 343,77","R$ 491,91",6326/3
06/02/2026,AHIG0435 - Preto 220V,1,Mercado Livre - FULL,SP,Beleza,"R$ 551,93","R$ 93,83","R$ 44,45","R$ 78,59","R$ 156,02","R$ 179,04",6321/3
08/02/2026,AHIG0840 - Branco 220V,1,Mercado Livre - FULL,TO,Beleza,"R$ 551,93","R$ 93,83","R$ 44,45","R$ 78,59","R$ 156,02","R$ 179,04",6323/3
09/02/2026,AHIG0435 - Preto 220V,1,Distribuidor,SP,Beleza,"R$ 333,00","R$ 0,00","R$ 0,00","R$ 86,11","R$ 156,02","R$ 90,87",/1
09/02/2026,AHIG0839 - Branco 127V,1,Mercado Livre - FULL,SP,Beleza,"R$ 551,93","R$ 93,83","R$ 0,00","R$ 78,59","R$ 156,02","R$ 223,49",6328/3
11/02/2026,AHIG0840 - Branco 220V,1,Mercado Livre - FULL,SC,Beleza,"R$ 551,93","R$ 93,83","R$ 28,45","R$ 78,59","R$ 156,02","R$ 195,04",6340/3
11/02/2026,AHIG0434 - Preto 127V,1,Mercado Livre - FULL,SP,Beleza,"R$ 551,93","R$ 93,83","R$ 28,45","R$ 78,59","R$ 156,02","R$ 195,04",6330/3
11/02/2026,AHIG0840 - Branco 220V,1,Mercado Livre - FULL,BA,Beleza,"R$ 551,93","R$ 93,83","R$ 28,45","R$ 78,59","R$ 156,02","R$ 195,04",6332/3
11/02/2026,AHIG0840 - Branco 220V,1,Mercado Livre - FULL,SP,Beleza,"R$ 551,93","R$ 93,83","R$ 28,45","R$ 78,59","R$ 156,02","R$ 195,04",6334/3
11/02/2026,AHIG0435 - Preto 220V,1,Mercado Livre - FULL,MA,Beleza,"R$ 551,93","R$ 93,83","R$ 28,45","R$ 78,59","R$ 156,02","R$ 195,04",6336/3
11/02/2026,AHIG0435 - Preto 220V,1,Mercado Livre - FULL,MG,Beleza,"R$ 551,93","R$ 93,83","R$ 28,45","R$ 78,59","R$ 156,02","R$ 195,04",6338/3
12/02/2026,AHIG0839 - Branco 127V,1,Mercado Livre - Envios,SP,Beleza,"R$ 589,00","R$ 100,13","R$ 28,45","R$ 83,87","R$ 156,02","R$ 220,53",6347/3
12/02/2026,AHIG0434 - Preto 127V,1,Mercado Livre - FULL,PR,Beleza,"R$ 551,93","R$ 93,83","R$ 28,45","R$ 78,59","R$ 156,02","R$ 195,04",6342/3
12/02/2026,AHIG0414 - Roxo 220V,1,Mercado Livre - FULL,RJ,Beleza,"R$ 551,93","R$ 93,83","R$ 28,45","R$ 78,59","R$ 156,02","R$ 195,04",6344/3
12/02/2026,AHIG0840 - Branco 220V,1,Mercado Livre - FULL,SP,Beleza,"R$ 551,93","R$ 93,83","R$ 28,45","R$ 78,59","R$ 156,02","R$ 195,04",6353/3
12/02/2026,"APRF0842 - Proface 3,5x",1,Mercado Livre - FULL,MT,Biossegurança,"R$ 551,93","R$ 93,83","R$ 28,45","R$ 78,59","R$ 64,03","R$ 287,03",6346/3
12/02/2026,AHIG0840 - Branco 220V,1,Mercado Livre - FULL,SP,Beleza,"R$ 551,93","R$ 93,83","R$ 28,45","R$ 78,59","R$ 156,02","R$ 195,04",6373/3
13/02/2026,AHIG0839 - Branco 127V,1,Mercado Livre - FULL,MG,Beleza,"R$ 551,93","R$ 93,83","R$ 28,45","R$ 78,59","R$ 156,02","R$ 195,04",6357/3
13/02/2026,AHIG0839 - Branco 127V,1,Mercado Livre - FULL,MG,Beleza,"R$ 551,93","R$ 93,83","R$ 28,45","R$ 78,59","R$ 156,02","R$ 195,04",6349/3
13/02/2026,AHIG0840 - Branco 220V,1,Mercado Livre - FULL,GO,Beleza,"R$ 551,93","R$ 93,83","R$ 28,45","R$ 78,59","R$ 156,02","R$ 195,04",6351/3
13/02/2026,AHIG0435 - Preto 220V,1,Mercado Livre - FULL,PA,Beleza,"R$ 551,93","R$ 93,83","R$ 28,45","R$ 78,59","R$ 156,02","R$ 195,04",6361/3
13/02/2026,AHIG0435 - Preto 220V,1,Mercado Livre - FULL,PA,Beleza,"R$ 551,93","R$ 93,83","R$ 28,45","R$ 78,59","R$ 156,02","R$ 195,04",6359/3
14/02/2026,AHIG0435 - Preto 220V,1,Mercado Livre - FULL,PR,Beleza,"R$ 551,93","R$ 93,83","R$ 28,45","R$ 78,59","R$ 156,02","R$ 195,04",6355/3
15/02/2026,AHIG0434 - Preto 127V,1,Mercado Livre - FULL,PA,Beleza,"R$ 551,93","R$ 93,83","R$ 28,45","R$ 78,59","R$ 156,02","R$ 195,04",6363/3
15/02/2026,AHIG0434 - Preto 127V,1,Mercado Livre - FULL,SP,Beleza,"R$ 569,00","R$ 96,73","R$ 28,45","R$ 81,03","R$ 156,02","R$ 206,77",6365/3
15/02/2026,AHIG0434 - Preto 127V,1,Mercado Livre - FULL,RJ,Beleza,"R$ 569,00","R$ 96,73","R$ 28,45","R$ 81,03","R$ 156,02","R$ 206,77",6367/3
15/02/2026,AHIG0434 - Preto 127V,1,Mercado Livre - FULL,SP,Beleza,"R$ 569,00","R$ 96,73","R$ 28,45","R$ 81,03","R$ 156,02","R$ 206,77",6369/3
17/02/2026,AHIG0839 - Branco 127V,1,Mercado Livre - FULL,PE,Beleza,"R$ 569,00","R$ 96,73","R$ 28,45","R$ 81,03","R$ 156,02","R$ 206,77",6375/3
17/02/2026,AHIG0434 - Preto 127V,1,Mercado Livre - FULL,SP,Beleza,"R$ 569,00","R$ 96,73","R$ 28,45","R$ 81,03","R$ 156,02","R$ 206,77",6377/3
17/02/2026,AHIG0434 - Preto 127V,1,Mercado Livre - FULL,MT,Beleza,"R$ 569,00","R$ 96,73","R$ 28,45","R$ 81,03","R$ 156,02","R$ 206,77",6379/3
17/02/2026,"APRF0842 - Proface 3,5x",1,Mercado Livre - FULL,PB,Biossegurança,"R$ 259,00","R$ 44,03","R$ 28,45","R$ 36,88","R$ 64,03","R$ 85,61",6381/3
18/02/2026,AHIG0414 - Roxo 220V,1,Mercado Livre - FULL,SC,Beleza,"R$ 569,00","R$ 96,73","R$ 28,45","R$ 81,03","R$ 156,02","R$ 206,77",6383/3
18/02/2026,AHIG0839 - Branco 127V,1,Mercado Livre - FULL,RJ,Beleza,"R$ 569,00","R$ 96,73","R$ 28,45","R$ 81,03","R$ 156,02","R$ 206,77",6385/3
19/02/2026,CTAP1303 - Tampa Roxa,1,Loja integrada - Pix,MG,Beleza,"R$ 58,45","R$ 1,17","R$ 28,45","R$ 8,32","R$ 3,38","R$ 17,13",1035/2
20/02/2026,AHIG0435 - Preto 220V,1,Distribuidor,SP,Beleza,"R$ 333,00","R$ 0,00","R$ 0,00","R$ 86,11","R$ 156,02","R$ 90,87",/1
23/02/2026,AHIG0435 - Preto 220V,2,Distribuidor,SP,Beleza,"R$ 666,00","R$ 0,00","R$ 0,00","R$ 172,23","R$ 312,04","R$ 181,73",/1
19/02/2026,AHIG0840 - Branco 220V,1,Mercado Livre - FULL,BA,Beleza,"R$ 569,00","R$ 96,73","R$ 28,45","R$ 81,03","R$ 156,02","R$ 206,77",6391/3
20/02/2026,AHIG0434 - Preto 127V,1,Mercado Livre - FULL,SP,Beleza,"R$ 569,00","R$ 96,73","R$ 28,45","R$ 81,03","R$ 156,02","R$ 206,77",6387/3
20/02/2026,AHIG0434 - Preto 127V,1,Mercado Livre - FULL,RJ,Beleza,"R$ 569,00","R$ 96,73","R$ 28,45","R$ 81,03","R$ 156,02","R$ 206,77",6389/3
23/02/2026,"APRF0842 - Proface 3,5x",1,Mercado Livre - Envios,RS,Biossegurança,"R$ 254,00","R$ 43,18","R$ 28,45","R$ 36,17","R$ 64,03","R$ 82,17",6404/3
20/02/2026,AHIG0839 - Branco 127V,1,Mercado Livre - FULL,SC,Beleza,"R$ 569,00","R$ 96,73","R$ 28,45","R$ 81,03","R$ 156,02","R$ 206,77",6395/3
20/02/2026,APRF0843 - Procafe Sem lupa,1,Mercado Livre - FULL,SP,Biossegurança,"R$ 254,00","R$ 43,18","R$ 28,45","R$ 36,17","R$ 0,00","R$ 146,20",6393/3
23/02/2026,ALAV0378 - Cuba Ultrassonica 220V,1,Mercado Livre - Envios,SE,Biossegurança,"R$ 1.280,00","R$ 217,60","R$ 44,45","R$ 182,27","R$ 343,77","R$ 491,91",6405/3
21/02/2026,AHIG0412 - Roxo 127V,1,Mercado Livre - FULL,SP,Beleza,"R$ 569,00","R$ 96,73","R$ 28,45","R$ 81,03","R$ 156,02","R$ 206,77",6397/3
22/02/2026,"APRF0841 - Proface 2,5x",1,Mercado Livre - FULL,SE,Biossegurança,"R$ 259,00","R$ 44,03","R$ 28,45","R$ 36,88","R$ 68,28","R$ 81,36",6399/3
22/02/2026,"APRF0842 - Proface 3,5x",1,Mercado Livre - FULL,RJ,Biossegurança,"R$ 518,00","R$ 88,06","R$ 28,45","R$ 73,76","R$ 64,03","R$ 263,70",6401/3
22/02/2026,AHIG0435 - Preto 220V,1,Mercado Livre - FULL,SC,Beleza,"R$ 569,00","R$ 96,73","R$ 28,45","R$ 81,03","R$ 156,02","R$ 206,77",6403/3
23/02/2026,AHIG0434 - Preto 127V,2,Mercado Livre - FULL,RO,Beleza,"R$ 1.138,00","R$ 193,46","R$ 56,90","R$ 162,05","R$ 312,04","R$ 413,55",6440/3
23/02/2026,AHIG0435 - Preto 220V,1,Mercado Livre - FULL,SP,Beleza,"R$ 569,00","R$ 96,73","R$ 56,90","R$ 81,03","R$ 156,02","R$ 178,32",6411/3
23/02/2026,AHIG0839 - Branco 127V,1,Mercado Livre - FULL,PR,Beleza,"R$ 569,00","R$ 96,73","R$ 56,90","R$ 81,03","R$ 156,02","R$ 178,32",6419/3
23/02/2026,AHIG0840 - Branco 220V,1,Mercado Livre - FULL,PA,Beleza,"R$ 569,00","R$ 96,73","R$ 56,90","R$ 81,03","R$ 156,02","R$ 178,32",6413/3
24/02/2026,AHIG0840 - Branco 220V,1,Mercado Livre - FULL,SP,Beleza,"R$ 569,00","R$ 96,73","R$ 56,90","R$ 81,03","R$ 156,02","R$ 178,32",6415/3
24/02/2026,AHIG0412 - Roxo 127V,1,Mercado Livre - FULL,ES,Beleza,"R$ 569,00","R$ 96,73","R$ 56,90","R$ 81,03","R$ 156,02","R$ 178,32",6417/3
24/02/2026,APRF0843 - Procafe Sem lupa,1,Mercado Livre - FULL,MG,Biossegurança,"R$ 119,25","R$ 20,27","R$ 16,41","R$ 16,98","R$ 0,00","R$ 65,59",6121/3
24/02/2026,APRF0843 - Procafe Sem lupa,1,Mercado Livre - FULL,MT,Biossegurança,"R$ 119,25","R$ 20,27","R$ 16,41","R$ 16,98","R$ 0,00","R$ 65,59",6423/3
25/02/2026,AHIG0840 - Branco 220V,1,Mercado Livre - FULL,RS,Beleza,"R$ 569,00","R$ 96,73","R$ 16,41","R$ 81,03","R$ 156,02","R$ 218,81",6425/3
26/02/2026,AHIG0412 - Roxo 127V,1,Mercado Livre - FULL,RJ,Beleza,"R$ 569,00","R$ 96,73","R$ 16,41","R$ 81,03","R$ 156,02","R$ 218,81",6428/3
26/02/2026,AHIG0435 - Preto 220V,1,Distribuidor,SP,Beleza,"R$ 333,00","R$ 0,00","R$ 0,00","R$ 86,11","R$ 156,02","R$ 90,87",/1
26/02/2026,AHIG0435 - Preto 220V,1,Magalu,PR,Beleza,"R$ 569,00","R$ 84,21","R$ 0,00","R$ 81,03","R$ 156,02","R$ 247,74",1036/2
26/02/2026,"ALUP0420 - Lupa 2,5x",1,Mercado Livre - Envios,MG,Biossegurança,"R$ 304,90","R$ 51,83","R$ 21,45","R$ 43,42","R$ 34,52","R$ 153,68",6433/3
26/02/2026,"APRF0842 - Proface 3,5x",1,Mercado Livre - FULL,SP,Biossegurança,"R$ 259,00","R$ 44,03","R$ 23,45","R$ 36,88","R$ 64,03","R$ 90,61",6403/3
27/02/2026,"APRF0842 - Proface 3,5x",1,Mercado Livre - FULL,SP,Biossegurança,"R$ 246,05","R$ 41,83","R$ 23,45","R$ 35,04","R$ 64,03","R$ 81,70",6432/3
27/02/2026,ASEL0484 - Biostamp 220V,1,Mercado Livre - Envios,CE,Biossegurança,"R$ 1.880,00","R$ 319,60","R$ 28,45","R$ 267,71","R$ 302,35","R$ 961,89",6434/3
27/02/2026,"ALUP0420 - Lupa 2,5x",2,Mercado Livre - Envios,SP,Biossegurança,"R$ 591,50","R$ 100,56","R$ 42,90","R$ 84,23","R$ 69,04","R$ 294,78",6441/3
27/02/2026,"APRF0842 - Proface 3,5x",1,Mercado Livre - FULL,CE,Biossegurança,"R$ 246,05","R$ 41,83","R$ 23,45","R$ 35,04","R$ 64,03","R$ 81,70",6436/3
27/02/2026,"APRF0841 - Proface 2,5x",1,Mercado Livre - FULL,MG,Biossegurança,"R$ 251,23","R$ 42,71","R$ 23,45","R$ 35,78","R$ 68,28","R$ 81,02",6438/3
01/03/2026,AHIG0435 - Preto 220V,1,Distribuidor,SP,Beleza,"R$ 333,00","R$ 0,00","R$ 30,75","86,1138","R$ 151,87","R$ 64,27",/1
02/03/2026,"ALUP0420 - Lupa 2,5x",2,Mercado Livre - Envios,SP,Biossegurança,"R$ 591,50","R$ 100,56","R$ 42,90","84,2296","R$ 69,04","R$ 294,78",6441/3
02/03/2026,AHIG0435 - Preto 220V,2,Distribuidor,SP,Beleza,"R$ 666,00","R$ 0,00","R$ 0,00","172,2276","R$ 303,74","R$ 190,03",/1
02/03/2026,AHIG0435 - Preto 220V,1,Mercado Livre - FULL,MG,Beleza,"R$ 569,00","R$ 96,73","R$ 28,45","81,0256","R$ 151,87","R$ 210,92",6446/3
02/03/2026,"APRF0842 - Proface 3,5x",1,Mercado Livre - FULL,MG,Biossegurança,"R$ 246,05","R$ 41,83","R$ 0,00","35,03752","R$ 64,03","R$ 105,15",6443/3
03/03/2026,AHIG0435 - Preto 220V,1,Distribuidor,SP,Beleza,"R$ 333,00","R$ 0,00","R$ 28,45","86,1138","R$ 151,87","R$ 66,57",/1
03/03/2026,AHIG0434 - Preto 127V,1,Mercado Livre - Envios,MG,Beleza,"R$ 589,00","R$ 100,13","R$ 26,95","83,8736","R$ 155,36","R$ 222,69",6451/3
03/03/2026,AHIG0412 - Roxo 127V,1,Mercado Livre - FULL,SP,Beleza,"R$ 540,44","R$ 91,87","R$ 28,45","76,958656","R$ 150,71","R$ 192,45",6450/3
03/03/2026,AHIG0412 - Roxo 127V,1,Mercado Livre - FULL,TO,Beleza,"R$ 540,38","R$ 91,86","R$ 28,45","76,950112","R$ 150,71","R$ 192,41",6448/3
04/03/2026,AHIG0435 - Preto 220V,1,Distribuidor,SP,Beleza,"R$ 333,00","R$ 0,00","R$ 0,00","86,1138","R$ 151,87","R$ 95,02",/1
04/03/2026,AHIG0435 - Preto 220V,1,Mercado Livre - FULL,MA,Beleza,"R$ 569,00","R$ 0,00","R$ 28,45","81,0256","R$ 151,87","R$ 307,65",6455/3
04/03/2026,"ALUP0420 - Lupa 2,5x",1,Mercado Livre - Envios,RJ,Biossegurança,"R$ 295,75","R$ 50,28","R$ 26,45","42,1148","R$ 34,52","R$ 142,39",6457/3
04/03/2026,AHIG0434 - Preto 127V,1,Mercado Livre - FULL,MG,Beleza,"R$ 569,00","R$ 0,00","R$ 28,45","81,0256","R$ 155,36","R$ 304,16",6453/3
04/03/2026,AHIG0435 - Preto 220V,1,Mercado Livre - Envios,PE,Beleza,"R$ 589,00","R$ 100,13","R$ 28,45","83,8736","R$ 151,87","R$ 224,68",6456/3
04/03/2026,AHIG0435 - Preto 220V,1,Mercado Livre - FULL,SP,Beleza,"R$ 569,00","R$ 0,00","R$ 28,45","81,0256","R$ 151,87","R$ 307,65",6459/3
04/03/2026,ALAV0379 - Cuba Ultrassonica 127V,1,Magalu,RJ,Biossegurança,"R$ 1.144,75","R$ 169,42","R$ 0,00","163,0124","R$ 343,77","R$ 468,54",1037/2
04/03/2026,AHIG0840 - Branco 220V,1,Mercado Livre - FULL,RJ,Beleza,"R$ 540,55","R$ 91,89","R$ 28,45","76,97432","R$ 152,55","R$ 190,68",6463/3
04/03/2026,AHIG0839 - Branco 127V,1,Mercado Livre - FULL,MT,Beleza,"R$ 569,00","R$ 96,73","R$ 28,45","81,0256","R$ 151,40","R$ 211,39",6461/3
05/03/2026,AHIG0435 - Preto 220V,2,Distribuidor,SP,Beleza,"R$ 666,00","R$ 0,00","R$ 0,00","172,2276","R$ 303,74","R$ 190,03",/1
05/03/2026,AHIG0840 - Branco 220V,1,Mercado Livre - FULL,MA,Beleza,"R$ 540,55","R$ 91,89","R$ 0,00","76,97432","R$ 152,55","R$ 219,13",6489/3
05/03/2026,"ALUP0420 - Lupa 2,5x",1,Mercado Livre - Envios,BA,Biossegurança,"R$ 295,75","R$ 50,28","R$ 0,00","42,1148","R$ 34,52","R$ 168,84",6496/3
05/03/2026,AHIG0840 - Branco 220V,1,Mercado Livre - FULL,MA,Beleza,"R$ 540,55","R$ 91,89","R$ 28,45","76,97432","R$ 152,55","R$ 190,68",6502/3
05/03/2026,AHIG0840 - Branco 220V,1,Mercado Livre - FULL,MA,Beleza,"R$ 540,55","R$ 91,89","R$ 28,45","76,97432","R$ 152,55","R$ 190,68",6500/3
05/03/2026,AHIG0434 - Preto 127V,1,Mercado Livre - FULL,MG,Beleza,"R$ 569,00","R$ 96,73","R$ 28,45","81,0256","R$ 155,36","R$ 207,43",6506/3
05/03/2026,AHIG0412 - Roxo 127V,1,Mercado Livre - FULL,SP,Beleza,"R$ 540,38","R$ 91,86","R$ 28,45","76,950112","R$ 150,71","R$ 192,41",6495/3
05/03/2026,AHIG0412 - Roxo 127V,1,Mercado Livre - FULL,MG,Beleza,"R$ 540,44","R$ 91,87","R$ 28,45","76,958656","R$ 150,71","R$ 192,45",6479/3
06/03/2026,AHIG0434 - Preto 127V,2,Distribuidor,SP,Beleza,"R$ 666,00","R$ 0,00","R$ 0,00","172,2276","R$ 310,72","R$ 183,05",/1
06/03/2026,AHIG0840 - Branco 220V,1,Mercado Livre - FULL,MA,Beleza,"R$ 540,55","R$ 91,89","R$ 28,45","76,97432","R$ 152,55","R$ 190,68",6510/3
06/03/2026,AHIG0435 - Preto 220V,1,Mercado Livre - FULL,SP,Beleza,"R$ 569,00","R$ 96,73","R$ 28,45","81,0256","R$ 151,87","R$ 210,92",6508/3
06/03/2026,"APRF0842 - Proface 3,5x",1,Mercado Livre - FULL,RJ,Biossegurança,"R$ 246,05","R$ 41,83","R$ 0,00","35,03752","R$ 64,03","R$ 105,15",6514/3
06/03/2026,AHIG0435 - Preto 220V,1,Mercado Livre - FULL,SC,Beleza,"R$ 569,00","R$ 96,73","R$ 28,45","81,0256","R$ 151,87","R$ 210,92",6512/3
07/03/2026,AHIG0412 - Roxo 127V,1,Mercado Livre - FULL,SP,Beleza,"R$ 540,44","R$ 91,87","R$ 28,45","76,958656","R$ 150,71","R$ 192,45",6516/3
08/03/2026,AHIG0412 - Roxo 127V,1,Mercado Livre - FULL,PA,Beleza,"R$ 540,44","R$ 91,87","R$ 28,45","76,958656","R$ 150,71","R$ 192,45",6518/3
08/03/2026,AHIG0412 - Roxo 127V,1,Mercado Livre - FULL,PR,Beleza,"R$ 540,44","R$ 91,87","R$ 28,45","76,958656","R$ 150,71","R$ 192,45",6520/3
08/03/2026,"APRF0842 - Proface 3,5x",1,Mercado Livre - FULL,SP,Biossegurança,"R$ 246,05","R$ 41,83","R$ 30,75","35,03752","R$ 64,03","R$ 74,40",6522/3
09/03/2026,AHIG0435 - Preto 220V,1,Distribuidor,SP,Beleza,"R$ 333,00","R$ 0,00","R$ 30,75","86,1138","R$ 151,87","R$ 64,27",/1
09/03/2026,AHIG0434 - Preto 127V,1,Distribuidor,SP,Beleza,"R$ 333,00","R$ 0,00","R$ 30,75","86,1138","R$ 155,36","R$ 60,78",/1
10/03/2026,AHIG0435 - Preto 220V,1,Distribuidor,SP,Beleza,"R$ 333,00","R$ 0,00","R$ 30,75","86,1138","R$ 151,87","R$ 64,27",/1
10/03/2026,AHIG0434 - Preto 127V,1,Distribuidor,SP,Beleza,"R$ 333,00","R$ 0,00","R$ 30,75","86,1138","R$ 155,36","R$ 60,78",/1
10/03/2026,AHIG0435 - Preto 220V,1,Mercado Livre - FULL,SP,Beleza,"R$ 569,00","R$ 96,73","R$ 30,75","81,0256","R$ 151,87","R$ 208,62",6546/3
10/03/2026,AHIG0412 - Roxo 127V,1,Mercado Livre - FULL,ES,Beleza,"R$ 540,44","R$ 91,87","R$ 30,75","76,958656","R$ 150,71","R$ 190,15",6540/3
10/03/2026,AHIG0435 - Preto 220V,1,Mercado Livre - FULL,PI,Beleza,"R$ 569,00","R$ 96,73","R$ 30,75","81,0256","R$ 151,87","R$ 208,62",6544/3
10/03/2026,AHIG0434 - Preto 127V,1,Mercado Livre - FULL,MA,Beleza,"R$ 569,00","R$ 96,73","R$ 30,75","81,0256","R$ 155,36","R$ 205,13",6538/3
10/03/2026,AHIG0412 - Roxo 127V,1,Mercado Livre - FULL,MA,Beleza,"R$ 540,38","R$ 91,86","R$ 30,75","76,950112","R$ 150,71","R$ 190,11",6542/3
10/03/2026,"APRF0842 - Proface 3,5x",1,Mercado Livre - FULL,ES,Biossegurança,"R$ 246,05","R$ 41,83","R$ 24,65","35,03752","R$ 64,03","R$ 80,50",6548/3
10/03/2026,AHIG0434 - Preto 127V,1,Mercado Livre - FULL,MG,Beleza,"R$ 569,00","R$ 96,73","R$ 30,75","81,0256","R$ 155,36","R$ 205,13",6550/3
11/03/2026,AHIG0434 - Preto 127V,1,Distribuidor,SP,Beleza,"R$ 333,00","R$ 0,00","R$ 30,75","86,1138","R$ 155,36","R$ 60,78",/1
11/03/2026,"APRF0842 - Proface 3,5x",1,Mercado Livre - FULL,SP,Biossegurança,"R$ 246,05","R$ 41,83","R$ 24,65","35,03752","R$ 64,03","R$ 80,50",6553/3
12/03/2026,AHIG0435 - Preto 220V,1,Mercado Livre - FULL,MA,Beleza,"R$ 569,00","R$ 96,73","R$ 30,75","81,0256","R$ 151,87","R$ 208,62",6557/3
12/03/2026,AHIG0435 - Preto 220V,1,Mercado Livre - FULL,PB,Beleza,"R$ 569,00","R$ 96,73","R$ 30,75","81,0256","R$ 151,87","R$ 208,62",6555/3
12/03/2026,"APRF0842 - Proface 3,5x",1,Mercado Livre - FULL,MG,Biossegurança,"R$ 246,05","R$ 41,83","R$ 30,75","35,03752","R$ 64,03","R$ 74,40",6559/3
12/03/2026,AHIG0412 - Roxo 127V,1,Mercado Livre - FULL,SP,Beleza,"R$ 540,38","R$ 91,86","R$ 30,75","76,950112","R$ 150,71","R$ 190,11",6561/3
12/03/2026,AHIG0839 - Branco 127V,1,Mercado Livre - FULL,MA,Beleza,"R$ 569,00","R$ 96,73","R$ 30,75","81,0256","R$ 151,40","R$ 209,09",6565/3
13/03/2026,AHIG0412 - Roxo 127V,1,Mercado Livre - FULL,RN,Beleza,"R$ 540,38","R$ 91,86","R$ 30,75","76,950112","R$ 150,71","R$ 190,11",6567/3
13/03/2026,AHIG0412 - Roxo 127V,1,Mercado Livre - FULL,MG,Beleza,"R$ 540,44","R$ 91,87","R$ 30,75","76,958656","R$ 150,71","R$ 190,15",6569/3
13/03/2026,AHIG0412 - Roxo 127V,1,Mercado Livre - FULL,PR,Beleza,"R$ 540,38","R$ 91,86","R$ 30,75","76,950112","R$ 150,71","R$ 190,11",6571/3
13/03/2026,AHIG0435 - Preto 220V,1,Mercado Livre - FULL,MA,Beleza,"R$ 569,00","R$ 96,73","R$ 30,75","81,0256","R$ 151,87","R$ 208,62",6573/3
14/03/2026,AHIG0435 - Preto 220V,1,Mercado Livre - FULL,PE,Beleza,"R$ 569,00","R$ 96,73","R$ 30,75","81,0256","R$ 151,87","R$ 208,62",6575/3
14/03/2026,AHIG0434 - Preto 127V,1,Mercado Livre - FULL,PA,Beleza,"R$ 569,00","R$ 96,73","R$ 30,75","81,0256","R$ 155,36","R$ 205,13",6577/3
14/03/2026,AHIG0839 - Branco 127V,1,Mercado Livre - FULL,RJ,Beleza,"R$ 569,00","R$ 96,73","R$ 30,75","81,0256","R$ 151,40","R$ 209,09",6579/3
15/03/2026,AHIG0412 - Roxo 127V,1,Mercado Livre - FULL,PE,Beleza,"R$ 540,38","R$ 91,86","R$ 30,75","76,950112","R$ 150,71","R$ 190,11",6581/3
15/03/2026,AHIG0839 - Branco 127V,1,Mercado Livre - FULL,MA,Beleza,"R$ 569,00","R$ 96,73","R$ 30,75","81,0256","R$ 151,40","R$ 209,09",6583/3
15/03/2026,AHIG0839 - Branco 127V,1,Mercado Livre - FULL,SP,Beleza,"R$ 569,00","R$ 96,73","R$ 30,75","81,0256","R$ 151,40","R$ 209,09",6585/3
15/03/2026,AHIG0434 - Preto 127V,1,Mercado Livre - FULL,GO,Beleza,"R$ 569,00","R$ 96,73","R$ 30,75","81,0256","R$ 155,36","R$ 205,13",6587/3
16/03/2026,AHIG0412 - Roxo 127V,1,Mercado Livre - FULL,CE,Beleza,"R$ 591,99","R$ 100,64","R$ 22,99","84,299376","R$ 150,71","R$ 256,34",6593/3
16/03/2026,AHIG0435 - Preto 220V,1,Amazon BR,AM,Beleza,"R$ 569,00","R$ 101,28","R$ 0,00","81,0256","R$ 151,87","R$ 234,82",158/4
16/03/2026,AHIG0434 - Preto 127V,1,Mercado Livre - FULL,SP,Beleza,"R$ 569,00","R$ 96,73","R$ 30,75","81,0256","R$ 155,36","R$ 205,13",6605/3
16/03/2026,AHIG0434 - Preto 127V,1,Mercado Livre - FULL,MG,Beleza,"R$ 569,00","R$ 96,73","R$ 30,75","81,0256","R$ 155,36","R$ 205,13",6589/3
17/03/2026,AHIG0435 - Preto 220V,2,Distribuidor,SP,Beleza,"R$ 666,00","R$ 0,00","R$ 0,00","172,2276","R$ 303,74","R$ 190,03",/1
17/03/2026,AHIG0414 - Roxo 220V,1,Mercado Livre - FULL,SP,Beleza,"R$ 569,00","R$ 96,73","R$ 30,75","81,0256","R$ 151,87","R$ 208,62",6667/3
17/03/2026,AHIG0840 - Branco 220V,1,Mercado Livre - Envios,SP,Beleza,"R$ 589,00","R$ 100,13","R$ 28,35","83,8736","R$ 152,55","R$ 224,10",6600/3
17/03/2026,AHIG0840 - Branco 220V,1,Mercado Livre - Envios,RS,Beleza,"R$ 589,00","R$ 100,13","R$ 28,35","83,8736","R$ 152,55","R$ 224,10",6601/3
17/03/2026,AHIG0435 - Preto 220V,1,Mercado Livre - Envios,MS,Beleza,"R$ 589,00","R$ 100,13","R$ 28,35","83,8736","R$ 151,87","R$ 224,78",6602/3
17/03/2026,AHIG0434 - Preto 127V,1,Mercado Livre - FULL,PR,Beleza,"R$ 569,00","R$ 96,73","R$ 30,75","81,0256","R$ 155,36","R$ 205,13",6607/3
17/03/2026,AHIG0412 - Roxo 127V,1,Mercado Livre - FULL,SP,Beleza,"R$ 569,00","R$ 96,73","R$ 30,75","81,0256","R$ 150,71","R$ 209,78",6599/3
18/03/2026,AHIG0435 - Preto 220V,4,Distribuidor,SP,Beleza,"R$ 999,00","R$ 0,00","R$ 0,00","258,3414","R$ 607,48","R$ 133,18",/1
18/03/2026,AHIG0435 - Preto 220V,1,Amazon BR,RS,Beleza,"R$ 569,00","R$ 101,28","R$ 9,90","81,0256","R$ 151,87","R$ 224,92",160/4
18/03/2026,AHIG0435 - Preto 220V,1,Amazon BR,DF,Beleza,"R$ 569,00","R$ 101,28","R$ 9,90","81,0256","R$ 151,87","R$ 224,92",162/4
18/03/2026,AHIG0414 - Roxo 220V,1,Mercado Livre - FULL,PI,Beleza,"R$ 569,00","R$ 96,73","R$ 30,75","81,0256","R$ 151,87","R$ 208,62",6617/3
18/03/2026,AHIG0434 - Preto 127V,1,Mercado Livre - FULL,PR,Beleza,"R$ 569,00","R$ 96,73","R$ 30,75","81,0256","R$ 155,36","R$ 205,13",6613/3
18/03/2026,AHIG0435 - Preto 220V,1,Mercado Livre - FULL,SP,Beleza,"R$ 569,00","R$ 96,73","R$ 30,75","81,0256","R$ 151,87","R$ 208,62",6611/3
18/03/2026,AHIG0434 - Preto 127V,1,Mercado Livre - FULL,RJ,Beleza,"R$ 569,00","R$ 96,73","R$ 30,75","81,0256","R$ 155,36","R$ 205,13",6615/3
18/03/2026,AHIG0839 - Branco 127V,1,Mercado Livre - FULL,SP,Beleza,"R$ 569,00","R$ 96,73","R$ 30,75","81,0256","R$ 151,40","R$ 209,09",6621/3
18/03/2026,AHIG0434 - Preto 127V,1,Mercado Livre - FULL,SP,Beleza,"R$ 569,00","R$ 96,73","R$ 30,75","81,0256","R$ 155,36","R$ 205,13",6623/3
18/03/2026,AHIG0434 - Preto 127V,1,Mercado Livre - FULL,SP,Beleza,"R$ 569,00","R$ 96,73","R$ 30,75","81,0256","R$ 155,36","R$ 205,13",6625/3
19/03/2026,AHIG0412 - Roxo 127V,1,Mercado Livre - FULL,RJ,Beleza,"R$ 569,00","R$ 96,73","R$ 30,75","81,0256","R$ 150,71","R$ 209,78",6641/3
19/03/2026,"APRF0841 - Proface 2,5x",1,Mercado Livre - FULL,GO,Biossegurança,"R$ 229,00","R$ 38,93","R$ 24,65","32,6096","R$ 68,28","R$ 64,53",6659/3
19/03/2026,AHIG0435 - Preto 220V,1,Mercado Livre - FULL,PE,Beleza,"R$ 569,00","R$ 96,73","R$ 30,75","81,0256","R$ 151,87","R$ 208,62",6633/3
19/03/2026,AHIG0839 - Branco 127V,1,Mercado Livre - FULL,RJ,Beleza,"R$ 569,00","R$ 96,73","R$ 30,75","81,0256","R$ 151,40","R$ 209,09",6643/3
19/03/2026,AHIG0412 - Roxo 127V,1,Mercado Livre - FULL,MG,Beleza,"R$ 569,00","R$ 96,73","R$ 30,75","81,0256","R$ 150,71","R$ 209,78",6653/3
19/03/2026,AHIG0412 - Roxo 127V,1,Mercado Livre - FULL,SP,Beleza,"R$ 569,00","R$ 96,73","R$ 30,75","81,0256","R$ 150,71","R$ 209,78",6661/3
19/03/2026,AHIG0434 - Preto 127V,1,Mercado Livre - FULL,SP,Beleza,"R$ 551,93","R$ 93,83","R$ 30,75","78,594832","R$ 155,36","R$ 193,40",6651/3
20/03/2026,AHIG0435 - Preto 220V,2,Distribuidor,SP,Beleza,"R$ 666,00","R$ 0,00","R$ 0,00","172,2276","R$ 303,74","R$ 190,03",/1
20/03/2026,AHIG0434 - Preto 127V,1,Distribuidor,SP,Beleza,"R$ 333,00","R$ 0,00","R$ 0,00","86,1138","R$ 155,36","R$ 91,53",/1
21/03/2026,AHIG0434 - Preto 127V,1,Mercado Livre - FULL,MG,Beleza,"R$ 551,93","R$ 93,83","R$ 30,75","78,594832","R$ 155,36","R$ 193,40",6663/3
22/03/2026,AHIG0435 - Preto 220V,1,Mercado Livre - FULL,SP,Beleza,"R$ 551,93","R$ 93,83","R$ 30,75","78,594832","R$ 151,87","R$ 196,89",6676/3
22/03/2026,AHIG0412 - Roxo 127V,1,Mercado Livre - FULL,SP,Beleza,"R$ 569,00","R$ 96,73","R$ 30,75","81,0256","R$ 150,71","R$ 209,78",6667/3
22/03/2026,AHIG0435 - Preto 220V,1,Mercado Livre - FULL,SP,Beleza,"R$ 551,93","R$ 93,83","R$ 30,75","78,594832","R$ 151,87","R$ 196,89",6665/3
22/03/2026,AHIG0434 - Preto 127V,1,Mercado Livre - FULL,SP,Beleza,"R$ 551,93","R$ 93,83","R$ 30,75","78,594832","R$ 155,36","R$ 193,40",6669/3
22/03/2026,AHIG0435 - Preto 220V,1,Mercado Livre - FULL,MA,Beleza,"R$ 551,93","R$ 93,83","R$ 30,75","78,594832","R$ 151,87","R$ 196,89",6671/3
23/03/2026,AHIG0434 - Preto 127V,1,Distribuidor,SP,Beleza,"R$ 333,00","R$ 0,00","R$ 0,00","86,1138","R$ 155,36","R$ 91,53",/1
23/03/2026,AHIG0840 - Branco 220V,1,Mercado Livre - Envios,RN,Beleza,"R$ 589,00","R$ 100,13","R$ 28,35","83,8736","R$ 152,55","R$ 224,10",6674/3
23/03/2026,AHIG0434 - Preto 127V,1,Mercado Livre - FULL,SP,Beleza,"R$ 551,93","R$ 93,83","R$ 30,75","78,594832","R$ 155,36","R$ 224,15",6678/3
23/03/2026,AHIG0435 - Preto 220V,2,Amazon BR,GO,Beleza,"R$ 1.138,00","R$ 202,56","R$ 6,91","162,0512","R$ 303,74","R$ 469,64",164/4
24/03/2026,AHIG0434 - Preto 127V,1,Distribuidor,SP,Beleza,"R$ 333,00","R$ 0,00","R$ 0,00","86,1138","R$ 155,36","R$ 91,53",/1
24/03/2026,"APRF0841 - Proface 2,5x",1,Mercado Livre - FULL,SP,Biossegurança,"R$ 252,00","R$ 42,84","R$ 24,65","35,8848","R$ 68,28","R$ 80,35",6715/3
24/03/2026,AHIG0435 - Preto 220V,1,Mercado Livre - Envios,SC,Beleza,"R$ 589,00","R$ 100,13","R$ 28,35","83,8736","R$ 151,87","R$ 253,13",6685/3
24/03/2026,AHIG0434 - Preto 127V,1,Mercado Livre - FULL,SP,Beleza,"R$ 551,93","R$ 93,83","R$ 30,75","78,594832","R$ 155,36","R$ 224,15",6680/3
24/03/2026,AHIG0839 - Branco 127V,1,Mercado Livre - FULL,SP,Beleza,"R$ 569,00","R$ 96,73","R$ 30,75","81,0256","R$ 151,40","R$ 239,84",6684/3
25/03/2026,AHIG0840 - Branco 220V,1,Mercado Livre - Envios,MA,Beleza,"R$ 589,00","R$ 100,13","R$ 28,35","83,8736","R$ 152,55","R$ 252,45",6693/3
25/03/2026,"APRF0841 - Proface 2,5x",1,Mercado Livre - Envios,MT,Biossegurança,"R$ 254,00","R$ 43,18","R$ 24,50","36,1696","R$ 68,28","R$ 106,37",6692/3
25/03/2026,AHIG0435 - Preto 220V,1,Mercado Livre - FULL,SP,Beleza,"R$ 551,93","R$ 93,83","R$ 30,75","78,594832","R$ 151,87","R$ 227,64",6687/3
25/03/2026,AHIG0412 - Roxo 127V,1,Mercado Livre - FULL,PI,Beleza,"R$ 569,00","R$ 96,73","R$ 30,75","81,0256","R$ 150,71","R$ 240,53",6691/3
25/03/2026,AHIG0434 - Preto 127V,1,Mercado Livre - FULL,SP,Beleza,"R$ 551,93","R$ 93,83","R$ 30,75","78,594832","R$ 155,36","R$ 224,15",6689/3
25/03/2026,AHIG0434 - Preto 127V,1,Mercado Livre - FULL,MG,Beleza,"R$ 551,93","R$ 93,83","R$ 30,75","78,594832","R$ 155,36","R$ 224,15",6695/3
25/03/2026,AHIG0434 - Preto 127V,1,Mercado Livre - FULL,ES,Beleza,"R$ 551,93","R$ 93,83","R$ 30,75","78,594832","R$ 155,36","R$ 224,15",6698/3
25/03/2026,AHIG0434 - Preto 127V,1,Mercado Livre - FULL,RJ,Beleza,"R$ 551,93","R$ 93,83","R$ 30,75","78,594832","R$ 155,36","R$ 224,15",6700/3
26/03/2026,AHIG0839 - Branco 127V,1,Amazon BR,CE,Beleza,"R$ 569,00","R$ 101,28","R$ 0,00","81,0256","R$ 0,00","R$ 386,69",172/4
25/03/2026,AHIG0435 - Preto 220V,1,Amazon BR,BA,Beleza,"R$ 569,00","R$ 101,28","R$ 0,00","81,0256","R$ 151,87","R$ 234,82",168/4
26/03/2026,AHIG0840 - Branco 220V,1,Amazon BR,SC,Beleza,"R$ 569,00","R$ 101,28","R$ 8,90","81,0256","R$ 152,55","R$ 234,14",170/4
26/03/2026,"APRF0841 - Proface 2,5x",1,Mercado Livre - FULL,MT,Biossegurança,"R$ 252,00","R$ 42,84","R$ 0,00","35,8848","R$ 68,28","R$ 105,00",6715/3
26/03/2026,AHIG0435 - Preto 220V,1,Mercado Livre - FULL,SP,Beleza,"R$ 551,93","R$ 93,83","R$ 30,75","78,594832","R$ 151,87","R$ 227,64",6708/3
26/03/2026,AHIG0435 - Preto 220V,1,Mercado Livre - FULL,SP,Beleza,"R$ 551,93","R$ 93,83","R$ 30,75","78,594832","R$ 151,87","R$ 227,64",6702/3
26/03/2026,ASEL0417 - Biostamp 127V,1,Mercado Livre - Envios,RO,Biossegurança,"R$ 1.890,00","R$ 321,30","R$ 0,00","269,136","R$ 295,64","R$ 1.003,92",6716/3
26/03/2026,AHIG0435 - Preto 220V,1,Mercado Livre - FULL,SC,Beleza,"R$ 551,93","R$ 93,83","R$ 30,75","78,594832","R$ 151,87","R$ 227,64",6704/3
26/03/2026,AHIG0435 - Preto 220V,1,Mercado Livre - FULL,CE,Beleza,"R$ 551,93","R$ 93,83","R$ 30,75","78,594832","R$ 151,87","R$ 227,64",6710/3
26/03/2026,AHIG0840 - Branco 220V,1,Mercado Livre - FULL,MS,Beleza,"R$ 569,00","R$ 96,73","R$ 30,75","81,0256","R$ 152,55","R$ 238,69",6718/3
26/03/2026,AHIG0435 - Preto 220V,1,Mercado Livre - FULL,PA,Beleza,"R$ 569,00","R$ 96,73","R$ 30,75","81,0256","R$ 151,87","R$ 239,37",6706/3
26/03/2026,AHIG0840 - Branco 220V,1,Mercado Livre - FULL,SP,Beleza,"R$ 569,00","R$ 96,73","R$ 30,75","81,0256","R$ 152,55","R$ 238,69",6712/3
27/03/2026,AHIG0435 - Preto 220V,1,Mercado Livre - FULL,SP,Beleza,"R$ 551,93","R$ 93,83","R$ 30,75","78,594832","R$ 151,87","R$ 227,64",6720/3
27/03/2026,AHIG0435 - Preto 220V,1,Mercado Livre - FULL,GO,Beleza,"R$ 551,93","R$ 93,83","R$ 30,75","78,594832","R$ 151,87","R$ 227,64",6722/3
27/03/2026,AHIG0435 - Preto 220V,1,Mercado Livre - FULL,SC,Beleza,"R$ 551,93","R$ 93,83","R$ 30,75","78,594832","R$ 151,87","R$ 227,64",6724/3
29/03/2026,AHIG0412 - Roxo 127V,1,Mercado Livre - FULL,SP,Beleza,"R$ 569,00","R$ 96,73","R$ 30,75","81,0256","R$ 150,71","R$ 240,53",6740/3
27/03/2026,AHIG0435 - Preto 220V,1,Mercado Livre - FULL,CE,Beleza,"R$ 569,00","R$ 96,73","R$ 30,75","81,0256","R$ 151,87","R$ 239,37",6728/3
27/03/2026,AHIG0435 - Preto 220V,1,Mercado Livre - FULL,CE,Beleza,"R$ 569,00","R$ 96,73","R$ 30,75","81,0256","R$ 151,87","R$ 239,37",6730/3
28/03/2026,AHIG0435 - Preto 220V,1,Mercado Livre - FULL,SP,Beleza,"R$ 551,93","R$ 93,83","R$ 30,75","78,594832","R$ 151,87","R$ 227,64",6734/3
28/03/2026,"APRF0841 - Proface 2,5x",1,Mercado Livre - FULL,MT,Biossegurança,"R$ 236,99","R$ 40,29","R$ 7,99","33,747376","R$ 68,28","R$ 94,67",6732/3
28/03/2026,AHIG0434 - Preto 127V,1,Mercado Livre - FULL,SP,Beleza,"R$ 551,93","R$ 93,83","R$ 30,75","78,594832","R$ 155,36","R$ 224,15",6736/3
29/03/2026,AHIG0435 - Preto 220V,1,Mercado Livre - FULL,MS,Beleza,"R$ 551,93","R$ 93,83","R$ 30,75","78,594832","R$ 151,87","R$ 227,64",6744/3
29/03/2026,AHIG0435 - Preto 220V,1,Mercado Livre - FULL,MS,Beleza,"R$ 551,93","R$ 93,83","R$ 30,75","78,594832","R$ 151,87","R$ 227,64",6743/3
29/03/2026,AHIG0412 - Roxo 127V,1,Mercado Livre - FULL,BA,Beleza,"R$ 569,00","R$ 96,73","R$ 30,75","81,0256","R$ 150,71","R$ 240,53",6746/3
30/03/2026,AHIG0435 - Preto 220V,1,Mercado Livre - Envios,DF,Beleza,"R$ 589,00","R$ 100,13","R$ 28,35","83,8736","R$ 151,87","R$ 253,13",6749/3
29/03/2026,AHIG0434 - Preto 127V,1,Mercado Livre - FULL,MG,Beleza,"R$ 569,00","R$ 96,73","R$ 30,75","81,0256","R$ 155,36","R$ 235,88",6738/3
30/03/2026,AHIG0435 - Preto 220V,1,Distribuidor,SP,Beleza,"R$ 333,00","R$ 0,00","R$ 0,00","86,1138","R$ 151,87","R$ 95,02",/1
30/03/2026,AHIG0435 - Preto 220V,1,Mercado Livre - Envios,SP,Beleza,"R$ 589,00","R$ 100,13","R$ 28,75","83,8736","R$ 151,87","R$ 253,13",6752/3
30/03/2026,AHIG0434 - Preto 127V,1,Mercado Livre - FULL,PR,Beleza,"R$ 551,93","R$ 93,83","R$ 30,75","78,594832","R$ 155,36","R$ 224,15",6751/3
31/03/2026,AHIG0434 - Preto 127V,1,Distribuidor,SP,Beleza,"R$ 333,00","R$ 0,00","R$ 0,00","86,1138","R$ 155,36","R$ 91,53",/1
31/03/2026,AHIG0435 - Preto 220V,2,Distribuidor,SP,Beleza,"R$ 666,00","R$ 0,00","R$ 0,00","172,2276","R$ 303,74","R$ 190,03",/1
31/03/2026,CTAP1303 - Tampa Roxa,1,Loja Integrada - Pix,RJ,Beleza,"R$ 52,56","R$ 1,05","R$ 23,46","7,484544","R$ 3,38","R$ 40,64",1039/2
31/03/2026,AHIG0839 - Branco 127V,1,Mercado Livre - FULL,SP,Beleza,"R$ 569,00","R$ 96,73","R$ 30,75","81,0256","R$ 151,40","R$ 239,84",6756/3
23/03/2026,CTAP1549 - Tampa Fumê,1,Loja Integrada - Pix,AM,Beleza,"R$ 58,51","R$ 1,17","R$ 29,41","8,396185","R$ 3,75","R$ 45,19",1038/2
01/04/2026,AHIG0435 - Preto 220V,1,Distribuidor,SP,Beleza,"R$ 333,00","R$ 0,00","R$ 0,00","86,4801","R$ 156,02","R$ 90,50",/1
01/04/2026,AHIG0435 - Preto 220V,1,Amazon BR,RN,Beleza,"R$ 569,00","R$ 101,28","R$ 0,00","81,6515","R$ 156,02","R$ 230,05",174/4
01/04/2026,AHIG0434 - Preto 127V,1,Mercado Livre - FULL,MS,Beleza,"R$ 551,93","R$ 93,83","R$ 0,00","79,201955","R$ 156,02","R$ 222,88",6760/3
02/04/2026,AHIG0434 - Preto 127V,1,Distribuidor,SP,Beleza,"R$ 333,00","R$ 0,00","R$ 0,00","86,4801","R$ 156,02","R$ 90,50",/1
02/04/2026,AHIG0435 - Preto 220V,2,Mercado Livre - Envios,MA,Beleza,"R$ 1.178,00","R$ 200,26","R$ 0,00","169,043","R$ 312,04","R$ 496,66",6765/3
02/04/2026,ASEL0659 - Smart 220V,1,Mercado Livre - Envios,RN,Biossegurança,"R$ 990,00","R$ 168,30","R$ 0,00","142,065","R$ 365,05","R$ 314,59",6767/3
02/04/2026,AHIG0840 - Branco 220V,1,Mercado Livre - Envios,DF,Beleza,"R$ 589,00","R$ 100,13","R$ 0,00","84,5215","R$ 156,02","R$ 248,33",6766/3
02/04/2026,AHIG0412 - Roxo 127V,1,Mercado Livre - FULL,RS,Beleza,"R$ 569,00","R$ 96,73","R$ 0,00","81,6515","R$ 156,02","R$ 234,60",6771/3
02/04/2026,AHIG0434 - Preto 127V,1,Mercado Livre - FULL,PR,Beleza,"R$ 551,93","R$ 93,83","R$ 0,00","79,201955","R$ 156,02","R$ 222,88",6775/3
02/04/2026,AHIG0434 - Preto 127V,1,Mercado Livre - FULL,BA,Beleza,"R$ 551,93","R$ 93,83","R$ 0,00","79,201955","R$ 156,02","R$ 222,88",6773/3
03/04/2026,AHIG0434 - Preto 127V,1,Mercado Livre - FULL,RJ,Beleza,"R$ 551,93","R$ 93,83","R$ 0,00","79,201955","R$ 156,02","R$ 222,88",6777/3
03/04/2026,AHIG0839 - Branco 127V,1,Mercado Livre - FULL,RJ,Beleza,"R$ 569,00","R$ 96,73","R$ 0,00","81,6515","R$ 156,02","R$ 234,60",6781/3
03/04/2026,AHIG0839 - Branco 127V,1,Mercado Livre - FULL,PB,Beleza,"R$ 569,00","R$ 96,73","R$ 0,00","81,6515","R$ 156,02","R$ 234,60",6779/3
03/04/2026,AHIG0434 - Preto 127V,1,Mercado Livre - FULL,BA,Beleza,"R$ 551,93","R$ 93,83","R$ 0,00","79,201955","R$ 156,02","R$ 222,88",6783/3
04/04/2026,AHIG0839 - Branco 127V,1,Mercado Livre - FULL,PE,Beleza,"R$ 569,00","R$ 96,73","R$ 0,00","81,6515","R$ 156,02","R$ 234,60",6785/3
06/04/2026,AHIG0435 - Preto 220V,1,Distribuidor,SP,Beleza,"R$ 333,00","R$ 0,00","R$ 0,00","86,4801","R$ 156,02","R$ 90,50",/1
06/04/2026,AHIG0434 - Preto 127V,1,Distribuidor,SP,Beleza,"R$ 333,00","R$ 0,00","R$ 0,00","86,4801","R$ 156,02","R$ 90,50",/1
06/04/2026,AHIG0412 - Roxo 127V,1,Mercado Livre - FULL,MG,Beleza,"R$ 569,00","R$ 96,73","R$ 0,00","81,6515","R$ 156,02","R$ 234,60",6792/3
06/04/2026,AHIG0435 - Preto 220V,1,Mercado Livre - FULL,MG,Beleza,"R$ 551,93","R$ 93,83","R$ 0,00","79,201955","R$ 156,02","R$ 222,88",6797/3
06/04/2026,AHIG0840 - Branco 220V,1,Mercado Livre - FULL,RS,Beleza,"R$ 569,00","R$ 96,73","R$ 0,00","81,6515","R$ 156,02","R$ 234,60",6799/3
06/04/2026,AHIG0839 - Branco 127V,1,Mercado Livre - FULL,PR,Beleza,"R$ 569,00","R$ 96,73","R$ 0,00","81,6515","R$ 156,02","R$ 234,60",6788/3
06/04/2026,AHIG0434 - Preto 127V,1,Mercado Livre - FULL,SP,Beleza,"R$ 551,93","R$ 93,83","R$ 0,00","79,201955","R$ 156,02","R$ 222,88",6794/3
06/04/2026,AHIG0434 - Preto 127V,1,Mercado Livre - FULL,PI,Beleza,"R$ 551,93","R$ 93,83","R$ 0,00","79,201955","R$ 156,02","R$ 222,88",6801/3
06/04/2026,AHIG0412 - Roxo 127V,1,Mercado Livre - FULL,MT,Beleza,"R$ 569,00","R$ 96,73","R$ 0,00","81,6515","R$ 156,02","R$ 234,60",6803/3
07/04/2026,AHIG0435 - Preto 220V,1,Distribuidor,SP,Beleza,"R$ 333,00","R$ 0,00","R$ 0,00","86,4801","R$ 156,02","R$ 90,50",/1
07/04/2026,AHIG0840 - Branco 220V,1,Mercado Livre - FULL,CE,Beleza,"R$ 569,00","R$ 96,73","R$ 0,00","81,6515","R$ 156,02","R$ 234,60",6805/3
07/04/2026,AHIG0434 - Preto 127V,1,Mercado Livre - Envios,BA,Beleza,"R$ 589,00","R$ 100,13","R$ 0,00","84,5215","R$ 156,02","R$ 248,33",6809/3
08/04/2026,APRF0843 - Procafe Sem lupa,1,Mercado Livre - FULL,SP,Biossegurança,"R$ 115,67","R$ 19,66","R$ 0,00","16,598645","R$ 0,00","R$ 79,41",6889/3
09/04/2026,AHIG0434 - Preto 127V,1,Mercado Livre - Envios,SP,Beleza,"R$ 589,00","R$ 100,13","R$ 0,00","84,5215","R$ 156,02","R$ 248,33",6905/3
08/04/2026,AHIG0435 - Preto 220V,2,Distribuidor,SP,Beleza,"R$ 333,00","R$ 0,00","R$ 0,00","86,4801","R$ 312,04","-R$ 65,52",/1
08/04/2026,AHIG0434 - Preto 127V,2,Distribuidor,SP,Beleza,"R$ 333,00","R$ 0,00","R$ 0,00","86,4801","R$ 312,04","-R$ 65,52",/1
09/04/2026,AHIG0434 - Preto 127V,1,Magalu,SE,Beleza,"R$ 569,00","R$ 84,21","R$ 0,00","81,6515","R$ 156,02","R$ 247,12",1041/2
09/04/2026,ALAV0379 - Cuba Ultrassonica 127V,1,Magalu,RS,Biossegurança,"R$ 1.205,00","R$ 178,34","R$ 0,00","172,9175","R$ 343,77","R$ 509,97",1042/2
09/04/2026,AHIG0412 - Roxo 127V,1,Loja Integrada - Pix,SP,Beleza,"R$ 567,22","R$ 11,34","R$ 15,29","81,39607","R$ 156,02","R$ 318,46",1040/2
09/04/2026,ASEL0484 - Biostamp 220V,1,Mercado Livre - Envios,MG,Biossegurança,"R$ 1.880,00","R$ 319,60","R$ 0,00","269,78","R$ 365,05","R$ 925,57",6910/3
09/04/2026,AHIG0434 - Preto 127V,1,Mercado Livre - Envios,SP,Beleza,"R$ 589,00","R$ 100,13","R$ 28,35","84,5215","R$ 156,02","R$ 248,33",01/03/6997
09/04/2026,AHIG0434 - Preto 127V,1,Mercado Livre - FULL,PI,Beleza,"R$ 551,93","R$ 93,83","R$ 30,75","79,201955","R$ 156,02","R$ 222,88",01/03/6912
10/04/2026,AHIG0839 - Branco 127V,1,Mercado Livre - FULL,MG,Beleza,"R$ 569,00","R$ 96,73","R$ 30,75","81,6515","R$ 156,02","R$ 234,60",6916/3
10/04/2026,AHIG0434 - Preto 127V,1,Mercado Livre - FULL,MA,Beleza,"R$ 551,93","R$ 93,83","R$ 30,75","79,201955","R$ 156,02","R$ 222,88",6918/3
10/04/2026,AHIG0434 - Preto 127V,1,Mercado Livre - FULL,MA,Beleza,"R$ 551,93","R$ 93,83","R$ 30,75","79,201955","R$ 156,02","R$ 222,88",6920/3
10/04/2026,AHIG0434 - Preto 127V,1,Mercado Livre - FULL,BA,Beleza,"R$ 551,93","R$ 93,83","R$ 30,75","79,201955","R$ 156,02","R$ 222,88",6926/3
10/04/2026,AHIG0435 - Preto 220V,1,Mercado Livre - FULL,GO,Beleza,"R$ 551,93","R$ 93,83","R$ 30,75","79,201955","R$ 156,02","R$ 222,88",6930/3
10/04/2026,AHIG0435 - Preto 220V,1,Mercado Livre - FULL,GO,Beleza,"R$ 551,93","R$ 93,83","R$ 30,75","79,201955","R$ 156,02","R$ 222,88",6929/3
10/04/2026,AHIG0434 - Preto 127V,1,Mercado Livre - FULL,MT,Beleza,"R$ 551,93","R$ 93,83","R$ 30,75","79,201955","R$ 156,02","R$ 222,88",6962/3
10/04/2026,AHIG0434 - Preto 127V,1,Mercado Livre - FULL,BA,Beleza,"R$ 551,93","R$ 93,83","R$ 30,75","79,201955","R$ 156,02","R$ 222,88",6964/3
11/04/2026,AHIG0435 - Preto 220V,1,Mercado Livre - FULL,MG,Beleza,"R$ 551,93","R$ 93,83","R$ 30,75","79,201955","R$ 156,02","R$ 222,88",6968/3
11/04/2026,"APRF0841 - Proface 2,5x",1,Mercado Livre - FULL,SP,Biossegurança,"R$ 229,00","R$ 38,93","R$ 24,65","32,8615","R$ 68,20","R$ 89,01",6996/3
12/04/2026,AHIG0839 - Branco 127V,1,Mercado Livre - FULL,SP,Beleza,"R$ 569,00","R$ 96,73","R$ 30,75","81,6515","R$ 156,02","R$ 234,60",6970/3
12/04/2026,AHIG0840 - Branco 220V,1,Mercado Livre - FULL,PI,Beleza,"R$ 569,00","R$ 96,73","R$ 30,75","81,6515","R$ 156,02","R$ 234,60",6986/3
12/04/2026,AHIG0435 - Preto 220V,1,Mercado Livre - FULL,PB,Beleza,"R$ 551,93","R$ 93,83","R$ 30,75","79,201955","R$ 156,02","R$ 222,88",6972/3
12/04/2026,AHIG0434 - Preto 127V,1,Mercado Livre - FULL,PE,Beleza,"R$ 551,93","R$ 93,83","R$ 30,75","79,201955","R$ 156,02","R$ 222,88",6974/3
12/04/2026,AHIG0435 - Preto 220V,1,Mercado Livre - FULL,MG,Beleza,"R$ 551,93","R$ 93,83","R$ 30,75","79,201955","R$ 156,02","R$ 222,88",6976/3
12/04/2026,AHIG0840 - Branco 220V,1,Mercado Livre - FULL,SC,Beleza,"R$ 569,00","R$ 96,73","R$ 30,75","81,6515","R$ 156,02","R$ 234,60",6982/3
12/04/2026,AHIG0434 - Preto 127V,1,Mercado Livre - FULL,MG,Beleza,"R$ 551,93","R$ 93,83","R$ 30,75","79,201955","R$ 156,02","R$ 222,88",6980/3
12/04/2026,AHIG0435 - Preto 220V,1,Mercado Livre - FULL,RS,Beleza,"R$ 551,93","R$ 93,83","R$ 30,75","79,201955","R$ 156,02","R$ 222,88",6984/3
12/04/2026,"APRF0841 - Proface 2,5x",1,Mercado Livre - FULL,,Biossegurança,"R$ 229,00","R$ 38,93","R$ 24,65","32,8615","R$ 68,20","R$ 89,01",7017/3
12/04/2026,APRF0843 - Procafe Sem lupa,1,Mercado Livre - FULL,SP,Biossegurança,"R$ 115,67","R$ 19,66","R$ 0,00","16,598645","R$ 0,00","R$ 79,41",6966/3
13/04/2026,AHIG0434 - Preto 127V,1,Distribuidor,SP,Beleza,"R$ 333,00","R$ 0,00","R$ 0,00","86,4801","R$ 156,02","R$ 90,50",/1
13/04/2026,AHIG0435 - Preto 220V,3,Distribuidor,SP,Beleza,"R$ 999,00","R$ 0,00","R$ 0,00","259,4403","R$ 468,06","R$ 271,50",/1
13/04/2026,ALAV0379 - Cuba Ultrassonica 127V,1,Magalu,PB,Biossegurança,"R$ 1.227,90","R$ 181,73","R$ 22,90","176,20365","R$ 343,77","R$ 526,20",1043/2
13/04/2026,AHIG0840 - Branco 220V,1,Mercado Livre - FULL,MG,Beleza,"R$ 569,00","R$ 96,73","R$ 30,75","81,6515","R$ 156,02","R$ 234,60",6988/3
13/04/2026,AHIG0435 - Preto 220V,1,Mercado Livre - FULL,GO,Beleza,"R$ 551,93","R$ 93,83","R$ 30,75","79,201955","R$ 156,02","R$ 222,88",6994/3
13/04/2026,"APRF0842 - Proface 3,5x",1,Mercado Livre - FULL,SP,Biossegurança,"R$ 259,00","R$ 44,03","R$ 24,65","37,1665","R$ 68,20","R$ 109,60",6990/3
13/04/2026,APRF0843 - Proface Sem Lupa,1,Mercado Livre - FULL,BA,Biossegurança,"R$ 115,67","R$ 19,66","R$ 16,45","16,598645","R$ 45,72","R$ 33,69",6992/3
14/04/2026,AHIG0434 - Preto 127V,2,Distribuidor,SP,Beleza,"R$ 666,00","R$ 0,00","R$ 0,00","172,9602","R$ 312,04","R$ 181,00",/1
14/04/2026,AHIG0435 - Preto 220V,1,Mercado Livre - FULL,RJ,Beleza,"R$ 551,93","R$ 93,83","R$ 30,75","79,201955","R$ 156,02","R$ 222,88",7001/3
14/04/2026,AHIG0435 - Preto 220V,1,Mercado Livre - FULL,RJ,Beleza,"R$ 551,93","R$ 93,83","R$ 30,75","79,201955","R$ 156,02","R$ 222,88",7003/3
14/04/2026,AHIG0434 - Preto 127V,1,Mercado Livre - FULL,RJ,Beleza,"R$ 551,93","R$ 93,83","R$ 30,75","79,201955","R$ 156,02","R$ 222,88",7005/3
14/04/2026,AHIG0434 - Preto 127V,1,Mercado Livre - FULL,RJ,Beleza,"R$ 551,93","R$ 93,83","R$ 30,75","79,201955","R$ 156,02","R$ 222,88",7007/3
14/04/2026,AHIG0435 - Preto 220V,1,Mercado Livre - FULL,DF,Beleza,"R$ 551,93","R$ 93,83","R$ 30,75","79,201955","R$ 156,02","R$ 222,88",7009/3
14/04/2026,AHIG0434 - Preto 127V,1,Mercado Livre - FULL,RJ,Beleza,"R$ 551,93","R$ 93,83","R$ 30,75","79,201955","R$ 156,02","R$ 222,88",7011/3
14/04/2026,AHIG0434 - Preto 127V,1,Mercado Livre - FULL,RJ,Beleza,"R$ 551,93","R$ 93,83","R$ 30,75","79,201955","R$ 156,02","R$ 222,88",7021/3
14/04/2026,AHIG0434 - Preto 127V,1,Mercado Livre - FULL,SP,Beleza,"R$ 551,93","R$ 93,83","R$ 30,75","79,201955","R$ 156,02","R$ 222,88",7019/3
15/04/2026,AHIG0435 - Preto 220V,1,Mercado Livre - FULL,SP,Beleza,"R$ 551,93","R$ 93,83","R$ 30,75","79,201955","R$ 156,02","R$ 222,88",7015/3
15/04/2026,AHIG0434 - Preto 127V,1,Mercado Livre - FULL,DF,Beleza,"R$ 546,41","R$ 92,89","R$ 30,75","78,409835","R$ 156,02","R$ 219,09",7023/3
16/04/2026,AHIG0434 - Preto 127V,4,Distribuidor,SP,Beleza,"R$ 333,00","R$ 0,00","R$ 0,00","86,4801","R$ 624,08","-R$ 377,56",/1
16/04/2026,AHIG0435 - Preto 220V,1,Mercado Livre - FULL,MG,Beleza,"R$ 546,41","R$ 92,89","R$ 30,75","78,409835","R$ 156,02","R$ 219,09",7025/3
16/04/2026,AHIG0435 - Preto 220V,1,Magalu,SC,Beleza,"R$ 569,00","R$ 84,21","R$ 0,00","81,6515","R$ 156,02","R$ 247,12",1044/2
16/04/2026,AHIG0435 - Preto 220V,1,Magalu,PR,Beleza,"R$ 569,00","R$ 84,21","R$ 0,00","81,6515","R$ 156,02","R$ 247,12",1045/2
17/04/2026,AHIG0435 - Preto 220V,1,Mercado Livre - FULL,SP,Beleza,"R$ 546,41","R$ 92,89","R$ 0,00","78,409835","R$ 156,02","R$ 219,09",7027/3
19/04/2026,AHIG0412 - Roxo 127V,1,Mercado Livre - FULL,PR,Beleza,"R$ 563,31","R$ 95,76","R$ 0,00","80,834985","R$ 156,02","R$ 230,69",7037/3
17/04/2026,AHIG0434 - Preto 127V,1,Mercado Livre - FULL,PE,Beleza,"R$ 546,41","R$ 92,89","R$ 0,00","78,409835","R$ 156,02","R$ 219,09",7029/3
18/04/2026,AHIG0434 - Preto 127V,1,Mercado Livre - FULL,SP,Beleza,"R$ 546,41","R$ 92,89","R$ 0,00","78,409835","R$ 156,02","R$ 219,09",7031/3
18/04/2026,AHIG0434 - Preto 127V,1,Mercado Livre - FULL,MS,Beleza,"R$ 546,41","R$ 92,89","R$ 0,00","78,409835","R$ 156,02","R$ 219,09",7033/3
18/04/2026,AHIG0412 - Roxo 127V,1,Mercado Livre - FULL,AL,Beleza,"R$ 563,31","R$ 95,76","R$ 0,00","80,834985","R$ 156,02","R$ 230,69",7035/3
20/04/2026,AHIG0435 - Preto 220V,1,Mercado Livre - FULL,SP,Beleza,"R$ 563,48","R$ 95,79","R$ 0,00","80,85938","R$ 156,02","R$ 230,81",7039/3
20/04/2026,AHIG0840 - Branco 220V,1,Mercado Livre - FULL,SP,Beleza,"R$ 563,31","R$ 95,76","R$ 0,00","80,834985","R$ 156,02","R$ 230,69",7041/3
21/04/2026,AHIG0435 - Preto 220V,1,Mercado Livre - FULL,SP,Beleza,"R$ 563,48","R$ 95,79","R$ 0,00","80,85938","R$ 156,02","R$ 230,81",7045/3
21/04/2026,AHIG0435 - Preto 220V,1,Mercado Livre - FULL,SP,Beleza,"R$ 563,48","R$ 95,79","R$ 0,00","80,85938","R$ 156,02","R$ 230,81",7043/3
21/04/2026,AHIG0434 - Preto 127V,1,Mercado Livre - FULL,SP,Beleza,"R$ 563,48","R$ 95,79","R$ 0,00","80,85938","R$ 156,02","R$ 230,81",7047/3
22/04/2026,AHIG0434 - Preto 127V,2,Distribuidor,SP,Beleza,"R$ 666,00","R$ 0,00","R$ 0,00","172,9602","R$ 312,04","R$ 181,00",/1
22/04/2026,AHIG0412 - Roxo 127V,1,Loja Integrada - Pix,SP,Beleza,"R$ 567,22","R$ 11,34","R$ 15,29","81,39607","R$ 156,02","R$ 318,46",1046/2
22/04/2026,CTAP1303 - Tampa Roxa,1,Loja Integrada - Pix,MG,Beleza,"R$ 51,11","R$ 1,02","R$ 22,01","7,334285","R$ 30,00","R$ 12,75",1047/2
22/04/2026,CTAP1549 - Tampa Fumê,2,Loja Integrada - Pix,SP,Beleza,"R$ 77,89","R$ 1,56","R$ 19,69","11,177215","R$ 60,00","R$ 5,15",1048/2
23/04/2026,AHIG0434 - Preto 127V,1,Mercado Livre - FULL,SP,Beleza,"R$ 563,48","R$ 95,79","R$ 0,00","80,85938","R$ 156,02","R$ 230,81",7050/3
26/04/2026,AHIG0412 - Roxo 127V,1,Mercado Livre - FULL,MG,Beleza,"R$ 563,31","R$ 95,76","R$ 0,00","80,834985","R$ 156,02","R$ 230,69",7056/3
23/04/2026,AHIG0840 - Branco 220V,1,Mercado Livre - FULL,SP,Beleza,"R$ 563,31","R$ 95,76","R$ 0,00","80,834985","R$ 156,02","R$ 230,69",7052/3
25/04/2026,AHIG0412 - Roxo 127V,1,Mercado Livre - FULL,BA,Beleza,"R$ 563,31","R$ 95,76","R$ 0,00","80,834985","R$ 156,02","R$ 230,69",7054/3
26/04/2026,AHIG0434 - Preto 127V,1,Mercado Livre - FULL,MG,Beleza,"R$ 563,48","R$ 95,79","R$ 0,00","80,85938","R$ 156,02","R$ 230,81",7058/3
26/04/2026,AHIG0434 - Preto 127V,1,Mercado Livre - FULL,SP,Beleza,"R$ 563,48","R$ 95,79","R$ 0,00","80,85938","R$ 156,02","R$ 230,81",7060/3
26/04/2026,AHIG0839 - Branco 127V,1,Mercado Livre - FULL,RJ,Beleza,"R$ 563,31","R$ 95,76","R$ 0,00","80,834985","R$ 156,02","R$ 230,69",7062/3
26/04/2026,AHIG0435 - Preto 220V,1,Mercado Livre - FULL,SC,Beleza,"R$ 589,00","R$ 100,13","R$ 30,75","84,5215","R$ 156,02","R$ 248,33",01/03/7063
27/04/2026,ALAV0378 - Cuba Ultrassonica 220V,1,Magalu,BA,Biossegurança,"R$ 1.128,25","R$ 166,98","R$ 16,90","161,903875","R$ 343,77","R$ 455,60",01/02/1050
27/04/2026,AHIG0435 - Preto 220V,1,Magalu,AL,Beleza,"R$ 569,00","R$ 84,21","R$ 0,00","81,6515","R$ 156,02","R$ 247,12",01/02/1051
27/04/2026,AHIG0435 - Preto 220V,1,Magalu,GO,Beleza,"R$ 529,17","R$ 78,32","R$ 0,00","75,935895","R$ 156,02","R$ 218,90",01/02/1052
27/04/2026,AHIG0434 - Preto 127V,2,Distribuidor,SP,Beleza,"R$ 666,00","R$ 0,00","R$ 0,00","172,9602","R$ 312,04","R$ 181,00",/1
27/04/2026,AHIG0434 - Preto 127V,1,Mercado Livre - FULL,DF,Beleza,"R$ 563,48","R$ 95,79","R$ 0,00","80,85938","R$ 156,02","R$ 230,81",7065/3
27/04/2026,AHIG0434 - Preto 127V,1,Mercado Livre - FULL,SP,Beleza,"R$ 563,48","R$ 95,79","R$ 0,00","80,85938","R$ 156,02","R$ 230,81",7067/3
27/04/2026,AHIG0434 - Preto 127V,1,Mercado Livre - FULL,BA,Beleza,"R$ 563,48","R$ 95,79","R$ 0,00","80,85938","R$ 156,02","R$ 230,81",7069/3
27/04/2026,AHIG0840 - Branco 220V,1,Mercado Livre - FULL,PE,Beleza,"R$ 563,31","R$ 95,76","R$ 0,00","80,834985","R$ 156,02","R$ 230,69",7073/3
27/04/2026,AHIG0434 - Preto 127V,1,Mercado Livre - FULL,MT,Beleza,"R$ 563,48","R$ 95,79","R$ 0,00","80,85938","R$ 156,02","R$ 230,81",7071/3
28/04/2026,AHIG0434 - Preto 127V,1,Mercado Livre - FULL,MG,Beleza,"R$ 563,48","R$ 95,79","R$ 0,00","80,85938","R$ 156,02","R$ 230,81",7079/3
28/04/2026,AHIG0434 - Preto 127V,1,Mercado Livre - FULL,ES,Beleza,"R$ 563,48","R$ 95,79","R$ 0,00","80,85938","R$ 156,02","R$ 230,81",7075/3
28/04/2026,AHIG0434 - Preto 127V,1,Mercado Livre - FULL,SP,Beleza,"R$ 563,48","R$ 95,79","R$ 0,00","80,85938","R$ 156,02","R$ 230,81",7077/3
28/04/2026,AHIG0435 - Preto 220V,1,Distribuidor,SP,Beleza,"R$ 333,00","R$ 0,00","R$ 0,00","86,4801","R$ 156,02","R$ 90,50",/1
29/04/2026,AHIG0434 - Preto 127V,1,Distribuidor,SP,Beleza,"R$ 333,00","R$ 0,00","R$ 0,00","86,4801","R$ 156,02","R$ 90,50",/1
29/04/2026,AHIG0435 - Preto 220V,1,Distribuidor,SP,Beleza,"R$ 333,00","R$ 0,00","R$ 0,00","86,4801","R$ 156,02","R$ 90,50",/1
29/04/2026,AHIG0434 - Preto 127V,1,Mercado Livre - FULL,ES,Beleza,"R$ 563,48","R$ 95,79","R$ 0,00","80,85938","R$ 156,02","R$ 230,81",7081/3
29/04/2026,AHIG0435 - Preto 220V,1,Loja Integrada - PagSeguro,RS,Beleza,"R$ 606,69","R$ 24,27","R$ 37,69","87,060015","R$ 156,02","R$ 339,34",1053/2
02/05/2026,AHIG0840 - Branco 220V,1,Mercado Livre - FULL,RS,Beleza,"R$ 563,31","R$ 95,76","R$ 30,75","80,834985","R$ 156,02","R$ 230,69",7086/3
04/05/2026,AHIG0435 - Preto 220V,1,Loja Integrada - PagSeguro,PE,Beleza,"R$ 617,95","R$ 24,72","R$ 48,95","88,675825","R$ 0,00","R$ 504,56",1054/2
04/05/2026,AHIG0435 - Preto 220V,2,Magalu,SP,Beleza,"R$ 1.058,34","R$ 156,63","R$ 0,00","151,87179","R$ 312,04","R$ 437,79",1055/2
04/05/2026,AHIG0435 - Preto 220V,2,Mercado Livre - Envios,SP,Beleza,"R$ 1.178,00","R$ 200,26","R$ 30,75","169,043","R$ 312,04","R$ 496,66",7091/3
04/05/2026,AHIG0412 - Roxo 127V,1,Mercado Livre - FULL,PR,Beleza,"R$ 563,31","R$ 0,00","R$ 0,00","80,834985","R$ 156,02","R$ 326,46",7100/3
04/05/2026,AHIG0840 - Branco 220V,1,Mercado Livre - FULL,SP,Beleza,"R$ 563,31","R$ 95,76","R$ 30,75","80,834985","R$ 156,02","R$ 230,69",7090/3
04/05/2026,AHIG0840 - Branco 220V,1,Mercado Livre - FULL,SP,Beleza,"R$ 563,31","R$ 95,76","R$ 30,75","80,834985","R$ 156,02","R$ 230,69",7088/3
05/05/2026,AHIG0435 - Preto 220V,1,Mercado Livre - Envios,RN,Beleza,"R$ 589,00","R$ 100,13","R$ 28,75","84,5215","R$ 156,02","R$ 248,33",7105/3
04/05/2026,AHIG0412 - Roxo 127V,1,Mercado Livre - FULL,SC,Beleza,"R$ 563,31","R$ 95,76","R$ 30,75","80,834985","R$ 156,02","R$ 230,69",7093/3
04/05/2026,AHIG0412 - Roxo 127V,1,Mercado Livre - FULL,RJ,Beleza,"R$ 563,31","R$ 95,76","R$ 30,75","80,834985","R$ 0,00","R$ 386,71",7097/3
04/05/2026,AHIG0840 - Branco 220V,1,Mercado Livre - FULL,GO,Beleza,"R$ 563,31","R$ 95,76","R$ 30,75","80,834985","R$ 156,02","R$ 230,69",7102/3
04/05/2026,AHIG0840 - Branco 220V,1,Mercado Livre - FULL,SP,Beleza,"R$ 563,31","R$ 95,76","R$ 30,75","80,834985","R$ 156,02","R$ 230,69",7104/3
05/05/2026,AHIG0840 - Branco 220V,1,Mercado Livre - FULL,SP,Beleza,"R$ 563,31","R$ 95,76","R$ 30,75","80,834985","R$ 156,02","R$ 230,69",7108/3
05/05/2026,AHIG0434 - Preto 127V,1,Mercado Livre - Envios,SP,Beleza,"R$ 589,00","R$ 100,13","R$ 28,75","84,5215","R$ 156,02","R$ 248,33",7106/3
05/05/2026,AHIG0435 - Preto 220V,2,Mercado Livre - Envios,RN,Beleza,"R$ 1.178,00","R$ 200,26","R$ 28,75","169,043","R$ 312,04","R$ 496,66",7110/3
06/05/2026,AHIG0435 - Preto 220V,1,Distribuidor,SP,Beleza,"R$ 333,00","R$ 0,00","R$ 0,00","86,4801","R$ 156,02","R$ 90,50",/1
06/05/2026,AHIG0435 - Preto 220V,1,Mercado Livre - Envios,PB,Beleza,"R$ 589,00","R$ 100,13","R$ 28,75","84,5215","R$ 156,02","R$ 248,33",7169/3
06/05/2026,AHIG0840 - Branco 220V,1,Mercado Livre - FULL,DF,Beleza,"R$ 563,31","R$ 0,00","R$ 30,75","80,834985","R$ 156,02","R$ 326,46",7112/3
06/05/2026,AHIG0840 - Branco 220V,1,Mercado Livre - FULL,SP,Beleza,"R$ 563,31","R$ 95,76","R$ 30,75","80,834985","R$ 156,02","R$ 230,69",7114/3
07/05/2026,AHIG0435 - Preto 220V,1,Distribuidor,SP,Beleza,"R$ 333,00","R$ 0,00","R$ 0,00","86,4801","R$ 156,02","R$ 90,50",/1
07/05/2026,AHIG0435 - Preto 220V,1,Distribuidor,SP,Beleza,"R$ 333,00","R$ 0,00","R$ 0,00","86,4801","R$ 156,02","R$ 90,50",/1
07/05/2026,AHIG0435 - Preto 220V,1,Mercado Livre - FULL,SP,Beleza,"R$ 563,48","R$ 95,79","R$ 30,75","80,85938","R$ 156,02","R$ 230,81",7195/3
07/05/2026,AHIG0839 - Branco 127V,1,Mercado Livre - FULL,SP,Beleza,"R$ 563,31","R$ 95,76","R$ 30,75","80,834985","R$ 156,02","R$ 230,69",7197/3
09/05/2026,AHIG0434 - Preto 127V,1,Mercado Livre - FULL,PR,Beleza,"R$ 563,48","R$ 95,79","R$ 30,75","80,85938","R$ 156,02","R$ 230,81",7199/3
09/05/2026,AHIG0435 - Preto 220V,1,Mercado Livre - FULL,SC,Beleza,"R$ 563,48","R$ 95,79","R$ 30,75","80,85938","R$ 156,02","R$ 230,81",7201/3
11/05/2026,AHIG0434 - Preto 127V,1,Distribuidor,SP,Beleza,"R$ 333,00","R$ 0,00","R$ 0,00","86,4801","R$ 156,02","R$ 90,50",/1
11/05/2026,AHIG0435 - Preto 220V,2,Distribuidor,SP,Beleza,"R$ 666,00","R$ 0,00","R$ 0,00","172,9602","R$ 312,04","R$ 181,00",/1
11/05/2026,AHIG0434 - Preto 127V,1,Mercado Livre - FULL,RJ,Beleza,"R$ 563,48","R$ 95,79","R$ 30,75","80,85938","R$ 156,02","R$ 230,81",7207/3
12/05/2026,AHIG0435 - Preto 220V,1,Distribuidor,SP,Beleza,"R$ 333,00","R$ 0,00","R$ 0,00","86,4801","R$ 156,02","R$ 90,50",/1
06/05/2026,AHIG0434 - Preto 127V,1,Distribuidor,SP,Beleza,"R$ 333,00","R$ 0,00","R$ 0,00","86,4801","R$ 156,02","R$ 90,50",/1
12/05/2026,AHIG0435 - Preto 220V,2,Loja Integrada - Pix,GO,Beleza,"R$ 1.147,62","R$ 22,95","R$ 43,76","164,68347","R$ 312,04","R$ 647,94",1056/2
12/05/2026,"ALUP0420 - Lupa 2,5x",1,Mercado Livre - Envios,SP,Biossegurança,"R$ 335,00","R$ 56,95","R$ 28,75","48,0725","R$ 34,44","R$ 195,54",7212/3
12/05/2026,AHIG0434 - Preto 127V,1,Magalu,MG,Beleza,"R$ 569,00","R$ 84,21","R$ 0,00","81,6515","R$ 156,02","R$ 247,12",1057/2
12/05/2026,AHIG0412 - Roxo 127V,1,Mercado Livre - FULL,RS,Beleza,"R$ 563,31","R$ 95,76","R$ 30,75","80,834985","R$ 156,02","R$ 230,69",7209/3
12/05/2026,AHIG0412 - Roxo 127V,1,Mercado Livre - FULL,TO,Beleza,"R$ 563,31","R$ 95,76","R$ 30,75","80,834985","R$ 156,02","R$ 230,69",7211/3
13/05/2026,AHIG0434 - Preto 127V,1,Mercado Livre - FULL,PE,Beleza,"R$ 563,48","R$ 95,79","R$ 30,75","80,85938","R$ 156,02","R$ 230,81",7220/3
13/05/2026,AHIG0435 - Preto 220V,1,Mercado Livre - FULL,PA,Beleza,"R$ 563,48","R$ 95,79","R$ 30,75","80,85938","R$ 156,02","R$ 230,81",7216/3
13/05/2026,AHIG0840 - Branco 220V,1,Mercado Livre - FULL,RS,Beleza,"R$ 563,31","R$ 95,76","R$ 30,75","80,834985","R$ 156,02","R$ 230,69",7214/3
13/05/2026,AHIG0435 - Preto 220V,1,Mercado Livre - Envios,BA,Beleza,"R$ 589,00","R$ 100,13","R$ 28,75","84,5215","R$ 156,02","R$ 248,33",7222/3
14/05/2026,AHIG0434 - Preto 127V,1,Magalu,MG,Beleza,"R$ 529,17","R$ 78,32","R$ 0,00","75,935895","R$ 156,02","R$ 218,90",1058/2
17/05/2026,"APRF0842 - Proface 3,5x",1,Mercado Livre - FULL,AC,Biossegurança,"R$ 259,00","R$ 44,03","R$ 13,99","37,1665","R$ 0,00","R$ 177,80",7356/3
17/05/2026,"APRF0842 - Proface 3,5x",1,Mercado Livre - FULL,AC,Biossegurança,"R$ 259,00","R$ 44,03","R$ 13,99","37,1665","R$ 68,20","R$ 109,60",7354/3
13/05/2026,AHIG0839 - Branco 127V,1,Mercado Livre - FULL,ES,Beleza,"R$ 563,31","R$ 95,76","R$ 30,75","80,834985","R$ 156,02","R$ 230,69",7225/3
13/05/2026,AHIG0412 - Roxo 127V,1,Mercado Livre - FULL,SP,Beleza,"R$ 563,31","R$ 95,76","R$ 30,75","80,834985","R$ 156,02","R$ 230,69",7227/3
14/05/2026,AHIG0434 - Preto 127V,1,Mercado Livre - FULL,RJ,Beleza,"R$ 563,48","R$ 95,79","R$ 30,75","80,85938","R$ 156,02","R$ 230,81",7229/3
14/05/2026,AHIG0435 - Preto 220V,1,Mercado Livre - FULL,RS,Beleza,"R$ 563,48","R$ 95,79","R$ 30,75","80,85938","R$ 156,02","R$ 230,81",7231/3
14/05/2026,AHIG0435 - Preto 220V,1,Mercado Livre - FULL,RS,Beleza,"R$ 563,48","R$ 95,79","R$ 30,75","80,85938","R$ 156,02","R$ 230,81",7239/3
14/05/2026,AHIG0435 - Preto 220V,1,Mercado Livre - FULL,GO,Beleza,"R$ 563,48","R$ 95,79","R$ 30,75","80,85938","R$ 156,02","R$ 230,81",7235/3
14/05/2026,AHIG0435 - Preto 220V,1,Mercado Livre - FULL,GO,Beleza,"R$ 563,48","R$ 95,79","R$ 30,75","80,85938","R$ 156,02","R$ 230,81",7233/3
20/05/2026,AHIG0435 - Preto 220V,1,Mercado Livre - FULL,PA,Beleza,"R$ 563,48","R$ 95,79","R$ 30,43","80,85938","R$ 156,02","R$ 230,81",7382/3
20/05/2026,AHIG0435 - Preto 220V,1,Mercado Livre - FULL,PA,Beleza,"R$ 563,48","R$ 95,79","R$ 30,43","80,85938","R$ 156,02","R$ 230,81",7380/3
14/05/2026,AHIG0434 - Preto 127V,1,Mercado Livre - FULL,MG,Beleza,"R$ 563,48","R$ 95,79","R$ 30,75","80,85938","R$ 156,02","R$ 230,81",7237/3
15/05/2026,AHIG0840 - Branco 220V,1,Mercado Livre - FULL,BA,Beleza,"R$ 563,31","R$ 95,76","R$ 30,75","80,834985","R$ 156,02","R$ 230,69",7241/3
15/05/2026,AHIG0434 - Preto 127V,1,Mercado Livre - FULL,PA,Beleza,"R$ 563,48","R$ 95,79","R$ 30,43","80,85938","R$ 156,02","R$ 230,81",7243/3
17/05/2026,AHIG0434 - Preto 127V,1,Mercado Livre - FULL,RJ,Beleza,"R$ 569,00","R$ 96,73","R$ 30,73","81,6515","R$ 156,02","R$ 234,60",7358/3
17/05/2026,AHIG0412 - Roxo 127V,1,Mercado Livre - FULL,SP,Beleza,"R$ 569,00","R$ 96,73","R$ 30,73","81,6515","R$ 156,02","R$ 234,60",7360/3
18/05/2026,AHIG0840 - Branco 220V,1,Mercado Livre - Envios,PB,Beleza,"R$ 599,00","R$ 101,83","R$ 30,73","85,9565","R$ 156,02","R$ 255,19",7361/3
18/05/2026,APGC0677 - Papel 15cm,1,Mercado Livre - Envios,SP,Biossegurança,"R$ 80,00","R$ 13,60","R$ 30,73","11,48","R$ 0,00","R$ 54,92",7362/3
18/05/2026,AHIG0435 - Preto 220V,1,Distribuidor,SP,Beleza,"R$ 333,00","R$ 0,00","R$ 0,00","86,4801","R$ 156,02","R$ 90,50",/1
18/05/2026,AHIG0840 - Branco 220V,1,Mercado Livre - FULL,PA,Beleza,"R$ 563,31","R$ 95,76","R$ 30,73","80,834985","R$ 156,02","R$ 230,69",7364/3
18/05/2026,AHIG0434 - Preto 127V,1,Mercado Livre - FULL,SP,Beleza,"R$ 569,00","R$ 96,73","R$ 30,73","81,6515","R$ 156,02","R$ 234,60",7368/3
18/05/2026,AHIG0435 - Preto 220V,1,Mercado Livre - FULL,PR,Beleza,"R$ 569,00","R$ 96,73","R$ 30,73","81,6515","R$ 156,02","R$ 234,60",7370/3
18/05/2026,AHIG0435 - Preto 220V,1,Mercado Livre - FULL,SP,Beleza,"R$ 569,00","R$ 96,73","R$ 30,73","81,6515","R$ 156,02","R$ 234,60",7372/3
19/05/2026,AHIG0434 - Preto 127V,1,Distribuidor,SP,Beleza,"R$ 333,00","R$ 0,00","R$ 0,00","86,4801","R$ 156,02","R$ 90,50",/1
19/05/2026,AHIG0435 - Preto 220V,1,Distribuidor,SP,Beleza,"R$ 333,00","R$ 0,00","R$ 0,00","86,4801","R$ 156,02","R$ 90,50",/1
20/05/2026,AHIG0434 - Preto 127V,1,Distribuidor,SP,Beleza,"R$ 333,00","R$ 0,00","R$ 0,00","86,4801","R$ 156,02","R$ 90,50",/1
20/05/2026,AHIG0435 - Preto 220V,1,Mercado Livre - FULL,BA,Beleza,"R$ 569,00","R$ 96,73","R$ 30,73","81,6515","R$ 156,02","R$ 234,60",7384/3
20/05/2026,AHIG0839 - Branco 127V,1,Mercado Livre - FULL,SP,Beleza,"R$ 523,48","R$ 88,99","R$ 28,27","75,11938","R$ 156,02","R$ 203,35",7386/3
20/05/2026,AHIG0839 - Branco 127V,1,Mercado Livre - FULL,MG,Beleza,"R$ 523,48","R$ 88,99","R$ 28,27","75,11938","R$ 156,02","R$ 203,35",7388/3
20/05/2026,AHIG0435 - Preto 220V,1,Mercado Livre - FULL,PR,Beleza,"R$ 523,48","R$ 88,99","R$ 28,27","75,11938","R$ 156,02","R$ 203,35",7390/3
20/05/2026,AHIG0840 - Branco 220V,1,Mercado Livre - FULL,RN,Beleza,"R$ 523,48","R$ 88,99","R$ 28,27","75,11938","R$ 156,02","R$ 203,35",7392/3
20/05/2026,ASEL0642 - Smart 127V,1,Mercado Livre - Envios,SP,Biossegurança,"R$ 990,00","R$ 168,30","R$ 46,53","142,065","R$ 365,05","R$ 314,59",7395/3
20/05/2026,AHIG0435 - Preto 220V,1,Mercado Livre - FULL,RS,Beleza,"R$ 523,48","R$ 88,99","R$ 28,27","75,11938","R$ 156,02","R$ 203,35",7399/3
20/05/2026,AHIG0840 - Branco 220V,1,Mercado Livre - Envios,MA,Beleza,"R$ 599,00","R$ 101,83","R$ 28,15","85,9565","R$ 156,02","R$ 255,19",7402/3
21/05/2026,AHIG0412 - Roxo 127V,1,Mercado Livre - FULL,SP,Beleza,"R$ 546,41","R$ 92,89","R$ 29,51","78,409835","R$ 156,02","R$ 219,09",7404/3
21/05/2026,AHIG0435 - Preto 220V,1,Mercado Livre - FULL,SC,Beleza,"R$ 523,48","R$ 88,99","R$ 28,27","75,11938","R$ 156,02","R$ 203,35",7406/3
22/05/2026,AHIG0434 - Preto 127V,1,Mercado Livre - FULL,AC,Beleza,"R$ 569,00","R$ 0,00","R$ 30,73","81,6515","R$ 156,02","R$ 331,33",7410/3
22/05/2026,AHIG0435 - Preto 220V,1,Mercado Livre - FULL,GO,Beleza,"R$ 523,48","R$ 0,00","R$ 28,27","75,11938","R$ 156,02","R$ 292,34",7412/3
22/05/2026,AHIG0435 - Preto 220V,1,Distribuidor,SP,Beleza,"R$ 333,00","R$ 0,00","R$ 0,00","86,4801","R$ 156,02","R$ 90,50",/1
22/05/2026,AHIG0412 - Roxo 127V,1,Mercado Livre - FULL,PI,Beleza,"R$ 546,41","R$ 0,00","R$ 29,51","78,409835","R$ 156,02","R$ 311,98",7414/3
22/05/2026,AHIG0839 - Branco 127V,1,Mercado Livre - FULL,SP,Beleza,"R$ 523,48","R$ 0,00","R$ 28,27","75,11938","R$ 156,02","R$ 292,34",7416/3
23/05/2026,AHIG0435 - Preto 220V,1,Mercado Livre - FULL,SP,Beleza,"R$ 523,48","R$ 0,00","R$ 28,27","75,11938","R$ 156,02","R$ 292,34",7420/3
23/05/2026,AHIG0435 - Preto 220V,1,Mercado Livre - FULL,BA,Beleza,"R$ 523,48","R$ 0,00","R$ 28,27","75,11938","R$ 156,02","R$ 292,34",7422/3
23/05/2026,AHIG0839 - Branco 127V,1,Mercado Livre - FULL,BA,Beleza,"R$ 523,48","R$ 0,00","R$ 28,27","75,11938","R$ 156,02","R$ 292,34",7424/3
23/05/2026,AHIG0435 - Preto 220V,1,Mercado Livre - FULL,PA,Beleza,"R$ 523,48","R$ 0,00","R$ 28,27","75,11938","R$ 156,02","R$ 292,34",7426/3
23/05/2026,AHIG0435 - Preto 220V,1,Mercado Livre - FULL,PA,Beleza,"R$ 523,48","R$ 0,00","R$ 28,27","75,11938","R$ 156,02","R$ 292,34",7428/3
24/05/2026,AHIG0412 - Roxo 127V,1,Mercado Livre - FULL,BA,Beleza,"R$ 546,41","R$ 0,00","R$ 29,51","78,409835","R$ 156,02","R$ 311,98",7430/3
24/05/2026,AHIG0839 - Branco 127V,1,Mercado Livre - FULL,SP,Beleza,"R$ 523,48","R$ 0,00","R$ 28,27","75,11938","R$ 156,02","R$ 292,34",7432/3
24/05/2026,AHIG0839 - Branco 127V,1,Mercado Livre - FULL,RJ,Beleza,"R$ 523,48","R$ 0,00","R$ 28,27","75,11938","R$ 156,02","R$ 292,34",7434/3
24/05/2026,AHIG0435 - Preto 220V,1,Mercado Livre - FULL,PE,Beleza,"R$ 523,48","R$ 0,00","R$ 28,27","75,11938","R$ 156,02","R$ 292,34",7436/3
24/05/2026,AHIG0435 - Preto 220V,1,Mercado Livre - FULL,GO,Beleza,"R$ 523,48","R$ 0,00","R$ 28,27","75,11938","R$ 156,02","R$ 292,34",7438/3
24/05/2026,AHIG0434 - Preto 127V,1,Mercado Livre - FULL,MS,Beleza,"R$ 523,48","R$ 0,00","R$ 28,27","75,11938","R$ 156,02","R$ 292,34",7440/3
24/05/2026,AHIG0435 - Preto 220V,1,Mercado Livre - FULL,PE,Beleza,"R$ 523,48","R$ 0,00","R$ 28,27","75,11938","R$ 156,02","R$ 292,34",7444/3
24/05/2026,AHIG0434 - Preto 127V,1,Mercado Livre - FULL,MG,Beleza,"R$ 523,48","R$ 0,00","R$ 28,27","75,11938","R$ 156,02","R$ 292,34",7442/3
25/05/2026,APGC0677 - Papel 15cm,1,Mercado Livre - Envios,RN,Biossegurança,"R$ 87,00","R$ 0,00","R$ 4,09","12,4845","R$ 0,00","R$ 74,52",7445/3
25/05/2026,ASEL0659 - Smart 220V,1,Mercado Livre - Envios,RN,Biossegurança,"R$ 990,00","R$ 0,00","R$ 46,53","142,065","R$ 365,05","R$ 482,89",7446/3
26/05/2026,AHIG0435 - Preto 220V,1,Distribuidor,SP,Beleza,"R$ 333,00","R$ 0,00","R$ 0,00","86,4801","R$ 156,02","R$ 90,50",/1
26/05/2026,ALAV0379 - Cuba Ultrassonica 127V,2,Mercado Livre - Envios,RJ,Biossegurança,"R$ 2.560,00","R$ 0,00","R$ 120,32","367,36","R$ 687,54","R$ 1.505,10",7451/3
27/05/2026,AHIG0435 - Preto 220V,1,Distribuidor,SP,Beleza,"R$ 333,00","R$ 0,00","R$ 0,00","86,4801","R$ 156,02","R$ 90,50",/1
26/05/2026,AHIG0435 - Preto 220V,1,Mercado Livre - FULL,MG,Beleza,"R$ 569,00","R$ 0,00","R$ 30,73","81,6515","R$ 156,02","R$ 331,33",7450/3
27/05/2026,AHIG0434 - Preto 127V,1,Mercado Livre - FULL,SP,Beleza,"R$ 569,00","R$ 0,00","R$ 30,73","81,6515","R$ 156,02","R$ 331,33",7453/3
27/05/2026,AHIG0434 - Preto 127V,1,Mercado Livre - FULL,RJ,Beleza,"R$ 569,00","R$ 0,00","R$ 30,73","81,6515","R$ 156,02","R$ 331,33",7455/3
27/05/2026,AHIG0434 - Preto 127V,1,Mercado Livre - FULL,SP,Beleza,"R$ 569,00","R$ 0,00","R$ 30,73","81,6515","R$ 156,02","R$ 331,33",7459/3
27/05/2026,AHIG0434 - Preto 127V,1,Mercado Livre - FULL,SP,Beleza,"R$ 569,00","R$ 0,00","R$ 30,73","81,6515","R$ 156,02","R$ 331,33",7461/3
27/05/2026,AHIG0434 - Preto 127V,1,Mercado Livre - FULL,SP,Beleza,"R$ 569,00","R$ 0,00","R$ 30,73","81,6515","R$ 156,02","R$ 331,33",7466/3
28/05/2026,AHIG0434 - Preto 127V,1,Mercado Livre - FULL,ES,Beleza,"R$ 569,00","R$ 0,00","R$ 30,73","81,6515","R$ 156,02","R$ 331,33",7470/3
28/05/2026,AHIG0435 - Preto 220V,1,Mercado Livre - FULL,SP,Beleza,"R$ 569,00","R$ 0,00","R$ 30,73","81,6515","R$ 156,02","R$ 331,33",7472/3
29/05/2026,"ALUP0420 - Lupa 2,5x",1,Mercado Livre - Envios,SP,Biossegurança,"R$ 335,00","R$ 0,00","R$ 15,75","48,0725","R$ 34,44","R$ 252,49",7474/3
29/05/2026,ASEL0642 - Smart 127V,1,Mercado Livre - Envios,SP,Biossegurança,"R$ 990,00","R$ 0,00","R$ 46,53","142,065","R$ 365,05","R$ 482,89",7473/3
29/05/2026,AHIG0434 - Preto 127V,1,Mercado Livre - FULL,MG,Beleza,"R$ 569,00","R$ 0,00","R$ 30,73","81,6515","R$ 156,02","R$ 331,33",7476/3
30/05/2026,AHIG0434 - Preto 127V,1,Mercado Livre - FULL,RJ,Beleza,"R$ 569,00","R$ 0,00","R$ 30,73","81,6515","R$ 156,02","R$ 331,33",7478/3
30/05/2026,AHIG0412 - Roxo 127V,1,Mercado Livre - FULL,AM,Beleza,"R$ 546,41","R$ 0,00","R$ 29,51","78,409835","R$ 156,02","R$ 311,98",7480/3
30/05/2026,AHIG0434 - Preto 127V,1,Mercado Livre - FULL,PR,Beleza,"R$ 569,00","R$ 0,00","R$ 30,73","81,6515","R$ 156,02","R$ 331,33",7482/3
31/05/2026,AHIG0435 - Preto 220V,1,Mercado Livre - FULL,DF,Beleza,"R$ 569,00","R$ 0,00","R$ 30,73","81,6515","R$ 156,02","R$ 331,33",7485/3
31/05/2026,APRF0843 - Procafe Sem lupa,1,Mercado Livre - FULL,SP,Biossegurança,"R$ 129,00","R$ 0,00","R$ 6,97","18,5115","R$ 0,00","R$ 110,49",7487/3
01/06/2026,AHIG0435 - Preto 220V,1,Mercado Livre - FULL,SP,Beleza,"R$ 569,00","R$ 96,73","R$ 30,73","81,6515","R$ 156,02","R$ 234,60",7489/3
01/06/2026,ASEL0659 - Smart 220V,1,Mercado Livre - Envios,RS,Biossegurança,"R$ 990,00","R$ 168,30","R$ 46,53","142,065","R$ 365,05","R$ 314,59",7490/3
01/06/2026,AHIG0435 - Preto 220V,1,Mercado Livre - FULL,MG,Beleza,"R$ 569,00","R$ 96,73","R$ 30,73","81,6515","R$ 156,02","R$ 234,60",7492/3
01/06/2026,AHIG0434 - Preto 127V,1,Mercado Livre - FULL,MT,Beleza,"R$ 569,00","R$ 96,73","R$ 30,73","81,6515","R$ 156,02","R$ 234,60",7494/3
01/06/2026,AHIG0435 - Preto 220V,1,Mercado Livre - FULL,SP,Beleza,"R$ 569,00","R$ 96,73","R$ 30,73","81,6515","R$ 156,02","R$ 234,60",7496/3
01/06/2026,AHIG0839 - Branco 127V,1,Mercado Livre - FULL,ES,Beleza,"R$ 569,00","R$ 96,73","R$ 30,73","81,6515","R$ 156,02","R$ 234,60",7498/3
01/06/2026,AHIG0435 - Preto 220V,1,Mercado Livre - FULL,AL,Beleza,"R$ 569,00","R$ 96,73","R$ 30,73","81,6515","R$ 156,02","R$ 234,60",7500/3
01/06/2026,AHIG0435 - Preto 220V,1,Distribuidor,SP,Beleza,"R$ 333,00","R$ 0,00","R$ 0,00","86,4801","R$ 156,02","R$ 90,50",/1
01/06/2026,AHIG0434 - Preto 127V,1,Distribuidor,SP,Beleza,"R$ 333,00","R$ 0,00","R$ 0,00","86,4801","R$ 156,02","R$ 90,50",/1
02/06/2026,AHIG0839 - Branco 127V,1,Mercado Livre - FULL,SP,Beleza,"R$ 569,00","R$ 96,73","R$ 30,73","81,6515","R$ 156,02","R$ 234,60",7504/3
02/06/2026,"ALUP0420 - Lupa 2,5x",1,Mercado Livre - Envios,SP,Biossegurança,"R$ 335,00","R$ 56,95","R$ 15,75","48,0725","R$ 34,44","R$ 195,54",7505/3
02/06/2026,APRF0843 - Procafe Sem lupa,1,Mercado Livre - FULL,BA,Biossegurança,"R$ 129,00","R$ 21,93","R$ 6,97","18,5115","R$ 0,00","R$ 88,56",7502/3
02/06/2026,AHIG0434 - Preto 127V,1,Mercado Livre - FULL,RJ,Beleza,"R$ 569,00","R$ 96,73","R$ 30,73","81,6515","R$ 156,02","R$ 234,60",7557/3
02/06/2026,AHIG0840 - Branco 220V,1,Mercado Livre - FULL,SP,Beleza,"R$ 569,00","R$ 96,73","R$ 30,73","81,6515","R$ 0,00","R$ 390,62",7573/3
02/06/2026,AHIG0435 - Preto 220V,1,Mercado Livre - FULL,SP,Beleza,"R$ 569,00","R$ 96,73","R$ 30,73","81,6515","R$ 156,02","R$ 234,60",7583/3
02/06/2026,AHIG0840 - Branco 220V,1,Mercado Livre - FULL,PI,Beleza,"R$ 569,00","R$ 96,73","R$ 30,73","81,6515","R$ 156,02","R$ 234,60",7585/3
03/06/2026,AHIG0434 - Preto 127V,1,Mercado Livre - FULL,PR,Beleza,"R$ 569,00","R$ 96,73","R$ 30,73","81,6515","R$ 156,02","R$ 234,60",7591/3
03/06/2026,AHIG0840 - Branco 220V,1,Mercado Livre - FULL,RJ,Beleza,"R$ 569,00","R$ 96,73","R$ 30,73","81,6515","R$ 156,02","R$ 234,60",7597/3
03/06/2026,AHIG0412 - Roxo 127V,1,Mercado Livre - FULL,MT,Beleza,"R$ 546,41","R$ 92,89","R$ 29,51","78,409835","R$ 156,02","R$ 219,09",7593/3
04/06/2026,AHIG0434 - Preto 127V,1,Mercado Livre - FULL,MG,Beleza,"R$ 569,00","R$ 96,73","R$ 30,73","81,6515","R$ 156,02","R$ 234,60",7599/3
04/06/2026,AHIG0434 - Preto 127V,1,Mercado Livre - FULL,MT,Beleza,"R$ 569,00","R$ 96,73","R$ 30,73","81,6515","R$ 156,02","R$ 234,60",7601/3
04/06/2026,AHIG0434 - Preto 127V,1,Mercado Livre - FULL,RJ,Beleza,"R$ 569,00","R$ 96,73","R$ 30,73","81,6515","R$ 156,02","R$ 234,60",7603/3
05/06/2026,AHIG0435 - Preto 220V,1,Mercado Livre - FULL,CE,Beleza,"R$ 569,00","R$ 96,73","R$ 30,73","81,6515","R$ 156,02","R$ 234,60",7605/3
05/06/2026,AHIG0840 - Branco 220V,1,Mercado Livre - FULL,GO,Beleza,"R$ 569,00","R$ 96,73","R$ 30,73","81,6515","R$ 156,02","R$ 234,60",7611/3
06/06/2026,AHIG0839 - Branco 127V,1,Mercado Livre - FULL,PR,Beleza,"R$ 569,00","R$ 96,73","R$ 30,73","81,6515","R$ 156,02","R$ 234,60",7613/3
06/06/2026,AHIG0840 - Branco 220V,1,Mercado Livre - FULL,MA,Beleza,"R$ 569,00","R$ 96,73","R$ 30,73","81,6515","R$ 156,02","R$ 234,60",7617/3
07/06/2026,AHIG0435 - Preto 220V,1,Mercado Livre - FULL,PI,Beleza,"R$ 569,00","R$ 96,73","R$ 30,73","81,6515","R$ 156,02","R$ 234,60",7619/3
07/06/2026,AHIG0840 - Branco 220V,1,Mercado Livre - FULL,SP,Beleza,"R$ 569,00","R$ 96,73","R$ 30,73","81,6515","R$ 156,02","R$ 234,60",7621/3
07/06/2026,AHIG0839 - Branco 127V,1,Mercado Livre - FULL,SP,Beleza,"R$ 569,00","R$ 96,73","R$ 30,73","81,6515","R$ 156,02","R$ 234,60",7623/3
07/06/2026,AHIG0435 - Preto 220V,1,Mercado Livre - FULL,SP,Beleza,"R$ 569,00","R$ 96,73","R$ 30,73","81,6515","R$ 156,02","R$ 234,60",7625/3
07/06/2026,AHIG0435 - Preto 220V,1,Mercado Livre - FULL,SP,Beleza,"R$ 569,00","R$ 96,73","R$ 30,73","81,6515","R$ 156,02","R$ 234,60",7627/3
07/06/2026,AHIG0435 - Preto 220V,1,Mercado Livre - FULL,SC,Beleza,"R$ 569,00","R$ 96,73","R$ 30,73","81,6515","R$ 156,02","R$ 234,60",7629/3
07/06/2026,AHIG0434 - Preto 127V,1,Mercado Livre - FULL,MS,Beleza,"R$ 569,00","R$ 96,73","R$ 30,73","81,6515","R$ 156,02","R$ 234,60",7631/3
07/06/2026,AHIG0435 - Preto 220V,1,Mercado Livre - FULL,CE,Beleza,"R$ 569,00","R$ 96,73","R$ 30,73","81,6515","R$ 156,02","R$ 234,60",7633/3
08/06/2026,AHIG0434 - Preto 127V,1,Mercado Livre - FULL,RJ,Beleza,"R$ 569,00","R$ 96,73","R$ 30,73","81,6515","R$ 156,02","R$ 234,60",7635/3
08/06/2026,AHIG0435 - Preto 220V,1,Mercado Livre - FULL,PE,Beleza,"R$ 569,00","R$ 96,73","R$ 30,73","81,6515","R$ 156,02","R$ 234,60",7637/3
08/06/2026,AHIG0840 - Branco 220V,1,Mercado Livre - FULL,BA,Beleza,"R$ 569,00","R$ 96,73","R$ 30,73","81,6515","R$ 156,02","R$ 234,60",7639/3
08/06/2026,APGC0677 - Papel 15cm,1,Mercado Livre - Envios,SC,Biossegurança,"R$ 87,00","R$ 14,79","R$ 4,09","12,4845","R$ 0,00","R$ 59,73",7642/3
08/06/2026,AHIG0412 - Roxo 127V,1,Mercado Livre - FULL,MS,Beleza,"R$ 569,00","R$ 96,73","R$ 30,73","81,6515","R$ 156,02","R$ 234,60",7644/3
08/06/2026,AHIG0434 - Preto 127V,1,Mercado Livre - FULL,RJ,Beleza,"R$ 569,00","R$ 96,73","R$ 30,73","81,6515","R$ 156,02","R$ 234,60",7646/3
09/06/2026,AHIG0435 - Preto 220V,1,Mercado Livre - FULL,PE,Beleza,"R$ 569,00","R$ 96,73","R$ 30,73","81,6515","R$ 156,02","R$ 234,60",7648/3
08/06/2026,ALAV0379 - Cuba Ultrassonica 127V,1,Magalu,SP,Biossegurança,"R$ 1.205,00","R$ 178,34","R$ 0,00","172,9175","R$ 343,77","R$ 509,97",1060/2
08/06/2026,ALAV0379 - Cuba Ultrassonica 127V,1,Magalu,SP,Biossegurança,"R$ 1.205,00","R$ 178,34","R$ 0,00","172,9175","R$ 343,77","R$ 509,97",1061/2
08/06/2026,AHIG0435 - Preto 220V,1,Magalu,SP,Beleza,"R$ 569,00","R$ 84,21","R$ 0,00","81,6515","R$ 156,02","R$ 247,12",1059/2
08/06/2026,AHIG0434 - Preto 127V,2,Distribuidor,SP,Beleza,"R$ 666,00","R$ 0,00","R$ 0,00","172,9602","R$ 312,04","R$ 181,00",/1
10/06/2026,AHIG0435 - Preto 220V,1,Distribuidor,SP,Beleza,"R$ 333,00","R$ 0,00","R$ 0,00","86,4801","R$ 156,02","R$ 90,50",/1
09/06/2026,AHIG0840 - Branco 220V,1,Mercado Livre - FULL,RS,Beleza,"R$ 569,00","R$ 96,73","R$ 30,73","81,6515","R$ 156,02","R$ 234,60",7650/3
09/06/2026,AHIG0434 - Preto 127V,1,Mercado Livre - FULL,MG,Beleza,"R$ 569,00","R$ 96,73","R$ 30,73","81,6515","R$ 156,02","R$ 234,60",7652/3
09/06/2026,AHIG0435 - Preto 220V,1,Mercado Livre - FULL,SP,Beleza,"R$ 569,00","R$ 96,73","R$ 30,73","81,6515","R$ 156,02","R$ 234,60",7654/3
09/06/2026,AHIG0435 - Preto 220V,1,Mercado Livre - FULL,SP,Beleza,"R$ 569,00","R$ 96,73","R$ 30,73","81,6515","R$ 156,02","R$ 234,60",7656/3
10/06/2026,AHIG0839 - Branco 127V,1,Mercado Livre - FULL,ES,Beleza,"R$ 569,00","R$ 96,73","R$ 30,73","81,6515","R$ 156,02","R$ 234,60",7658/3
10/06/2026,AHIG0412 - Roxo 127V,1,Mercado Livre - FULL,SP,Beleza,"R$ 569,00","R$ 96,73","R$ 30,73","81,6515","R$ 156,02","R$ 234,60",7660/3
10/06/2026,AHIG0435 - Preto 220V,1,Mercado Livre - FULL,SP,Beleza,"R$ 569,00","R$ 96,73","R$ 30,73","81,6515","R$ 156,02","R$ 234,60",7662/3
10/06/2026,AHIG0434 - Preto 127V,1,Mercado Livre - FULL,SP,Beleza,"R$ 569,00","R$ 96,73","R$ 30,73","81,6515","R$ 156,02","R$ 234,60",7666/3
10/06/2026,"APRF0841 - Proface 2,5x",1,Mercado Livre - FULL,MT,Biossegurança,"R$ 252,00","R$ 42,84","R$ 13,61","36,162","R$ 68,20","R$ 104,80",7668/3
10/06/2026,AHIG0435 - Preto 220V,1,Mercado Livre - FULL,MG,Beleza,"R$ 569,00","R$ 96,73","R$ 30,73","81,6515","R$ 156,02","R$ 234,60",7670/3
11/06/2026,AHIG0435 - Preto 220V,1,Mercado Livre - FULL,MT,Beleza,"R$ 569,00","R$ 96,73","R$ 30,73","81,6515","R$ 156,02","R$ 234,60",7672/3
11/06/2026,AHIG0435 - Preto 220V,1,Mercado Livre - FULL,MG,Beleza,"R$ 569,00","R$ 96,73","R$ 30,73","81,6515","R$ 156,02","R$ 234,60",7674/3
11/06/2026,AHIG0435 - Preto 220V,-1,Mercado Livre - FULL,MG,Beleza,"-R$ 569,00","-R$ 96,73","-R$ 30,73","-81,6515","-R$ 156,02","-R$ 234,60",7674/3
11/06/2026,AHIG0435 - Preto 220V,2,Distribuidor,SP,Beleza,"R$ 666,00","R$ 0,00","R$ 0,00","172,9602","R$ 312,04","R$ 181,00",/1
12/06/2026,AHIG0435 - Preto 220V,1,Mercado Livre - FULL,SP,Beleza,"R$ 569,00","R$ 96,73","R$ 30,73","81,6515","R$ 156,02","R$ 234,60",7678/3
12/06/2026,AHIG0435 - Preto 220V,1,Mercado Livre - FULL,SP,Beleza,"R$ 569,00","R$ 96,73","R$ 30,73","81,6515","R$ 156,02","R$ 234,60",7680/3
12/06/2026,AHIG0434 - Preto 127V,2,Distribuidor,SP,Beleza,"R$ 666,00","R$ 0,00","R$ 0,00","172,9602","R$ 312,04","R$ 181,00",/1
13/06/2026,AHIG0412 - Roxo 127V,1,Mercado Livre - FULL,SP,Beleza,"R$ 569,00","R$ 96,73","R$ 30,73","81,6515","R$ 156,02","R$ 234,60",7686/3
14/06/2026,AHIG0435 - Preto 220V,1,Mercado Livre - FULL,RS,Beleza,"R$ 569,00","R$ 96,73","R$ 30,73","81,6515","R$ 156,02","R$ 234,60",7700/3
14/06/2026,AHIG0839 - Branco 127V,1,Mercado Livre - FULL,GO,Beleza,"R$ 569,00","R$ 96,73","R$ 30,73","81,6515","R$ 156,02","R$ 234,60",7694/3
15/06/2026,AHIG0434 - Preto 127V,1,Distribuidor,SP,Beleza,"R$ 333,00","R$ 0,00","R$ 0,00","86,4801","R$ 156,02","R$ 90,50",/1
12/06/2026,AHIG0434 - Preto 127V,1,Mercado Livre - FULL,SP,Beleza,"R$ 569,00","R$ 96,73","R$ 30,73","81,6515","R$ 156,02","R$ 234,60",7684/3
14/06/2026,AHIG0435 - Preto 220V,1,Mercado Livre - FULL,SP,Beleza,"R$ 569,00","R$ 96,73","R$ 30,73","81,6515","R$ 156,02","R$ 234,60",7688/3
14/06/2026,AHIG0434 - Preto 127V,1,Mercado Livre - FULL,PA,Beleza,"R$ 569,00","R$ 96,73","R$ 30,73","81,6515","R$ 156,02","R$ 234,60",7692/3
14/06/2026,AHIG0434 - Preto 127V,1,Mercado Livre - FULL,RJ,Beleza,"R$ 569,00","R$ 96,73","R$ 30,73","81,6515","R$ 156,02","R$ 234,60",7696/3
14/06/2026,AHIG0434 - Preto 127V,1,Mercado Livre - FULL,MS,Beleza,"R$ 569,00","R$ 96,73","R$ 30,73","81,6515","R$ 156,02","R$ 234,60",7698/3
15/06/2026,APGC0677 - Papel 15cm,1,Mercado Livre - Envios,SP,Biossegurança,"R$ 87,00","R$ 14,79","R$ 4,09","12,4845","R$ 0,00","R$ 59,73",7705/3
15/06/2026,"APRF0841 - Proface 2,5x",1,Mercado Livre - Envios,SP,Biossegurança,"R$ 254,00","R$ 43,18","R$ 11,94","36,449","R$ 68,20","R$ 106,17",7706/3
15/06/2026,AHIG0434 - Preto 127V,1,Mercado Livre - FULL,MT,Beleza,"R$ 569,00","R$ 96,73","R$ 30,73","81,6515","R$ 156,02","R$ 234,60",7704/3
15/06/2026,AHIG0839 - Branco 127V,1,Mercado Livre - FULL,MG,Beleza,"R$ 569,00","R$ 96,73","R$ 30,73","81,6515","R$ 156,02","R$ 234,60",7702/3
15/06/2026,AHIG0435 - Preto 220V,1,Mercado Livre - FULL,MG,Beleza,"R$ 569,00","R$ 96,73","R$ 30,73","81,6515","R$ 156,02","R$ 234,60",7708/3
15/06/2026,AHIG0434 - Preto 127V,1,Mercado Livre - FULL,RO,Beleza,"R$ 569,00","R$ 96,73","R$ 30,73","81,6515","R$ 156,02","R$ 234,60",7710/3
15/06/2026,AHIG0840 - Branco 220V,1,Mercado Livre - FULL,BA,Beleza,"R$ 569,00","R$ 96,73","R$ 30,73","81,6515","R$ 156,02","R$ 234,60",7714/3
15/06/2026,AHIG0840 - Branco 220V,-1,Mercado Livre - FULL,BA,Beleza,"-R$ 569,00","-R$ 96,73","R$ 30,73","-81,6515","-R$ 156,02","-R$ 234,60",7714/3
15/06/2026,AHIG0412 - Roxo 127V,1,Mercado Livre - FULL,PE,Beleza,"R$ 569,00","R$ 96,73","R$ 30,73","81,6515","R$ 156,02","R$ 234,60",7712/3
16/06/2026,APGC0677 - Papel 15cm,1,Mercado Livre - Envios,ES,Biossegurança,"R$ 87,00","R$ 14,79","R$ 4,09","12,4845","R$ 0,00","R$ 59,73",7717/3
16/06/2026,AHIG0435 - Preto 220V,1,Distribuidor,SP,Beleza,"R$ 333,00","R$ 0,00","R$ 0,00","86,4801","R$ 156,02","R$ 90,50",/1
16/06/2026,AHIG0434 - Preto 127V,1,Mercado Livre - FULL,SE,Beleza,"R$ 569,00","R$ 96,73","R$ 30,73","81,6515","R$ 156,02","R$ 234,60",7723/3
16/06/2026,AHIG0434 - Preto 127V,1,Mercado Livre - FULL,SP,Beleza,"R$ 569,00","R$ 96,73","R$ 30,73","81,6515","R$ 156,02","R$ 234,60",7721/3
16/06/2026,AHIG0840 - Branco 220V,1,Mercado Livre - FULL,MG,Beleza,"R$ 569,00","R$ 96,73","R$ 30,73","81,6515","R$ 156,02","R$ 234,60",7719/3
17/06/2026,AHIG0435 - Preto 220V,1,Mercado Livre - FULL,SP,Beleza,"R$ 569,00","R$ 96,73","R$ 30,73","81,6515","R$ 156,02","R$ 234,60",7725/3
17/06/2026,AHIG0434 - Preto 127V,1,Mercado Livre - FULL,SE,Beleza,"R$ 569,00","R$ 96,73","R$ 30,73","81,6515","R$ 156,02","R$ 234,60",7732/3
17/06/2026,AHIG0434 - Preto 127V,1,Mercado Livre - FULL,MT,Beleza,"R$ 569,00","R$ 96,73","R$ 30,73","81,6515","R$ 156,02","R$ 234,60",7734/3
17/06/2026,AHIG0435 - Preto 220V,1,Mercado Livre - FULL,PE,Beleza,"R$ 569,00","R$ 96,73","R$ 30,73","81,6515","R$ 156,02","R$ 234,60",7729/3
17/06/2026,APGC0674 - Papel 5cm,1,Mercado Livre - Envios,MT,Biossegurança,"R$ 50,99","R$ 8,67","R$ 2,75","7,317065","R$ 0,00","R$ 35,00",7730/3
17/06/2026,AHIG0840 - Branco 220V,1,Mercado Livre - FULL,AM,Beleza,"R$ 569,00","R$ 96,73","R$ 30,73","81,6515","R$ 156,02","R$ 234,60",7738/3
18/06/2026,AHIG0435 - Preto 220V,1,Distribuidor,SP,Beleza,"R$ 333,00","R$ 0,00","R$ 0,00","86,4801","R$ 156,02","R$ 90,50",/1
18/06/2026,AHIG0435 - Preto 220V,1,Mercado Livre - FULL,SC,Beleza,"R$ 569,00","R$ 96,73","R$ 30,73","81,6515","R$ 156,02","R$ 234,60",7740/3
18/06/2026,AHIG0434 - Preto 127V,1,Mercado Livre - FULL,RS,Beleza,"R$ 569,00","R$ 96,73","R$ 30,73","81,6515","R$ 156,02","R$ 234,60",7747/3
18/06/2026,AHIG0435 - Preto 220V,1,Mercado Livre - FULL,MA,Beleza,"R$ 569,00","R$ 96,73","R$ 30,73","81,6515","R$ 156,02","R$ 234,60",7745/3
20/06/2026,AHIG0435 - Preto 220V,1,Mercado Livre - FULL,GO,Beleza,"R$ 569,00","R$ 96,73","R$ 30,73","81,6515","R$ 156,02","R$ 234,60",7758/3
19/06/2026,AHIG0434 - Preto 127V,1,Mercado Livre - Envios,MG,Beleza,"R$ 569,00","R$ 96,73","R$ 26,74","81,6515","R$ 156,02","R$ 234,60",7754/3
20/06/2026,AHIG0412 - Roxo 127V,1,Mercado Livre - FULL,PE,Beleza,"R$ 569,00","R$ 96,73","R$ 30,73","81,6515","R$ 156,02","R$ 234,60",7762/3
19/06/2026,AHIG0435 - Preto 220V,1,Distribuidor,SP,Beleza,"R$ 333,00","R$ 0,00","R$ 0,00","86,4801","R$ 156,02","R$ 90,50",/1
19/06/2026,AHIG0434 - Preto 127V,1,Mercado Livre - Envios,SP,Beleza,"R$ 599,00","R$ 101,83","R$ 28,15","85,9565","R$ 156,02","R$ 255,19",7750/3
18/06/2026,AHIG0434 - Preto 127V,1,Mercado Livre - FULL,PR,Beleza,"R$ 569,00","R$ 96,73","R$ 30,73","81,6515","R$ 156,02","R$ 234,60",7742/3
20/06/2026,AHIG0412 - Roxo 127V,1,Mercado Livre - Envios,MG,Beleza,"R$ 569,00","R$ 96,73","R$ 26,74","81,6515","R$ 156,02","R$ 234,60",7764/3
20/06/2026,AHIG0434 - Preto 127V,1,Mercado Livre - Envios,MG,Beleza,"R$ 569,00","R$ 96,73","R$ 26,74","81,6515","R$ 156,02","R$ 234,60",7760/3
20/06/2026,AHIG0434 - Preto 127V,-1,Mercado Livre - Envios,MG,Beleza,"-R$ 569,00","-R$ 96,73","R$ 26,74","-81,6515","-R$ 156,02","-R$ 234,60",7760/3
21/06/2026,AHIG0434 - Preto 127V,1,Mercado Livre - Envios,MG,Beleza,"R$ 569,00","R$ 96,73","R$ 26,74","81,6515","R$ 156,02","R$ 234,60",7766/3
21/06/2026,AHIG0435 - Preto 220V,1,Mercado Livre - Envios,PI,Beleza,"R$ 569,00","R$ 96,73","R$ 26,74","81,6515","R$ 156,02","R$ 234,60",7770/3
21/06/2026,AHIG0435 - Preto 220V,1,Mercado Livre - Envios,RR,Beleza,"R$ 569,00","R$ 96,73","R$ 26,74","81,6515","R$ 156,02","R$ 234,60",7768/3
21/06/2026,AHIG0434 - Preto 127V,1,Mercado Livre - Envios,MG,Beleza,"R$ 569,00","R$ 96,73","R$ 26,74","81,6515","R$ 156,02","R$ 234,60",7774/3
22/06/2026,"APRF0841 - Proface 2,5x",1,Mercado Livre - Envios,TO,Biossegurança,"R$ 258,00","R$ 43,86","R$ 12,13","37,023","R$ 68,20","R$ 108,92",7775/3
21/06/2026,AHIG0435 - Preto 220V,1,Mercado Livre - Envios,SP,Beleza,"R$ 569,00","R$ 96,73","R$ 26,74","81,6515","R$ 156,02","R$ 234,60",7772/3
22/06/2026,AHIG0435 - Preto 220V,1,Distribuidor,SP,Beleza,"R$ 333,00","R$ 0,00","R$ 0,00","86,4801","R$ 156,02","R$ 90,50",/1
22/06/2026,AHIG0435 - Preto 220V,1,Mercado Livre - FULL,PI,Beleza,"R$ 569,00","R$ 96,73","R$ 30,73","81,6515","R$ 156,02","R$ 234,60",7777/3
22/06/2026,AHIG0840 - Branco 220V,1,Mercado Livre - FULL,SP,Beleza,"R$ 569,00","R$ 96,73","R$ 30,73","81,6515","R$ 156,02","R$ 234,60",7779/3
23/06/2026,APGC0677 - Papel 15cm,1,Mercado Livre - Envios,AL,Biossegurança,"R$ 87,00","R$ 14,79","R$ 4,09","12,4845","R$ 0,00","R$ 59,73",7788/3
23/06/2026,CTAP1303 - Tampa Roxa,1,Loja Integrada - Pix,MT,Beleza,"R$ 52,02","R$ 1,04","R$ 22,92","7,46487","R$ 30,00","R$ 13,51",1062/2
23/06/2026,AHIG0434 - Preto 127V,1,Mercado Livre - FULL,RJ,Beleza,"R$ 569,00","R$ 96,73","R$ 30,73","81,6515","R$ 156,02","R$ 234,60",7783/3
23/06/2026,AHIG0840 - Branco 220V,1,Mercado Livre - FULL,SP,Beleza,"R$ 569,00","R$ 96,73","R$ 30,73","81,6515","R$ 156,02","R$ 234,60",7781/3
19/06/2026,AHIG0434 - Preto 127V,1,Mercado Livre - FULL,PR,Beleza,"R$ 569,00","R$ 96,73","R$ 30,73","81,6515","R$ 156,02","R$ 234,60",7749/3
23/06/2026,AHIG0412 - Roxo 127V,1,Mercado Livre - FULL,SP,Beleza,"R$ 569,00","R$ 96,73","R$ 30,73","81,6515","R$ 156,02","R$ 234,60",7785/3
23/06/2026,AHIG0435 - Preto 220V,1,Mercado Livre - FULL,MG,Beleza,"R$ 569,00","R$ 96,73","R$ 30,73","81,6515","R$ 156,02","R$ 234,60",7787/3
24/06/2026,AHIG0434 - Preto 127V,1,Mercado Livre - FULL,RJ,Beleza,"R$ 569,00","R$ 96,73","R$ 30,73","81,6515","R$ 156,02","R$ 234,60",7790/3
25/06/2026,AHIG0434 - Preto 127V,1,Distribuidor,SP,Beleza,"R$ 333,00","R$ 0,00","R$ 0,00","86,4801","R$ 156,02","R$ 90,50",/1
26/06/2026,AHIG0434 - Preto 127V,1,Distribuidor,SP,Beleza,"R$ 333,00","R$ 0,00","R$ 0,00","86,4801","R$ 156,02","R$ 90,50",/1
25/06/2026,AHIG0434 - Preto 127V,1,Distribuidor,SP,Beleza,"R$ 333,00","R$ 0,00","R$ 0,00","86,4801","R$ 156,02","R$ 90,50",/1
25/06/2026,AHIG0434 - Preto 127V,1,Mercado Livre - FULL,PR,Beleza,"R$ 569,00","R$ 96,73","R$ 30,73","81,6515","R$ 156,02","R$ 234,60",7795/3
25/06/2026,"APRF0842 - Proface 3,5x",1,Mercado Livre - FULL,SP,Biossegurança,"R$ 259,00","R$ 44,03","R$ 13,99","37,1665","R$ 68,20","R$ 109,60",7793/3
26/06/2026,APGC0677 - Papel 15cm,1,Mercado Livre - Envios,SP,Biossegurança,"R$ 87,00","R$ 14,79","R$ 4,09","12,4845","R$ 0,00","R$ 59,73",7800/3
26/06/2026,AHIG0840 - Branco 220V,1,Mercado Livre - FULL,RS,Beleza,"R$ 569,00","R$ 96,73","R$ 30,73","81,6515","R$ 156,02","R$ 234,60",7797/3
26/06/2026,AHIG0412 - Roxo 127V,1,Mercado Livre - FULL,SP,Beleza,"R$ 569,00","R$ 96,73","R$ 30,73","81,6515","R$ 156,02","R$ 234,60",7846/3
26/06/2026,AHIG0412 - Roxo 127V,1,Mercado Livre - Envios,MG,Beleza,"R$ 569,00","R$ 96,73","R$ 26,74","81,6515","R$ 156,02","R$ 234,60",7850/3
28/06/2026,AHIG0435 - Preto 220V,1,Mercado Livre - FULL,RN,Beleza,"R$ 569,00","R$ 96,73","R$ 30,73","81,6515","R$ 156,02","R$ 234,60",7898/3
28/06/2026,AHIG0435 - Preto 220V,1,Mercado Livre - Envios,PE,Beleza,"R$ 569,00","R$ 96,73","R$ 26,74","81,6515","R$ 156,02","R$ 234,60",7900/3
29/06/2026,AHIG0434 - Preto 127V,1,Mercado Livre - FULL,SP,Beleza,"R$ 569,00","R$ 96,73","R$ 30,73","81,6515","R$ 156,02","R$ 234,60",7911/3
29/06/2026,APGC0677 - Papel 15cm,1,Mercado Livre - Envios,RS,Biossegurança,"R$ 87,00","R$ 14,79","R$ 4,70","12,4845","R$ 0,00","R$ 59,73",7909/3
29/06/2026,AHIG0435 - Preto 220V,1,Distribuidor,SP,Beleza,"R$ 333,00","R$ 0,00","R$ 0,00","86,4801","R$ 156,02","R$ 90,50",/1
30/06/2026,AHIG0435 - Preto 220V,2,Distribuidor,SP,Beleza,"R$ 666,00","R$ 0,00","R$ 0,00","172,9602","R$ 312,04","R$ 181,00",/1
29/06/2026,AHIG0840 - Branco 220V,1,Mercado Livre - FULL,PA,Beleza,"R$ 585,99","R$ 99,62","R$ 31,64","84,089565","R$ 156,02","R$ 246,26",7915/3
29/06/2026,"APRF0841 - Proface 2,5x",1,Mercado Livre - FULL,SP,Biossegurança,"R$ 252,00","R$ 42,84","R$ 13,61","36,162","R$ 0,00","R$ 173,00",7913/3
30/06/2026,AHIG0435 - Preto 220V,1,Mercado Livre - FULL,SP,Beleza,"R$ 551,93","R$ 93,83","R$ 29,80","79,201955","R$ 0,00","R$ 378,90",7921/3
30/06/2026,AHIG0434 - Preto 127V,1,Mercado Livre - FULL,SP,Beleza,"R$ 551,93","R$ 93,83","R$ 29,80","79,201955","R$ 0,00","R$ 378,90",7923/3
17/06/2026,AHIG0435 - Preto 220V,1,Mercado Livre - FULL,SP,Beleza,"R$ 569,00","R$ 96,73","R$ 30,73","81,6515","R$ 156,02","R$ 234,60",7727/3
20/06/2026,AHIG0435 - Preto 220V,1,Mercado Livre - FULL,GO,Beleza,"R$ 569,00","R$ 96,73","R$ 30,73","81,6515","R$ 156,02","R$ 234,60",7756/3
01/07/2026,AHIG0435 - Preto 220V,1,Distribuidor,SP,Beleza,"R$ 333,00","R$ 0,00","R$ 0,00","86,4801","R$ 156,02","R$ 90,50",/1
01/07/2026,AHIG0434 - Preto 127V,2,Distribuidor,SP,Beleza,"R$ 666,00","R$ 0,00","R$ 0,00","172,9602","R$ 312,04","R$ 181,00",/1
01/07/2026,AHIG0434 - Preto 127V,1,Mercado Livre - FULL,PR,Beleza,"R$ 551,93","R$ 93,83","R$ 29,80","79,201955","R$ 0,00","R$ 378,90",7936/3
01/07/2026,AHIG0839 - Branco 127V,1,Mercado Livre - FULL,MS,Beleza,"R$ 569,00","R$ 96,73","R$ 30,73","81,6515","R$ 0,00","R$ 390,62",7937/3
01/07/2026,AHIG0434 - Preto 127V,1,Mercado Livre - FULL,SP,Beleza,"R$ 551,93","R$ 93,83","R$ 29,80","79,201955","R$ 0,00","R$ 378,90",7938/3
01/07/2026,AHIG0434 - Preto 127V,-1,Mercado Livre - FULL,SP,Beleza,"-R$ 551,93","-R$ 93,83","R$ 29,80","-79,201955","R$ 0,00","-R$ 378,90",7989/3
01/07/2026,AHIG0839 - Branco 127V,1,Mercado Livre - FULL,BA,Beleza,"R$ 539,00","R$ 91,63","R$ 29,11","77,3465","R$ 0,00","R$ 370,02",7939/3
02/07/2026,AHIG0434 - Preto 127V,1,Mercado Livre - FULL,RJ,Beleza,"R$ 551,93","R$ 93,83","R$ 29,80","79,201955","R$ 0,00","R$ 378,90",7943/3
02/07/2026,APGC0677 - Papel 15cm,1,Mercado Livre - Envios,SC,Biossegurança,"R$ 87,00","R$ 14,79","R$ 4,09","12,4845","R$ 0,00","R$ 59,73",7945/3
02/07/2026,ASEL0642 - Smart 127V,1,Mercado Livre - Envios,AM,Biossegurança,"R$ 960,00","R$ 163,20","R$ 45,12","137,76","R$ 0,00","R$ 659,04",7944/3
02/07/2026,CTAP1303 - Tampa Roxa,1,Loja Integrada - Pix,SP,Beleza,"R$ 48,10","R$ 0,96","R$ 19,00","6,90235","R$ 30,00","R$ 10,24",1063/2
03/07/2026,AHIG0435 - Preto 220V,1,Distribuidor,SP,Beleza,"R$ 333,00","R$ 0,00","R$ 0,00","86,4801","R$ 156,02","R$ 90,50",/1
03/07/2026,ASEL0642 - Smart 127V,1,Mercado Livre - Envios,SP,Biossegurança,"R$ 990,00","R$ 168,30","R$ 46,53","142,065","R$ 365,05","R$ 314,59",7952/3
03/07/2026,AHIG0435 - Preto 220V,1,Mercado Livre - FULL,SP,Beleza,"R$ 551,93","R$ 93,83","R$ 29,80","79,201955","R$ 156,02","R$ 222,88",7951/3
03/07/2026,AHIG0434 - Preto 127V,1,Mercado Livre - FULL,GO,Beleza,"R$ 551,93","R$ 93,83","R$ 29,80","79,201955","R$ 156,02","R$ 222,88",7956/3
04/07/2026,AHIG0839 - Branco 127V,1,Mercado Livre - FULL,RJ,Beleza,"R$ 569,00","R$ 96,73","R$ 30,73","81,6515","R$ 156,02","R$ 234,60",7958/3
05/07/2026,AHIG0435 - Preto 220V,1,Mercado Livre - FULL,MA,Beleza,"R$ 551,93","R$ 93,83","R$ 29,80","79,201955","R$ 156,02","R$ 222,88",7962/3
05/07/2026,AHIG0435 - Preto 220V,1,Mercado Livre - FULL,SP,Beleza,"R$ 551,93","R$ 93,83","R$ 29,80","79,201955","R$ 156,02","R$ 222,88",7960/3
05/07/2026,AHIG0435 - Preto 220V,1,Mercado Livre - FULL,RN,Beleza,"R$ 551,93","R$ 93,83","R$ 29,80","79,201955","R$ 156,02","R$ 222,88",7964/3
06/07/2026,AHIG0839 - Branco 127V,1,Mercado Livre - FULL,SP,Beleza,"R$ 569,00","R$ 96,73","R$ 30,73","81,6515","R$ 156,02","R$ 234,60",7966/3
06/07/2026,APGC0677 - Papel 15cm,1,Mercado Livre - Envios,RS,Biossegurança,"R$ 87,00","R$ 14,79","R$ 4,09","12,4845","R$ 0,00","R$ 59,73",7972/3
06/07/2026,ALAV0378 - Cuba Ultrassonica 220V,1,Mercado Livre - Envios,PE,Biossegurança,"R$ 1.280,00","R$ 217,60","R$ 60,16","183,68","R$ 343,77","R$ 534,95",7973/3
06/07/2026,AHIG0435 - Preto 220V,3,Distribuidor,SP,Beleza,"R$ 999,00","R$ 0,00","R$ 0,00","259,4403","R$ 468,06","R$ 271,50",/1
06/07/2026,"APRF0842 - Proface 3,5x",1,Mercado Livre - Envios,SP,Biossegurança,"R$ 258,00","R$ 43,86","R$ 12,13","37,023","R$ 68,20","R$ 108,92",7969/3
06/07/2026,AHIG0839 - Branco 127V,1,Mercado Livre - FULL,SP,Beleza,"R$ 539,00","R$ 91,63","R$ 29,11","77,3465","R$ 156,02","R$ 214,00",7975/3
07/07/2026,APGC0677 - Papel 15cm,1,Mercado Livre - Envios,GO,Biossegurança,"R$ 87,00","R$ 14,79","R$ 4,09","12,4845","R$ 0,00","R$ 59,73",7984/3
07/07/2026,AHIG0434 - Preto 127V,1,Distribuidor,SP,Beleza,"R$ 333,00","R$ 0,00","R$ 0,00","86,4801","R$ 156,02","R$ 90,50",/1
07/07/2026,AHIG0840 - Branco 220V,1,Mercado Livre - FULL,RJ,Beleza,"R$ 569,00","R$ 96,73","R$ 30,73","81,6515","R$ 156,02","R$ 234,60",7979/3
07/07/2026,AHIG0435 - Preto 220V,1,Mercado Livre - FULL,PR,Beleza,"R$ 521,93","R$ 88,73","R$ 28,18","74,896955","R$ 156,02","R$ 202,28",7977/3
07/07/2026,AHIG0434 - Preto 127V,1,Mercado Livre - FULL,AC,Beleza,"R$ 551,93","R$ 93,83","R$ 29,80","79,201955","R$ 156,02","R$ 222,88",7996/3
07/07/2026,AHIG0435 - Preto 220V,1,Mercado Livre - FULL,MA,Beleza,"R$ 539,97","R$ 91,79","R$ 29,16","77,485695","R$ 156,02","R$ 214,67",7983/3
07/07/2026,AHIG0434 - Preto 127V,1,Mercado Livre - FULL,RJ,Beleza,"R$ 521,93","R$ 88,73","R$ 28,18","74,896955","R$ 156,02","R$ 202,28",7987/3
07/07/2026,AHIG0434 - Preto 127V,1,Mercado Livre - FULL,SP,Beleza,"R$ 551,93","R$ 93,83","R$ 29,80","79,201955","R$ 156,02","R$ 222,88",7988/3
07/07/2026,AHIG0434 - Preto 127V,1,Mercado Livre - FULL,SP,Beleza,"R$ 551,93","R$ 93,83","R$ 29,80","79,201955","R$ 156,02","R$ 222,88",7992/3
07/07/2026,AHIG0412 - Roxo 127V,1,Mercado Livre - FULL,GO,Beleza,"R$ 569,00","R$ 96,73","R$ 30,73","81,6515","R$ 156,02","R$ 234,60",7994/3
07/07/2026,AHIG0434 - Preto 127V,1,Magalu,SP,Beleza,"R$ 569,00","R$ 84,21","R$ 54,90","81,6515","R$ 156,02","R$ 247,12",1064/2
07/07/2026,AHIG0435 - Preto 220V,1,Mercado Livre - FULL,MT,Beleza,"R$ 551,93","R$ 93,83","R$ 29,80","79,201955","R$ 156,02","R$ 222,88",8006/3
07/07/2026,AHIG0434 - Preto 127V,1,Mercado Livre - FULL,RJ,Beleza,"R$ 521,93","R$ 88,73","R$ 28,18","74,896955","R$ 156,02","R$ 202,28",8002/3
07/07/2026,AHIG0435 - Preto 220V,1,Mercado Livre - FULL,SP,Beleza,"R$ 551,93","R$ 93,83","R$ 29,80","79,201955","R$ 156,02","R$ 222,88",8000/3
07/07/2026,AHIG0435 - Preto 220V,1,Mercado Livre - FULL,SP,Beleza,"R$ 551,93","R$ 93,83","R$ 29,80","79,201955","R$ 156,02","R$ 222,88",7998/3
08/07/2026,AHIG0434 - Preto 127V,1,Mercado Livre - FULL,SC,Beleza,"R$ 551,93","R$ 93,83","R$ 29,80","79,201955","R$ 156,02","R$ 222,88",8008/3
08/07/2026,AHIG0435 - Preto 220V,3,Distribuidor,SP,Beleza,"R$ 999,00","R$ 0,00","R$ 0,00","259,4403","R$ 468,06","R$ 271,50",/1
09/07/2026,AHIG0435 - Preto 220V,1,Mercado Livre - FULL,BA,Beleza,"R$ 551,93","R$ 93,83","R$ 29,80","79,201955","R$ 156,02","R$ 222,88",8012/3
09/07/2026,AHIG0434 - Preto 127V,1,Mercado Livre - FULL,RJ,Beleza,"R$ 551,93","R$ 93,83","R$ 29,80","79,201955","R$ 156,02","R$ 222,88",8010/3
10/07/2026,AHIG0435 - Preto 220V,1,Mercado Livre - FULL,PE,Beleza,"R$ 551,93","R$ 93,83","R$ 29,80","79,201955","R$ 156,02","R$ 222,88",8014/3
10/07/2026,AHIG0434 - Preto 127V,1,Mercado Livre - FULL,MT,Beleza,"R$ 551,93","R$ 93,83","R$ 29,80","79,201955","R$ 156,02","R$ 222,88",8020/3
10/07/2026,AHIG0435 - Preto 220V,1,Mercado Livre - FULL,RS,Beleza,"R$ 551,93","R$ 93,83","R$ 29,80","79,201955","R$ 156,02","R$ 222,88",8026/3
11/07/2026,AHIG0435 - Preto 220V,1,Mercado Livre - FULL,SC,Beleza,"R$ 551,93","R$ 93,83","R$ 29,80","79,201955","R$ 156,02","R$ 222,88",8030/3
12/07/2026,AHIG0435 - Preto 220V,1,Mercado Livre - FULL,PE,Beleza,"R$ 551,93","R$ 93,83","R$ 29,80","79,201955","R$ 156,02","R$ 222,88",8038/3
12/07/2026,AHIG0434 - Preto 127V,1,Mercado Livre - FULL,SP,Beleza,"R$ 551,93","R$ 93,83","R$ 29,80","79,201955","R$ 156,02","R$ 222,88",8036/3
11/07/2026,AHIG0412 - Roxo 127V,1,Mercado Livre - FULL,PR,Beleza,"R$ 569,00","R$ 96,73","R$ 30,73","81,6515","R$ 156,02","R$ 234,60",8032/3
11/07/2026,AHIG0412 - Roxo 127V,-1,Mercado Livre - FULL,PR,Beleza,"-R$ 569,00","-R$ 96,73","-R$ 30,73","-81,6515","-R$ 156,02","-R$ 234,60",8058/3
11/07/2026,AHIG0839 - Branco 127V,1,Mercado Livre - FULL,MG,Beleza,"R$ 539,00","R$ 91,63","R$ 29,11","77,3465","R$ 156,02","R$ 214,00",8034/3
12/07/2026,AHIG0412 - Roxo 127V,1,Mercado Livre - FULL,PR,Beleza,"R$ 569,00","R$ 96,73","R$ 30,73","81,6515","R$ 156,02","R$ 234,60",8042/3
13/07/2026,AHIG0434 - Preto 127V,1,Distribuidor,SP,Beleza,"R$ 333,00","R$ 0,00","R$ 0,00","86,4801","R$ 156,02","R$ 90,50",/1
13/07/2026,APGC0677 - Papel 15cm,1,Mercado Livre - Envios,GO,Biossegurança,"R$ 87,00","R$ 14,79","R$ 4,09","12,4845","R$ 0,00","R$ 59,73",8043/3
14/07/2026,AHIG0435 - Preto 220V,1,Mercado Livre - FULL,MG,Beleza,"R$ 521,93","R$ 88,73","R$ 28,18","74,896955","R$ 156,02","R$ 202,28",8045/3
14/07/2026,ALAV0378 - Cuba Ultrassonica 220V,1,Venda direta,MG,Biossegurança,"R$ 790,40","R$ 0,00","R$ 0,00","113,4224","R$ 343,77","R$ 333,21",108088/1
14/07/2026,ALAV0379 - Cuba Ultrassonica 127V,4,Venda direta,MG,Biossegurança,"R$ 3.161,60","R$ 0,00","R$ 0,00","453,6896","R$ 1.375,08","R$ 1.332,83",108088/1
14/07/2026,AHIG0435 - Preto 220V,1,Mercado Livre - FULL,PB,Beleza,"R$ 551,93","R$ 93,83","R$ 29,80","79,201955","R$ 156,02","R$ 222,88",8047/3
14/07/2026,AHIG0435 - Preto 220V,1,Mercado Livre - FULL,MG,Beleza,"R$ 551,92","R$ 93,83","R$ 29,80","79,20052","R$ 156,02","R$ 222,87",8051/3
14/07/2026,AHIG0435 - Preto 220V,1,Mercado Livre - FULL,RJ,Beleza,"R$ 551,93","R$ 93,83","R$ 29,80","79,201955","R$ 156,02","R$ 222,88",8049/3
14/07/2026,AHIG0435 - Preto 220V,1,Mercado Livre - FULL,SE,Beleza,"R$ 551,93","R$ 93,83","R$ 29,80","79,201955","R$ 156,02","R$ 222,88",8053/3
15/07/2026,AHIG0435 - Preto 220V,1,Mercado Livre - FULL,RS,Beleza,"R$ 551,93","R$ 93,83","R$ 29,80","79,201955","R$ 156,02","R$ 222,88",8061/3
15/07/2026,AHIG0435 - Preto 220V,1,Mercado Livre - FULL,MT,Beleza,"R$ 551,94","R$ 93,83","R$ 29,80","79,20339","R$ 156,02","R$ 222,89",8063/3
15/07/2026,AHIG0840 - Branco 220V,1,Mercado Livre - FULL,RS,Beleza,"R$ 539,00","R$ 91,63","R$ 29,11","77,3465","R$ 156,02","R$ 214,00",8055/3
15/07/2026,AHIG0435 - Preto 220V,1,Mercado Livre - FULL,PB,Beleza,"R$ 551,93","R$ 93,83","R$ 29,80","79,201955","R$ 156,02","R$ 222,88",8057/3
16/07/2026,APGC0677 - Papel 15cm,1,Mercado Livre - Envios,BA,Biossegurança,"R$ 87,00","R$ 14,79","R$ 4,09","12,4845","R$ 0,00","R$ 59,73",8066/3
16/07/2026,AHIG0435 - Preto 220V,1,Mercado Livre - FULL,DF,Beleza,"R$ 521,93","R$ 88,73","R$ 28,18","74,896955","R$ 156,02","R$ 202,28",8070/3
17/07/2026,AHIG0435 - Preto 220V,1,Distribuidor,SP,Beleza,"R$ 333,00","R$ 0,00","R$ 0,00","86,4801","R$ 156,02","R$ 90,50",/1
17/07/2026,AHIG0434 - Preto 127V,1,Distribuidor,SP,Beleza,"R$ 333,00","R$ 0,00","R$ 0,00","86,4801","R$ 156,02","R$ 90,50",/1
17/07/2026,AHIG0435 - Preto 220V,1,Mercado Livre - Envios,SP,Beleza,"R$ 599,00","R$ 101,83","R$ 28,15","85,9565","R$ 156,02","R$ 255,19",8071/3
17/07/2026,AHIG0412 - Roxo 127V,1,Mercado Livre - FULL,PA,Beleza,"R$ 569,00","R$ 96,73","R$ 30,73","81,6515","R$ 156,02","R$ 234,60",8073/3
17/07/2026,AHIG0435 - Preto 220V,1,Mercado Livre - FULL,SP,Beleza,"R$ 551,93","R$ 93,83","R$ 29,80","79,201955","R$ 156,02","R$ 222,88",8075/3
17/07/2026,AHIG0435 - Preto 220V,1,Mercado Livre - FULL,SP,Beleza,"R$ 521,93","R$ 88,73","R$ 28,18","74,896955","R$ 156,02","R$ 202,28",8077/3
17/07/2026,AHIG0840 - Branco 220V,1,Mercado Livre - FULL,SC,Beleza,"R$ 569,00","R$ 96,73","R$ 30,73","81,6515","R$ 156,02","R$ 234,60",8079/3
18/07/2026,AHIG0434 - Preto 127V,1,Mercado Livre - FULL,RO,Beleza,"R$ 551,93","R$ 93,83","R$ 29,80","79,201955","R$ 156,02","R$ 222,88",8084/3
18/07/2026,AHIG0434 - Preto 127V,1,Mercado Livre - FULL,RO,Beleza,"R$ 551,93","R$ 93,83","R$ 29,80","79,201955","R$ 156,02","R$ 222,88",8085/3
18/07/2026,AHIG0435 - Preto 220V,1,Mercado Livre - FULL,PB,Beleza,"R$ 551,93","R$ 93,83","R$ 29,80","79,201955","R$ 156,02","R$ 222,88",8087/3
18/07/2026,AHIG0435 - Preto 220V,1,Mercado Livre - FULL,RJ,Beleza,"R$ 551,93","R$ 93,83","R$ 29,80","79,201955","R$ 156,02","R$ 222,88",8081/3
19/07/2026,AHIG0840 - Branco 220V,1,Mercado Livre - FULL,SP,Beleza,"R$ 539,00","R$ 91,63","R$ 29,11","77,3465","R$ 156,02","R$ 214,00",8089/3
19/07/2026,AHIG0435 - Preto 220V,1,Mercado Livre - FULL,PR,Beleza,"R$ 551,93","R$ 93,83","R$ 29,80","79,201955","R$ 156,02","R$ 222,88",8091/3
20/07/2026,APGC0677 - Papel 15cm,1,Mercado Livre - Envios,SP,Biossegurança,"R$ 87,00","R$ 14,79","R$ 4,09","12,4845","R$ 0,00","R$ 59,73",8094/3
20/07/2026,APGC0677 - Papel 15cm,2,Mercado Livre - Envios,MG,Biossegurança,"R$ 174,00","R$ 29,58","R$ 8,18","24,969","R$ 0,00","R$ 119,45",8092/3
20/07/2026,AHIG0435 - Preto 220V,2,Distribuidor,SP,Beleza,"R$ 666,00","R$ 0,00","R$ 0,00","172,9602","R$ 312,04","R$ 181,00",/1
20/07/2026,AHIG0434 - Preto 127V,1,Distribuidor,SP,Beleza,"R$ 333,00","R$ 0,00","R$ 0,00","86,4801","R$ 156,02","R$ 90,50",/1
20/07/2026,"ALUP0420 - Lupa 2,5x",1,Mercado Livre - Envios,SP,Biossegurança,"R$ 335,00","R$ 56,95","R$ 15,75","48,0725","R$ 34,44","R$ 195,54",8093/3
21/07/2026,AHIG0435 - Preto 220V,1,Distribuidor,SP,Beleza,"R$ 333,00","R$ 0,00","R$ 0,00","86,4801","R$ 156,02","R$ 90,50",/1
21/07/2026,"APRF0841 - Proface 2,5x",1,Mercado Livre - FULL,GO,Biossegurança,"R$ 252,00","R$ 42,84","R$ 13,61","36,162","R$ 68,20","R$ 104,80",8103/3
20/07/2026,AHIG0434 - Preto 127V,1,Mercado Livre - FULL,ES,Beleza,"R$ 539,00","R$ 91,63","R$ 29,11","77,3465","R$ 156,02","R$ 214,00",8099/3
20/07/2026,AHIG0434 - Preto 127V,1,Mercado Livre - FULL,SP,Beleza,"R$ 566,55","R$ 96,31","R$ 30,59","81,299925","R$ 156,02","R$ 232,92",8097/3
21/07/2026,AHIG0839 - Branco 127V,1,Mercado Livre - FULL,BA,Beleza,"R$ 539,00","R$ 91,63","R$ 29,11","77,3465","R$ 156,02","R$ 214,00",8101/3
21/07/2026,AHIG0839 - Branco 127V,1,Mercado Livre - FULL,SC,Beleza,"R$ 569,00","R$ 96,73","R$ 30,73","81,6515","R$ 156,02","R$ 234,60",8105/3
21/07/2026,AHIG0435 - Preto 220V,1,Mercado Livre - FULL,SP,Beleza,"R$ 569,00","R$ 96,73","R$ 30,73","81,6515","R$ 156,02","R$ 234,60",8107/3
21/07/2026,AHIG0435 - Preto 220V,1,Mercado Livre - FULL,SP,Beleza,"R$ 569,00","R$ 96,73","R$ 30,73","81,6515","R$ 156,02","R$ 234,60",8109/3
21/07/2026,AHIG0435 - Preto 220V,1,Mercado Livre - FULL,MG,Beleza,"R$ 569,00","R$ 96,73","R$ 30,73","81,6515","R$ 156,02","R$ 234,60",8112/3
21/07/2026,AHIG0435 - Preto 220V,1,Mercado Livre - FULL,SP,Beleza,"R$ 539,00","R$ 91,63","R$ 29,11","77,3465","R$ 156,02","R$ 214,00",8114/3
22/07/2026,ASEL0659 - Smart 220V,1,Mercado Livre - Envios,SP,Biossegurança,"R$ 990,00","R$ 168,30","R$ 46,53","142,065","R$ 365,05","R$ 314,59",8119/3
22/07/2026,AHIG0840 - Branco 220V,1,Mercado Livre - FULL,MG,Beleza,"R$ 569,00","R$ 96,73","R$ 30,73","81,6515","R$ 156,02","R$ 234,60",8116/3
22/07/2026,AHIG0435 - Preto 220V,2,Distribuidor,SP,Beleza,"R$ 666,00","R$ 0,00","R$ 0,00","172,9602","R$ 312,04","R$ 181,00",/1
22/07/2026,AHIG0434 - Preto 127V,1,Distribuidor,SP,Beleza,"R$ 333,00","R$ 0,00","R$ 0,00","86,4801","R$ 156,02","R$ 90,50",/1
22/07/2026,AHIG0435 - Preto 220V,1,Mercado Livre - FULL,MG,Beleza,"R$ 569,00","R$ 96,73","R$ 30,73","81,6515","R$ 156,02","R$ 234,60",8121/3
22/07/2026,AHIG0435 - Preto 220V,1,Mercado Livre - FULL,AL,Beleza,"R$ 569,00","R$ 96,73","R$ 30,73","81,6515","R$ 156,02","R$ 234,60",8123/3
22/07/2026,AHIG0434 - Preto 127V,1,Mercado Livre - FULL,RR,Beleza,"R$ 569,00","R$ 96,73","R$ 30,73","81,6515","R$ 156,02","R$ 234,60",8125/3
23/07/2026,AHIG0434 - Preto 127V,1,Mercado Livre - FULL,SP,Beleza,"R$ 539,00","R$ 91,63","R$ 29,11","77,3465","R$ 156,02","R$ 214,00",8127/3
23/07/2026,AHIG0434 - Preto 127V,1,Mercado Livre - FULL,SP,Beleza,"R$ 569,00","R$ 96,73","R$ 30,73","81,6515","R$ 156,02","R$ 234,60",8129/3
24/07/2026,AHIG0435 - Preto 220V,1,Mercado Livre - FULL,MT,Beleza,"R$ 569,00","R$ 96,73","R$ 30,73","81,6515","R$ 156,02","R$ 234,60",8134/3
24/07/2026,AHIG0435 - Preto 220V,1,Mercado Livre - FULL,MT,Beleza,"R$ 569,00","R$ 96,73","R$ 30,73","81,6515","R$ 156,02","R$ 234,60",8132/3
27/07/2026,APGC0677 - Papel 15cm,1,Mercado Livre - Envios,DF,Biossegurança,"R$ 87,00","R$ 14,79","R$ 4,09","12,4845","R$ 0,00","R$ 59,73",8300/3
24/07/2026,AHIG0435 - Preto 220V,1,Mercado Livre - FULL,RS,Beleza,"R$ 569,00","R$ 96,73","R$ 30,73","81,6515","R$ 156,02","R$ 234,60",8138/3
24/07/2026,AHIG0434 - Preto 127V,1,Mercado Livre - FULL,RJ,Beleza,"R$ 569,00","R$ 96,73","R$ 30,73","81,6515","R$ 156,02","R$ 234,60",8140/3
24/07/2026,AHIG0435 - Preto 220V,2,Distribuidor,SP,Beleza,"R$ 333,00","R$ 0,00","R$ 0,00","86,4801","R$ 312,04","-R$ 65,52",/1
24/07/2026,AHIG0840 - Branco 220V,1,Mercado Livre - FULL,DF,Beleza,"R$ 569,00","R$ 96,73","R$ 30,73","81,6515","R$ 156,02","R$ 234,60",8142/3
24/07/2026,AHIG0840 - Branco 220V,1,Mercado Livre - FULL,DF,Beleza,"R$ 569,00","R$ 96,73","R$ 30,73","81,6515","R$ 156,02","R$ 234,60",8144/3
25/07/2026,AHIG0839 - Branco 127V,1,Mercado Livre - FULL,DF,Beleza,"R$ 569,00","R$ 96,73","R$ 30,73","81,6515","R$ 156,02","R$ 234,60",8148/3
25/07/2026,AHIG0839 - Branco 127V,1,Mercado Livre - FULL,DF,Beleza,"R$ 569,00","R$ 96,73","R$ 30,73","81,6515","R$ 156,02","R$ 234,60",8146/3
25/07/2026,AHIG0434 - Preto 127V,1,Mercado Livre - FULL,BA,Beleza,"R$ 569,00","R$ 96,73","R$ 30,73","81,6515","R$ 156,02","R$ 234,60",8282/3
27/07/2026,AHIG0434 - Preto 127V,1,Distribuidor,SP,Beleza,"R$ 333,00","R$ 0,00","R$ 0,00","86,4801","R$ 156,02","R$ 90,50",/1
27/07/2026,APGC0677 - Papel 15cm,1,Mercado Livre - Envios,SP,Biossegurança,"R$ 87,00","R$ 14,79","R$ 4,09","12,4845","R$ 0,00","R$ 59,73",8299/3
27/07/2026,AHIG0435 - Preto 220V,1,Mercado Livre - FULL,PE,Beleza,"R$ 569,00","R$ 96,73","R$ 30,73","81,6515","R$ 156,02","R$ 234,60",8298/3
27/07/2026,ASEL0642 - Smart 127V,1,Mercado Livre - Envios,RJ,Biossegurança,"R$ 990,00","R$ 168,30","R$ 46,53","142,065","R$ 365,05","R$ 314,59",8303/3
27/07/2026,"ALUP0421 - Lupa 3,5x",1,Loja Integrada - Pix,SP,Biossegurança,"R$ 287,74","R$ 5,75","R$ 0,00","41,29069","R$ 0,00","R$ 240,69",1065/2
27/07/2026,AHIG0435 - Preto 220V,1,Mercado Livre - FULL,SP,Beleza,"R$ 539,00","R$ 91,63","R$ 29,11","77,3465","R$ 156,02","R$ 214,00",8305/3
28/07/2026,AHIG0434 - Preto 127V,1,Mercado Livre - FULL,MG,Beleza,"R$ 569,00","R$ 96,73","R$ 30,73","81,6515","R$ 156,02","R$ 234,60",8307/3
28/07/2026,APGC0677 - Papel 15cm,1,Mercado Livre - Envios,SP,Biossegurança,"R$ 87,00","R$ 14,79","R$ 4,09","12,4845","R$ 0,00","R$ 59,73",8310/3
28/07/2026,APGC0677 - Papel 15cm,2,Mercado Livre - Envios,SP,Biossegurança,"R$ 174,00","R$ 29,58","R$ 8,18","24,969","R$ 0,00","R$ 119,45",8313/3
28/07/2026,AHIG0839 - Branco 127V,1,Mercado Livre - FULL,MG,Beleza,"R$ 569,00","R$ 96,73","R$ 30,73","81,6515","R$ 156,02","R$ 234,60",8312/3
28/07/2026,AHIG0412 - Roxo 127V,1,Mercado Livre - FULL,ES,Beleza,"R$ 551,93","R$ 93,83","R$ 29,80","79,201955","R$ 156,02","R$ 222,88",8315/3
29/07/2026,"APGC0675 - Papel 7,5cm",10,Mercado Livre - Envios,MG,Biossegurança,"R$ 650,00","R$ 110,50","R$ 30,55","93,275","R$ 0,00","R$ 446,23",8320/3
29/07/2026,APGC0677 - Papel 15cm,1,Mercado Livre - Envios,MG,Biossegurança,"R$ 87,00","R$ 14,79","R$ 4,09","12,4845","R$ 0,00","R$ 59,73",8321/3
30/07/2026,APGC0677 - Papel 15cm,1,Mercado Livre - Envios,MA,Biossegurança,"R$ 87,00","R$ 14,79","R$ 4,09","12,4845","R$ 0,00","R$ 59,73",8332/3
30/07/2026,AHIG0435 - Preto 220V,1,Distribuidor,SP,Beleza,"R$ 333,00","R$ 0,00","R$ 0,00","86,4801","R$ 156,02","R$ 90,50",/1
30/07/2026,AHIG0434 - Preto 127V,2,Distribuidor,SP,Beleza,"R$ 666,00","R$ 0,00","R$ 0,00","172,9602","R$ 312,04","R$ 181,00",/1
30/07/2026,AHIG0839 - Branco 127V,1,Mercado Livre - FULL,MG,Beleza,"R$ 569,00","R$ 96,73","R$ 30,73","81,6515","R$ 156,02","R$ 234,60",8334/3
30/07/2026,AHIG0840 - Branco 220V,1,Mercado Livre - FULL,MG,Beleza,"R$ 569,00","R$ 96,73","R$ 30,73","81,6515","R$ 156,02","R$ 234,60",8329/3
30/07/2026,APGC0677 - Papel 15cm,1,Mercado Livre - Envios,MG,Biossegurança,"R$ 87,00","R$ 14,79","R$ 4,09","12,4845","R$ 0,00","R$ 59,73",8335/3
30/07/2026,APGC0677 - Papel 15cm,1,Mercado Livre - Envios,SP,Biossegurança,"R$ 87,00","R$ 14,79","R$ 4,09","12,4845","R$ 0,00","R$ 59,73",8336/3
31/07/2026,APGC0677 - Papel 15cm,1,Mercado Livre - Envios,SP,Biossegurança,"R$ 87,00","R$ 14,79","R$ 4,09","12,4845","R$ 0,00","R$ 59,73",8338/3
31/07/2026,APGC0677 - Papel 15cm,1,Mercado Livre - Envios,SP,Biossegurança,"R$ 87,00","R$ 14,79","R$ 4,09","12,4845","R$ 0,00","R$ 59,73",8337/3
31/07/2026,AHIG0840 - Branco 220V,1,Mercado Livre - FULL,MG,Beleza,"R$ 569,00","R$ 96,73","R$ 30,73","81,6515","R$ 156,02","R$ 234,60",8340/3
31/07/2026,AHIG0435 - Preto 220V,1,Mercado Livre - FULL,MA,Beleza,"R$ 569,00","R$ 96,73","R$ 30,73","81,6515","R$ 156,02","R$ 234,60",8342/3
15/07/2026,AHIG0435 - Preto 220V,1,Mercado Livre - Envios,CE,Beleza,"R$ 551,93","R$ 93,83","R$ 25,94","79,201955","R$ 156,02","R$ 222,88",8065/3
28/07/2026,AHIG0435 - Preto 220V,1,Loja Integrada - Cartao,SP,Beleza,"R$ 538,59","R$ 21,54","R$ 0,00","77,287665","R$ 156,02","R$ 283,74",1066/2
02/08/2026,AHIG0434 - Preto 127V,1,Mercado Livre - FULL,SP,Beleza,"R$ 569,00","R$ 96,73","R$ 30,73","81,6515","R$ 156,02","R$ 234,60",8344/3
02/08/2026,AHIG0840 - Branco 220V,1,Mercado Livre - FULL,SP,Beleza,"R$ 569,00","R$ 96,73","R$ 30,73","81,6515","R$ 156,02","R$ 234,60",8346/3
03/08/2026,APGC0677 - Papel 15cm,1,Mercado Livre - Envios,AL,Biossegurança,"R$ 87,00","R$ 14,79","R$ 4,09","12,4845","R$ 0,00","R$ 59,73",8347/3
03/08/2026,APGC0677 - Papel 15cm,2,Mercado Livre - Envios,SP,Biossegurança,"R$ 174,00","R$ 29,58","R$ 8,18","24,969","R$ 0,00","R$ 119,45",8348/3
03/08/2026,AHIG0434 - Preto 127V,1,Distribuidor,SP,Beleza,"R$ 333,00","R$ 0,00","R$ 0,00","86,4801","R$ 156,02","R$ 90,50",/1
03/08/2026,AHIG0435 - Preto 220V,1,Mercado Livre - FULL,PE,Beleza,"R$ 569,00","R$ 96,73","R$ 30,73","81,6515","R$ 156,02","R$ 234,60",8350/3
06/08/2026,AHIG0434 - Preto 127V,1,Mercado Livre - FULL,RO,Beleza,"R$ 569,00","R$ 96,73","R$ 30,73","81,6515","R$ 156,02","R$ 234,60",8384/3
06/08/2026,AHIG0434 - Preto 127V,1,Mercado Livre - FULL,RO,Beleza,"R$ 569,00","R$ 96,73","R$ 30,73","81,6515","R$ 156,02","R$ 234,60",8383/3
04/08/2026,AHIG0435 - Preto 220V,1,Distribuidor,SP,Beleza,"R$ 333,00","R$ 0,00","R$ 0,00","86,4801","R$ 156,02","R$ 90,50",/1
03/08/2026,AHIG0435 - Preto 220V,1,Mercado Livre - FULL,BA,Beleza,"R$ 569,00","R$ 96,73","R$ 30,73","81,6515","R$ 156,02","R$ 234,60",8352/3
04/08/2026,AHIG0435 - Preto 220V,1,Loja Integrada - PagSeguro,SP,Beleza,"R$ 593,22",#N/A,"R$ 24,22","85,12707","R$ 156,02",#N/A,1067/2
04/08/2026,"APRF0842 - Proface 3,5x",1,Mercado Livre - FULL,MG,Biossegurança,"R$ 259,00","R$ 44,03","R$ 13,99","37,1665","R$ 68,20","R$ 109,60",8354/3
05/08/2026,AHIG0435 - Preto 220V,1,Distribuidor,SP,Beleza,"R$ 333,00","R$ 0,00","R$ 0,00","86,4801","R$ 156,02","R$ 90,50",/1
05/08/2026,APGC0677 - Papel 15cm,2,Mercado Livre - Envios,MA,Biossegurança,"R$ 220,99","R$ 37,57","R$ 10,39","31,712065","R$ 0,00","R$ 151,71",8362/3
05/08/2026,APGC0677 - Papel 15cm,1,Mercado Livre - Envios,MG,Biossegurança,"R$ 87,00","R$ 14,79","R$ 4,09","12,4845","R$ 0,00","R$ 59,73",8363/3
05/08/2026,"APRF0841 - Proface 2,5x",1,Mercado Livre - FULL,SP,Biossegurança,"R$ 252,00","R$ 42,84","R$ 13,61","36,162","R$ 68,20","R$ 104,80",8361/3
05/08/2026,"APRF0841 - Proface 2,5x",1,Mercado Livre - FULL,SP,Biossegurança,"R$ 252,00","R$ 42,84","R$ 13,61","36,162","R$ 68,20","R$ 104,80",8365/3
05/08/2026,AHIG0435 - Preto 220V,1,Mercado Livre - FULL,MA,Beleza,"R$ 569,00","R$ 96,73","R$ 30,73","81,6515","R$ 156,02","R$ 234,60",8369/3
05/08/2026,AHIG0840 - Branco 220V,1,Mercado Livre - FULL,PA,Beleza,"R$ 569,00","R$ 96,73","R$ 30,73","81,6515","R$ 156,02","R$ 234,60",8367/3
05/08/2026,AHIG0435 - Preto 220V,1,Mercado Livre - FULL,PE,Beleza,"R$ 569,00","R$ 96,73","R$ 30,73","81,6515","R$ 156,02","R$ 234,60",8371/3
05/08/2026,AHIG0435 - Preto 220V,1,Loja Integrada - PagSeguro,SP,Beleza,"R$ 536,32",#N/A,"R$ 24,22","76,96192","R$ 156,02",#N/A,1068/2
05/08/2026,AHIG0840 - Branco 220V,1,Mercado Livre - FULL,RS,Beleza,"R$ 569,00","R$ 96,73","R$ 30,73","81,6515","R$ 156,02","R$ 234,60",8373/3
06/08/2026,APGC0677 - Papel 15cm,1,Mercado Livre - Envios,SP,Biossegurança,"R$ 87,00","R$ 14,79","R$ 4,09","12,4845","R$ 0,00","R$ 59,73",8376/3
06/08/2026,AHIG0840 - Branco 220V,1,Mercado Livre - FULL,RS,Beleza,"R$ 569,00","R$ 96,73","R$ 30,73","81,6515","R$ 156,02","R$ 234,60",8378/3
07/08/2026,APGC0677 - Papel 15cm,1,Mercado Livre - Envios,SC,Biossegurança,"R$ 87,00","R$ 14,79","R$ 4,09","12,4845","R$ 0,00","R$ 59,73",8385/3
10/08/2026,AHIG0435 - Preto 220V,2,Distribuidor,SP,Beleza,"R$ 333,00","R$ 0,00","R$ 0,00","86,4801","R$ 312,04","-R$ 65,52",/1
11/08/2026,AHIG0434 - Preto 127V,2,Distribuidor,SP,Beleza,"R$ 333,00","R$ 0,00","R$ 0,00","86,4801","R$ 312,04","-R$ 65,52",/1
10/08/2026,APGC0677 - Papel 15cm,2,Mercado Livre - Envios,SP,Biossegurança,"R$ 174,00","R$ 29,58","R$ 8,18","24,969","R$ 0,00","R$ 119,45",8394/3
10/08/2026,ASEL0642 - Smart 127V,1,Mercado Livre - Envios,PR,Biossegurança,"R$ 990,00","R$ 168,30","R$ 46,53","142,065","R$ 365,05","R$ 314,59",8396/3
10/08/2026,APGC0677 - Papel 15cm,1,Mercado Livre - Envios,SP,Biossegurança,"R$ 87,00","R$ 14,79","R$ 4,09","12,4845","R$ 0,00","R$ 59,73",8397/3
10/08/2026,APGC0677 - Papel 15cm,1,Mercado Livre - Envios,MG,Biossegurança,"R$ 87,00","R$ 14,79","R$ 4,09","12,4845","R$ 0,00","R$ 59,73",8395/3
09/08/2026,AHIG0435 - Preto 220V,1,Mercado Livre - FULL,SP,Beleza,"R$ 569,00","R$ 96,73","R$ 30,73","81,6515","R$ 156,02","R$ 234,60",8387/3
09/08/2026,AHIG0839 - Branco 127V,1,Mercado Livre - FULL,MG,Beleza,"R$ 569,00","R$ 96,73","R$ 30,73","81,6515","R$ 156,02","R$ 234,60",8389/3
10/08/2026,AHIG0434 - Preto 127V,1,Mercado Livre - FULL,SP,Beleza,"R$ 569,00","R$ 96,73","R$ 30,73","81,6515","R$ 156,02","R$ 234,60",8391/3
10/08/2026,AHIG0412 - Roxo 127V,1,Mercado Livre - FULL,SC,Beleza,"R$ 551,93","R$ 93,83","R$ 29,80","79,201955","R$ 156,02","R$ 222,88",8393/3
10/08/2026,AHIG0434 - Preto 127V,1,Mercado Livre - FULL,PA,Beleza,"R$ 568,99","R$ 96,73","R$ 30,73","81,650065","R$ 156,02","R$ 234,59",8399/3
10/08/2026,AHIG0840 - Branco 220V,1,Mercado Livre - FULL,MS,Beleza,"R$ 569,00","R$ 96,73","R$ 30,73","81,6515","R$ 156,02","R$ 234,60",8401/3
12/08/2026,AHIG0435 - Preto 220V,1,Distribuidor,SP,Beleza,"R$ 333,00","R$ 0,00","R$ 0,00","86,4801","R$ 156,02","R$ 90,50",/1
12/08/2026,AHIG0434 - Preto 127V,3,Distribuidor,SP,Beleza,"R$ 333,00","R$ 0,00","R$ 0,00","86,4801","R$ 468,06","-R$ 221,54",/1
12/08/2026,APGC0677 - Papel 15cm,1,Mercado Livre - Envios,PB,Biossegurança,"R$ 87,00","R$ 14,79","R$ 4,09","12,4845","R$ 0,00","R$ 59,73",8404/3
14/08/2026,AHIG0435 - Preto 220V,1,Distribuidor,SP,Beleza,"R$ 1.332,00","R$ 0,00","R$ 0,00","345,9204","R$ 156,02","R$ 830,06",/1
12/08/2026,APGC0677 - Papel 15cm,1,Mercado Livre - FULL,SP,Biossegurança,"R$ 87,00","R$ 14,79","R$ 4,70","12,4845","R$ 0,00","R$ 59,73",8405/3
13/08/2026,APGC0677 - Papel 15cm,1,Mercado Livre - Envios,PA,Biossegurança,"R$ 87,00","R$ 14,79","R$ 4,09","12,4845","R$ 0,00","R$ 59,73",8411/3
11/08/2026,AHIG0434 - Preto 127V,1,Mercado Livre - FULL,ES,Beleza,"R$ 569,00","R$ 96,73","R$ 30,73","81,6515","R$ 156,02","R$ 234,60",8403/3
12/08/2026,AHIG0412 - Roxo 127V,1,Mercado Livre - FULL,MG,Beleza,"R$ 551,93","R$ 93,83","R$ 29,80","79,201955","R$ 156,02","R$ 222,88",8410/3
12/08/2026,AHIG0435 - Preto 220V,1,Mercado Livre - FULL,SP,Beleza,"R$ 569,00","R$ 96,73","R$ 30,73","81,6515","R$ 156,02","R$ 234,60",8408/3
18/08/2026,AHIG0435 - Preto 220V,2,Distribuidor,SP,Beleza,"R$ 333,00","R$ 0,00","R$ 0,00","86,4801","R$ 312,04","-R$ 65,52",/1
14/08/2026,AHIG0840 - Branco 220V,1,Mercado Livre - FULL,PA,Beleza,"R$ 569,00","R$ 96,73","R$ 30,73","81,6515","R$ 156,02","R$ 234,60",8416/3
14/08/2026,AHIG0840 - Branco 220V,1,Mercado Livre - FULL,MG,Beleza,"R$ 569,00","R$ 96,73","R$ 30,73","81,6515","R$ 156,02","R$ 234,60",8414/3
15/08/2026,AHIG0412 - Roxo 127V,1,Mercado Livre - FULL,CE,Beleza,"R$ 551,93","R$ 93,83","R$ 29,80","79,201955","R$ 156,02","R$ 222,88",8418/3
15/08/2026,AHIG0434 - Preto 127V,1,Mercado Livre - FULL,PE,Beleza,"R$ 569,00","R$ 96,73","R$ 30,73","81,6515","R$ 156,02","R$ 234,60",8520/3
16/08/2026,AHIG0434 - Preto 127V,1,Mercado Livre - FULL,RS,Beleza,"R$ 569,00","R$ 96,73","R$ 30,73","81,6515","R$ 156,02","R$ 234,60",8528/3
16/08/2026,AHIG0434 - Preto 127V,1,Mercado Livre - FULL,CE,Beleza,"R$ 569,00","R$ 96,73","R$ 30,73","81,6515","R$ 156,02","R$ 234,60",8526/3
16/08/2026,AHIG0435 - Preto 220V,1,Mercado Livre - FULL,SC,Beleza,"R$ 569,00","R$ 96,73","R$ 30,73","81,6515","R$ 156,02","R$ 234,60",8530/3
17/08/2026,ALAV0379 - Cuba Ultrassonica 127V,1,Magalu,MG,Biossegurança,"R$ 1.145,00","R$ 169,46","R$ 0,00","164,3075","R$ 343,77","R$ 467,46",1069/2
17/08/2026,ALAV0379 - Cuba Ultrassonica 127V,-1,Magalu,MG,Biossegurança,"-R$ 1.145,00","-R$ 169,46","R$ 0,00","-164,3075","-R$ 343,77","-R$ 467,46",1069/2
18/08/2026,"APRF0841 - Proface 2,5x",1,Mercado Livre - Envios,MT,Biossegurança,"R$ 254,00","R$ 43,18","R$ 11,94","36,449","R$ 68,20","R$ 106,17",8538/3
18/08/2026,"APRF0842 - Proface 3,5x",1,Mercado Livre - Envios,SP,Biossegurança,"R$ 254,00","R$ 43,18","R$ 11,94","36,449","R$ 68,20","R$ 106,17",8537/3
19/08/2026,AHIG0435 - Preto 220V,4,Distribuidor,SP,Beleza,"R$ 666,00","R$ 0,00","R$ 0,00","172,9602","R$ 624,08","-R$ 131,04",/1
17/08/2026,AHIG0435 - Preto 220V,1,Mercado Livre - FULL,BA,Beleza,"R$ 569,00","R$ 96,73","R$ 30,73","81,6515","R$ 156,02","R$ 234,60",8532/3
17/08/2026,AHIG0434 - Preto 127V,1,Mercado Livre - FULL,SP,Beleza,"R$ 569,00","R$ 96,73","R$ 30,73","81,6515","R$ 156,02","R$ 234,60",8534/3
17/08/2026,AHIG0840 - Branco 220V,1,Mercado Livre - FULL,SP,Beleza,"R$ 569,00","R$ 96,73","R$ 30,73","81,6515","R$ 156,02","R$ 234,60",8536/3
18/08/2026,AHIG0839 - Branco 127V,1,Mercado Livre - FULL,SC,Beleza,"R$ 569,00","R$ 96,73","R$ 30,73","81,6515","R$ 156,02","R$ 234,60",8540/3
19/08/2026,APGC0677 - Papel 15cm,2,Mercado Livre - Envios,MA,Biossegurança,"R$ 174,00","R$ 29,58","R$ 8,18","24,969","R$ 0,00","R$ 119,45",8549/3
19/08/2026,APGC0677 - Papel 15cm,1,Mercado Livre - Envios,PE,Biossegurança,"R$ 87,00","R$ 14,79","R$ 4,09","12,4845","R$ 0,00","R$ 59,73",8552/3
19/08/2026,AHIG0435 - Preto 220V,1,Mercado Livre - FULL,BA,Beleza,"R$ 569,00","R$ 96,73","R$ 30,73","81,6515","R$ 156,02","R$ 234,60",8546/3
19/08/2026,AHIG0434 - Preto 127V,1,Mercado Livre - FULL,GO,Beleza,"R$ 569,00","R$ 96,73","R$ 30,73","81,6515","R$ 156,02","R$ 234,60",8548/3
19/08/2026,AHIG0434 - Preto 127V,1,Mercado Livre - FULL,SP,Beleza,"R$ 569,00","R$ 96,73","R$ 30,73","81,6515","R$ 156,02","R$ 234,60",8551/3
20/08/2026,AHIG0435 - Preto 220V,3,Distribuidor,SP,Beleza,"R$ 666,00","R$ 0,00","R$ 0,00","172,9602","R$ 468,06","R$ 24,98",/1
21/08/2026,APGC0677 - Papel 15cm,1,Mercado Livre - Envios,BA,Biossegurança,"R$ 87,00","R$ 14,79","R$ 4,09","12,4845","R$ 0,00","R$ 59,73",8560/3
21/08/2026,APGC0677 - Papel 15cm,1,Mercado Livre - Envios,SP,Biossegurança,"R$ 87,00","R$ 14,79","R$ 4,09","12,4845","R$ 0,00","R$ 59,73",8557/3
20/08/2026,AHIG0434 - Preto 127V,1,Mercado Livre - FULL,SP,Beleza,"R$ 569,00","R$ 96,73","R$ 30,73","81,6515","R$ 156,02","R$ 234,60",8556/3
21/08/2026,AHIG0840 - Branco 220V,1,Mercado Livre - FULL,SP,Beleza,"R$ 569,00","R$ 96,73","R$ 30,73","81,6515","R$ 156,02","R$ 234,60",8559/3
24/08/2026,APGC0677 - Papel 15cm,1,Mercado Livre - Envios,SP,Biossegurança,"R$ 87,00","R$ 14,79","R$ 4,09","12,4845","R$ 0,00","R$ 59,73",8570/3
21/08/2026,AHIG0412 - Roxo 127V,1,Mercado Livre - FULL,SP,Beleza,"R$ 523,48","R$ 88,99","R$ 28,27","75,11938","R$ 156,02","R$ 203,35",8562/3
23/08/2026,AHIG0435 - Preto 220V,1,Mercado Livre - FULL,RO,Beleza,"R$ 569,00","R$ 96,73","R$ 30,73","81,6515","R$ 156,02","R$ 234,60",8564/3
23/08/2026,AHIG0412 - Roxo 127V,1,Mercado Livre - FULL,SP,Beleza,"R$ 569,00","R$ 96,73","R$ 30,73","81,6515","R$ 156,02","R$ 234,60",8566/3
24/08/2026,AHIG0434 - Preto 127V,1,Mercado Livre - FULL,CE,Beleza,"R$ 569,00","R$ 96,73","R$ 30,73","81,6515","R$ 156,02","R$ 234,60",8568/3
24/08/2026,APGC0677 - Papel 15cm,1,Mercado Livre - Envios,PR,Biossegurança,"R$ 87,00","R$ 14,79","R$ 4,09","12,4845","R$ 0,00","R$ 59,73",8569/3
24/08/2026,"APRF0841 - Proface 2,5x",1,Mercado Livre - FULL,AM,Biossegurança,"R$ 278,99","R$ 47,43","R$ 15,07","40,035065","R$ 68,20","R$ 123,33",8572/3
24/08/2026,CTAP1303 - Tampa Roxa,1,Loja Integrada - Cartao,RJ,Beleza,"R$ 48,40","R$ 1,94","R$ 2,27","6,9454","R$ 30,00","R$ 9,52",1070/2
21/08/2026,AHIG0434 - Preto 127V,2,Distribuidor,SP,Beleza,"R$ 666,00","R$ 0,00","R$ 0,00","172,9602","R$ 312,04","R$ 181,00",/1
24/08/2026,AHIG0435 - Preto 220V,3,Distribuidor,SP,Beleza,"R$ 333,00","R$ 0,00","R$ 0,00","86,4801","R$ 468,06","-R$ 221,54",/1
24/08/2026,AHIG0435 - Preto 220V,1,Magalu,SP,Beleza,"R$ 529,17","R$ 78,32","R$ 0,00","75,935895","R$ 156,02","R$ 218,90",1071/2
25/08/2026,APGC0677 - Papel 15cm,1,Mercado Livre - Envios,BA,Biossegurança,"R$ 87,00","R$ 14,79","R$ 4,09","12,4845","R$ 0,00","R$ 59,73",8577/3
25/08/2026,AHIG0434 - Preto 127V,1,Mercado Livre - FULL,ES,Beleza,"R$ 569,00","R$ 96,73","R$ 30,73","81,6515","R$ 156,02","R$ 234,60",8579/3
26/08/2026,APRF0843 - Proface sem lupa,1,Mercado Livre - FULL,BA,Biossegurança,"R$ 129,00","R$ 21,93","R$ 6,97","18,5115","R$ 45,72","R$ 42,84",8581/3
30/08/2026,AHIG0412 - Roxo 127V,1,Mercado Livre - FULL,CE,Beleza,"R$ 556,47","R$ 94,60","R$ 30,05","79,853445","R$ 156,02","R$ 226,00",8610/3
26/08/2026,AHIG0839 - Branco 127V,1,Mercado Livre - FULL,RS,Beleza,"R$ 569,00","R$ 96,73","R$ 30,73","81,6515","R$ 156,02","R$ 234,60",8583/3
27/08/2026,AHIG0435 - Preto 220V,1,Magalu,PE,Beleza,"R$ 569,00","R$ 84,21","R$ 0,00","81,6515","R$ 156,02","R$ 247,12",1072/2
26/08/2026,AHIG0434 - Preto 127V,1,Mercado Livre - FULL,RJ,Beleza,"R$ 569,00","R$ 96,73","R$ 30,73","81,6515","R$ 156,02","R$ 234,60",8587/3
27/08/2026,AHIG0434 - Preto 127V,1,Mercado Livre - FULL,RJ,Beleza,"R$ 569,00","R$ 96,73","R$ 30,73","81,6515","R$ 156,02","R$ 234,60",8591/3
27/08/2026,"APRF0842 - Proface 3,5x",1,Mercado Livre - FULL,SP,Biossegurança,"R$ 240,61","R$ 40,90","R$ 12,99","34,527535","R$ 68,20","R$ 96,98",8594/3
31/08/2026,APGC0677 - Papel 15cm,1,Mercado Livre - Envios,MT,Biossegurança,"R$ 87,00","R$ 14,79","R$ 4,09","12,4845","R$ 0,00","R$ 59,73",8616/3
27/08/2026,AHIG0435 - Preto 220V,1,Mercado Livre - FULL,BA,Beleza,"R$ 569,00","R$ 96,73","R$ 30,73","81,6515","R$ 156,02","R$ 234,60",8600/3
29/08/2026,AHIG0840 - Branco 220V,1,Mercado Livre - FULL,GO,Beleza,"R$ 569,00","R$ 96,73","R$ 30,73","81,6515","R$ 156,02","R$ 234,60",8602/3
29/08/2026,AHIG0434 - Preto 127V,1,Mercado Livre - FULL,PA,Beleza,"R$ 569,00","R$ 96,73","R$ 30,73","81,6515","R$ 156,02","R$ 234,60",8604/3
29/08/2026,AHIG0412 - Roxo 127V,1,Mercado Livre - FULL,PR,Beleza,"R$ 523,48","R$ 88,99","R$ 28,27","75,11938","R$ 156,02","R$ 203,35",8606/3
30/08/2026,AHIG0412 - Roxo 127V,1,Mercado Livre - FULL,SP,Beleza,"R$ 523,48","R$ 88,99","R$ 28,27","75,11938","R$ 156,02","R$ 203,35",8608/3
31/08/2026,"APRF0841 - Proface 2,5x",1,Mercado Livre - Envios,MG,Biossegurança,"R$ 254,00","R$ 43,18","R$ 11,94","36,449","R$ 68,20","R$ 106,17",8615/3
30/08/2026,AHIG0840 - Branco 220V,1,Mercado Livre - FULL,RJ,Beleza,"R$ 569,00","R$ 96,73","R$ 30,73","81,6515","R$ 156,02","R$ 234,60",8612/3
30/08/2026,AHIG0434 - Preto 127V,1,Mercado Livre - FULL,RJ,Beleza,"R$ 569,00","R$ 96,73","R$ 30,73","81,6515","R$ 156,02","R$ 234,60",8614/3
31/08/2026,AHIG0435 - Preto 220V,1,Mercado Livre - FULL,PA,Beleza,"R$ 569,00","R$ 96,73","R$ 30,73","81,6515","R$ 156,02","R$ 234,60",8620/3
31/08/2026,AHIG0435 - Preto 220V,1,Mercado Livre - FULL,PA,Beleza,"R$ 569,00","R$ 96,73","R$ 30,73","81,6515","R$ 156,02","R$ 234,60",8618/3
31/08/2026,AHIG0840 - Branco 220V,1,Mercado Livre - FULL,MG,Beleza,"R$ 569,00","R$ 96,73","R$ 30,73","81,6515","R$ 156,02","R$ 234,60",8622/3
31/08/2026,AHIG0435 - Preto 220V,1,Mercado Livre - FULL,SC,Beleza,"R$ 569,00","R$ 96,73","R$ 30,73","81,6515","R$ 156,02","R$ 234,60",8624/3